subset,file,label,fold,Handcrafted + LR,Handcrafted + RF,Handcrafted + HGB,Char TF-IDF + LR,Ensemble (TF-IDF LR + RF)
malicious_pure,1.ps1,1,2,0.9997955165214705,1.0,0.9999999908049629,0.9995298385620117,0.9997649192810059
malicious_pure,10.ps1,1,4,0.9814302575289588,1.0,0.9999999490205292,0.9956110119819641,0.9978055059909821
malicious_pure,100.ps1,1,3,0.9999765354315038,1.0,0.999999975986024,0.9997497200965881,0.9998748600482941
malicious_pure,1000.ps1,1,3,0.9821010018718858,1.0,0.9999999063401911,0.998047947883606,0.999023973941803
malicious_pure,1001.ps1,1,1,0.9992514361573085,1.0,0.9999999935636188,0.9981708526611328,0.9990854263305664
malicious_pure,1002.ps1,1,4,0.9992610506570357,1.0,0.9999999860705706,0.9996625185012817,0.9998312592506409
malicious_pure,1003.ps1,1,0,0.9991661411003857,1.0,0.9999999853822292,0.9999839067459106,0.9999919533729553
malicious_pure,1004.ps1,1,2,0.9985738887289933,1.0,0.9999999861011963,0.9997257590293884,0.9998628795146942
malicious_pure,1005.ps1,1,0,0.9991435640070484,1.0,0.9999999853822292,0.9999794960021973,0.9999897480010986
malicious_pure,1006.ps1,1,2,0.9997928494722325,1.0,0.9999999908049629,0.9995251893997192,0.9997625946998596
malicious_pure,1007.ps1,1,3,0.9994753290307995,1.0,0.9999999922078003,0.9987058639526367,0.9993529319763184
malicious_pure,1008.ps1,1,0,0.9991587777657455,1.0,0.9999999853822292,0.9999834299087524,0.9999917149543762
malicious_pure,1009.ps1,1,3,0.9823097344165936,1.0,0.999999906688982,0.9981681108474731,0.9990840554237366
malicious_pure,101.ps1,1,3,0.9994384276511212,1.0,0.9999999918867685,0.9995669722557068,0.9997834861278534
malicious_pure,1010.ps1,1,4,0.9976582416464639,1.0,0.9999990112351369,0.9909422993659973,0.9954711496829987
malicious_pure,1011.ps1,1,3,0.9821039285606916,1.0,0.9999999502920918,0.9972206354141235,0.9986103177070618
malicious_pure,1012.ps1,1,4,0.9978301255077701,1.0,0.9999993711127564,0.9894424676895142,0.9947212338447571
malicious_pure,1013.ps1,1,2,0.9986073750894586,1.0,0.999999977390864,0.9997202754020691,0.9998601377010345
malicious_pure,1014.ps1,1,0,0.9991659970113393,1.0,0.9999999853822292,0.999983549118042,0.999991774559021
malicious_pure,1015.ps1,1,3,0.9994365898524489,1.0,0.9999999918867685,0.9995669722557068,0.9997834861278534
malicious_pure,1016.ps1,1,1,0.9992403080153188,1.0,0.9999999935636188,0.9977670907974243,0.9988835453987122
malicious_pure,1017.ps1,1,4,0.9861355197271718,1.0,0.9999999769677866,0.9972654581069946,0.9986327290534973
malicious_pure,1018.ps1,1,3,0.9839166830629801,1.0,0.9999999162084848,0.9982397556304932,0.9991198778152466
malicious_pure,1019.ps1,1,2,0.999796285516742,1.0,0.9999999908049629,0.9995229244232178,0.9997614622116089
malicious_pure,102.ps1,1,0,0.9991618585615999,1.0,0.9999999853822292,0.9999831914901733,0.9999915957450867
malicious_pure,1023.ps1,1,2,0.9636644948759204,1.0,0.9999990623147523,0.9987691044807434,0.9993845522403717
malicious_pure,1024.ps1,1,0,0.9991441357132079,1.0,0.9999999853822292,0.9999792575836182,0.9999896287918091
malicious_pure,1025.ps1,1,2,0.9997929697815899,1.0,0.9999999908049629,0.9995262622833252,0.9997631311416626
malicious_pure,1026.ps1,1,3,0.9993495815850499,0.9466666666666667,0.9999995074654803,0.9989674091339111,0.972817037900289
malicious_pure,1028.ps1,1,3,0.9994383494096046,1.0,0.9999999918867685,0.9995673298835754,0.9997836649417877
malicious_pure,103.ps1,1,1,0.9992492018457882,1.0,0.9999999935636188,0.9979031085968018,0.9989515542984009
malicious_pure,1030.ps1,1,3,0.9994372839758929,1.0,0.9999999918867685,0.99956876039505,0.999784380197525
malicious_pure,1031.ps1,1,1,0.9992419632730846,1.0,0.9999999935636188,0.9981599450111389,0.9990799725055695
malicious_pure,1032.ps1,1,2,0.999794023594768,1.0,0.9999999908049629,0.9995367527008057,0.9997683763504028
malicious_pure,1034.ps1,1,1,0.9992311747757857,1.0,0.9999999935636188,0.997710108757019,0.9988550543785095
malicious_pure,1035.ps1,1,2,0.9991559854759762,1.0,0.9999999511244533,0.9997443556785583,0.9998721778392792
malicious_pure,1037.ps1,1,4,0.9091088539294834,0.9966666666666667,0.9999998994577558,0.9948927164077759,0.9957796915372212
malicious_pure,1038.ps1,1,0,0.9991379737124257,1.0,0.9999999853822292,0.9999791383743286,0.9999895691871643
malicious_pure,1039.ps1,1,0,0.9991617790090656,1.0,0.9999999853822292,0.9999833106994629,0.9999916553497314
malicious_pure,104.ps1,1,4,0.9998208633685829,0.99,0.9999998698874624,0.9908255934715271,0.9904127967357635
malicious_pure,1040.ps1,1,2,0.9667556154368073,1.0,0.999999744875393,0.9979460835456848,0.9989730417728424
malicious_pure,1042.ps1,1,0,0.9991667448846188,1.0,0.9999999801232897,0.9999828338623047,0.9999914169311523
malicious_pure,1043.ps1,1,0,0.9991872954323936,1.0,0.9999999801232897,0.9999816417694092,0.9999908208847046
malicious_pure,1044.ps1,1,1,0.9992363467362264,1.0,0.9999999935636188,0.9978851675987244,0.9989425837993622
malicious_pure,1045.ps1,1,0,0.9991640691099731,1.0,0.9999999853822292,0.9999834299087524,0.9999917149543762
malicious_pure,1047.ps1,1,4,0.9992210841672383,1.0,0.9999999840565656,0.999670147895813,0.9998350739479065
malicious_pure,1049.ps1,1,3,0.18271303753772639,0.22666666666666666,0.03139927113385059,0.4075286090373993,0.317097637852033
malicious_pure,105.ps1,1,3,0.9994657251699882,1.0,0.9999999641363029,0.9991518259048462,0.9995759129524231
malicious_pure,1051.ps1,1,2,0.9997961227536136,1.0,0.9999999908049629,0.9995310306549072,0.9997655153274536
malicious_pure,1052.ps1,1,2,0.8633522924689397,0.9966666666666667,0.9999999444086398,0.9961451292037964,0.9964058979352315
malicious_pure,1053.ps1,1,2,0.9997974334584968,1.0,0.9999999908049629,0.9995230436325073,0.9997615218162537
malicious_pure,1054.ps1,1,4,0.944763575876383,0.99,0.9999999724229812,0.9978742599487305,0.9939371299743652
malicious_pure,1055.ps1,1,2,0.9295875464657234,0.96,0.999999155437831,0.9970433115959167,0.9785216557979584
malicious_pure,1056.ps1,1,3,0.9994393109922797,1.0,0.9999999918867685,0.9995725750923157,0.9997862875461578
malicious_pure,1058.ps1,1,1,0.999240587051176,1.0,0.9999999935636188,0.997857391834259,0.9989286959171295
malicious_pure,1059.ps1,1,4,0.9997488883525631,1.0,0.9999999952935579,0.9998589754104614,0.9999294877052307
malicious_pure,1060.ps1,1,0,0.9991685871548658,1.0,0.9999999853822292,0.9999836683273315,0.9999918341636658
malicious_pure,1061.ps1,1,4,0.9991010318552163,1.0,0.999999986118218,0.9987903237342834,0.9993951618671417
malicious_pure,1062.ps1,1,0,0.9991608077975209,1.0,0.9999999853822292,0.9999833106994629,0.9999916553497314
malicious_pure,1063.ps1,1,1,0.9992330398857279,1.0,0.9999999935636188,0.9979621171951294,0.9989810585975647
malicious_pure,1064.ps1,1,0,0.9991650431849197,1.0,0.9999999853822292,0.999983549118042,0.999991774559021
malicious_pure,1068.ps1,1,4,0.9934560581270556,0.9966666666666667,0.9999993563087626,0.9955418705940247,0.9961042686303456
malicious_pure,1069.ps1,1,0,0.9991876479543004,1.0,0.9999999801232897,0.9999830722808838,0.9999915361404419
malicious_pure,1070.ps1,1,0,0.9991643714755428,1.0,0.9999999853822292,0.9999836683273315,0.9999918341636658
malicious_pure,1071.ps1,1,0,0.999161862108523,1.0,0.9999999853822292,0.9999833106994629,0.9999916553497314
malicious_pure,1072.ps1,1,1,0.9992488449588159,1.0,0.9999999935636188,0.9979446530342102,0.9989723265171051
malicious_pure,1078.ps1,1,0,0.9991689822009387,1.0,0.9999999853822292,0.9999834299087524,0.9999917149543762
malicious_pure,108.ps1,1,4,0.9852412048089745,1.0,0.9999999482949524,0.9967952370643616,0.9983976185321808
malicious_pure,1080.ps1,1,2,0.9798377409661119,0.9966666666666667,0.9999997802331656,0.9987150430679321,0.9976908548672994
malicious_pure,1081.ps1,1,0,0.9991665527039095,1.0,0.9999999853822292,0.9999836683273315,0.9999918341636658
malicious_pure,1083.ps1,1,3,0.9985135612133554,1.0,0.9999999911230412,0.9984906911849976,0.9992453455924988
malicious_pure,1084.ps1,1,4,0.9991720312865303,1.0,0.9999999840565656,0.9995716214179993,0.9997858107089996
malicious_pure,1086.ps1,1,2,0.9997932597596544,1.0,0.9999999908049629,0.9995321035385132,0.9997660517692566
malicious_pure,1087.ps1,1,4,0.9997485256331492,1.0,0.9999999952935579,0.9998612403869629,0.9999306201934814
malicious_pure,1088.ps1,1,4,0.9992109794051792,1.0,0.999999986118218,0.9986967444419861,0.999348372220993
malicious_pure,1089.ps1,1,0,0.9991606014108786,1.0,0.9999999853822292,0.9999834299087524,0.9999917149543762
malicious_pure,1092.ps1,1,4,0.8857473058180343,0.9666666666666667,0.9999962189795506,0.9851846694946289,0.9759256680806478
malicious_pure,1093.ps1,1,0,0.9991601124544675,1.0,0.9999999853822292,0.9999834299087524,0.9999917149543762
malicious_pure,1095.ps1,1,1,0.9992214126408582,1.0,0.9999999935636188,0.9978938698768616,0.9989469349384308
malicious_pure,1096.ps1,1,0,0.999166112822259,1.0,0.9999999853822292,0.9999836683273315,0.9999918341636658
malicious_pure,1098.ps1,1,0,0.9991613012772904,1.0,0.9999999853822292,0.9999834299087524,0.9999917149543762
malicious_pure,1099.ps1,1,0,0.9991640691099731,1.0,0.9999999853822292,0.999983549118042,0.999991774559021
malicious_pure,11.ps1,1,4,0.9909246698857365,0.9666666666666667,0.9999999765007236,0.9941920638084412,0.980429365237554
malicious_pure,110.ps1,1,0,0.9991620949940594,1.0,0.9999999853822292,0.9999829530715942,0.9999914765357971
malicious_pure,1101.ps1,1,3,0.9994453341995416,1.0,0.9999999918867685,0.9995778203010559,0.999788910150528
malicious_pure,1102.ps1,1,2,0.9996014093560758,0.5466666666666666,0.9998239499287004,0.3119904398918152,0.4293285532792409
malicious_pure,1103.ps1,1,3,0.9772091015574067,0.9666666666666667,0.9999995266140651,0.9966803789138794,0.9816735227902731
malicious_pure,1105.ps1,1,3,0.9982061240895771,0.9833333333333333,0.9999997663200106,0.9939382076263428,0.9886357704798381
malicious_pure,1107.ps1,1,1,0.9968761131131784,1.0,0.999999796366492,0.9969128370285034,0.9984564185142517
malicious_pure,1108.ps1,1,4,0.9991959716682709,1.0,0.9999999853453223,0.9987127780914307,0.9993563890457153
malicious_pure,1110.ps1,1,3,0.9991985899460923,1.0,0.9999999860249018,0.9983816146850586,0.9991908073425293
malicious_pure,1113.ps1,1,1,0.9992581526533684,1.0,0.9999999935636188,0.9973847270011902,0.9986923635005951
malicious_pure,1115.ps1,1,0,0.9991588445444234,1.0,0.9999999853822292,0.9999833106994629,0.9999916553497314
malicious_pure,1117.ps1,1,0,0.9992011345398958,1.0,0.9999999801232897,0.9999829530715942,0.9999914765357971
malicious_pure,1118.ps1,1,3,0.9611087516630836,0.9866666666666667,0.9999994871107286,0.9867677092552185,0.9867171879609427
malicious_pure,1119.ps1,1,0,0.9991617390312145,1.0,0.9999999853822292,0.9999836683273315,0.9999918341636658
malicious_pure,112.ps1,1,4,0.9821853353531472,1.0,0.9999999447992151,0.9961715340614319,0.9980857670307159
malicious_pure,1120.ps1,1,0,0.9991591417984117,1.0,0.9999999853822292,0.999983549118042,0.999991774559021
malicious_pure,1123.ps1,1,0,0.9991610128105974,1.0,0.9999999853822292,0.999983549118042,0.999991774559021
malicious_pure,1125.ps1,1,3,0.9979294074762921,1.0,0.9999997624223238,0.9952036142349243,0.9976018071174622
malicious_pure,1126.ps1,1,4,0.9636799233162177,1.0,0.9999996542127793,0.9932624697685242,0.9966312348842621
malicious_pure,1127.ps1,1,4,0.999198881250099,1.0,0.9999999815193269,0.9994521737098694,0.9997260868549347
malicious_pure,1128.ps1,1,1,0.999200948285617,1.0,0.9999999935636188,0.9980487823486328,0.9990243911743164
malicious_pure,1129.ps1,1,4,0.9588380498531222,1.0,0.999999880451308,0.9963555335998535,0.9981777667999268
malicious_pure,113.ps1,1,0,0.9991625823137144,1.0,0.9999999853822292,0.9999833106994629,0.9999916553497314
malicious_pure,1131.ps1,1,2,0.8986161981499677,1.0,0.9999998049828617,0.9987653493881226,0.9993826746940613
malicious_pure,1132.ps1,1,3,0.9994777615914758,1.0,0.9999999654083153,0.9987528324127197,0.9993764162063599
malicious_pure,1135.ps1,1,1,0.9992551391954781,1.0,0.9999999935636188,0.9980079531669617,0.9990039765834808
malicious_pure,1136.ps1,1,0,0.9991648577937524,1.0,0.9999999853822292,0.9999836683273315,0.9999918341636658
malicious_pure,1137.ps1,1,1,0.9992284611571812,1.0,0.9999999935636188,0.9978746175765991,0.9989373087882996
malicious_pure,1138.ps1,1,0,0.9991725984289024,1.0,0.9999999853822292,0.9999839067459106,0.9999919533729553
malicious_pure,1139.ps1,1,0,0.9991662765300539,1.0,0.9999999853822292,0.9999836683273315,0.9999918341636658
malicious_pure,1140.ps1,1,4,0.9872566739992921,0.9633333333333334,0.999998204387757,0.99391770362854,0.9786255184809367
malicious_pure,1142.ps1,1,2,0.48032949493601257,0.9366666666666666,0.9999908140137688,0.9825868010520935,0.95962673385938
malicious_pure,1144.ps1,1,0,0.9991480154844132,1.0,0.9999999853822292,0.9999797344207764,0.9999898672103882
malicious_pure,1145.ps1,1,0,0.9991610101805539,1.0,0.9999999853822292,0.999983549118042,0.999991774559021
malicious_pure,1146.ps1,1,3,0.9589243684514279,1.0,0.9999999384473293,0.9948989748954773,0.9974494874477386
malicious_pure,1148.ps1,1,3,0.9994777011350386,1.0,0.9999999641363029,0.9989235997200012,0.9994617998600006
malicious_pure,1149.ps1,1,4,0.9992253666373737,1.0,0.9999999840565656,0.9996738433837891,0.9998369216918945
malicious_pure,1150.ps1,1,2,0.9237601054575825,0.9766666666666667,0.9999997916051923,0.9352980852127075,0.955982375939687
malicious_pure,1154.ps1,1,4,0.9992050085525384,1.0,0.9999999840565656,0.9996756315231323,0.9998378157615662
malicious_pure,1156.ps1,1,1,0.9992457062769188,1.0,0.9999999935636188,0.9978561997413635,0.9989280998706818
malicious_pure,1157.ps1,1,4,0.9787667557211858,0.9566666666666667,0.9999989214572154,0.9941891431808472,0.9754279049237569
malicious_pure,1158.ps1,1,1,0.9992213926976996,1.0,0.9999999935636188,0.998231828212738,0.999115914106369
malicious_pure,1159.ps1,1,2,0.9997942092278476,1.0,0.9999999908049629,0.9995309114456177,0.9997654557228088
malicious_pure,116.ps1,1,2,0.9997950459954881,1.0,0.9999999908049629,0.9995388984680176,0.9997694492340088
malicious_pure,1160.ps1,1,4,0.9962676511771998,1.0,0.9999996952238298,0.9516538381576538,0.9758269190788269
malicious_pure,1162.ps1,1,1,0.999285832677624,1.0,0.9999999935636188,0.9981769323348999,0.99908846616745
malicious_pure,1163.ps1,1,4,0.9994095830657309,1.0,0.9999999029878436,0.9994161128997803,0.9997080564498901
malicious_pure,1164.ps1,1,0,0.9991798308476697,1.0,0.9999999801232897,0.9999829530715942,0.9999914765357971
malicious_pure,1167.ps1,1,0,0.9991646520416552,1.0,0.9999999853822292,0.9999834299087524,0.9999917149543762
malicious_pure,1169.ps1,1,0,0.9991699295308608,1.0,0.9999999853822292,0.9999836683273315,0.9999918341636658
malicious_pure,1170.ps1,1,0,0.9991740013302598,1.0,0.9999999853822292,0.999983549118042,0.999991774559021
malicious_pure,1171.ps1,1,1,0.9991945688080175,1.0,0.9999999935636188,0.9978933930397034,0.9989466965198517
malicious_pure,1173.ps1,1,3,0.9852338469647384,1.0,0.9999999087623793,0.9981911778450012,0.9990955889225006
malicious_pure,1176.ps1,1,3,0.9994754872866242,1.0,0.9999998830334297,0.9994348883628845,0.9997174441814423
malicious_pure,1178.ps1,1,3,0.9994618261962431,1.0,0.9999999923630903,0.999568521976471,0.9997842609882355
malicious_pure,118.ps1,1,0,0.9991618344751576,1.0,0.9999999853822292,0.9999834299087524,0.9999917149543762
malicious_pure,1180.ps1,1,0,0.9991380671131638,1.0,0.9999999853822292,0.9999790191650391,0.9999895095825195
malicious_pure,1181.ps1,1,4,0.9992228901235255,1.0,0.9999999840565656,0.9996765851974487,0.9998382925987244
malicious_pure,1183.ps1,1,2,0.8860188351864678,1.0,0.9999998924383209,0.9987720847129822,0.9993860423564911
malicious_pure,1188.ps1,1,2,0.9997923387448392,1.0,0.9999999908049629,0.999528169631958,0.999764084815979
malicious_pure,1189.ps1,1,1,0.9992480580249615,1.0,0.9999999935636188,0.9981951117515564,0.9990975558757782
malicious_pure,119.ps1,1,4,0.9585694266317539,1.0,0.9999999671661817,0.9970349073410034,0.9985174536705017
malicious_pure,1192.ps1,1,0,0.9991355643490877,1.0,0.9999999853822292,0.99997878074646,0.99998939037323
malicious_pure,1194.ps1,1,2,0.9998595084772566,0.9933333333333333,0.9999997534333434,0.9989344477653503,0.9961338905493418
malicious_pure,1196.ps1,1,0,0.9872449637644297,0.8366666666666667,0.9999821589130691,0.9999686479568481,0.9183176573117574
malicious_pure,1199.ps1,1,2,0.9933593751978557,1.0,0.9999996640747804,0.9995859265327454,0.9997929632663727
malicious_pure,12.ps1,1,0,0.999166778157902,1.0,0.9999999853822292,0.9999834299087524,0.9999917149543762
malicious_pure,1200.ps1,1,2,0.984196093739113,0.9933333333333333,0.999999986588122,0.9990239143371582,0.9961786238352457
malicious_pure,1203.ps1,1,0,0.9991707209383721,1.0,0.9999999853822292,0.999983549118042,0.999991774559021
malicious_pure,1206.ps1,1,1,0.9779170723981813,1.0,0.9999999623771777,0.9946542978286743,0.9973271489143372
malicious_pure,1208.ps1,1,3,0.9983493870929697,1.0,0.999999971326004,0.9985479712486267,0.9992739856243134
malicious_pure,1209.ps1,1,3,0.9999767816670792,1.0,0.9999999746545367,0.9997977614402771,0.9998988807201385
malicious_pure,121.ps1,1,0,0.99915407706515,1.0,0.9999999853822292,0.9999833106994629,0.9999916553497314
malicious_pure,1212.ps1,1,3,0.9995129175084208,0.9966666666666667,0.999999577520049,0.9992262125015259,0.9979464395840962
malicious_pure,1215.ps1,1,3,0.9957342692828984,1.0,0.9999999765044026,0.9964489936828613,0.9982244968414307
malicious_pure,1216.ps1,1,3,0.9999031588232935,0.9933333333333333,0.9999999327686265,0.9502864480018616,0.9718098906675974
malicious_pure,1217.ps1,1,0,0.9991386393336356,1.0,0.9999999853822292,0.9999788999557495,0.9999894499778748
malicious_pure,1219.ps1,1,2,0.9997963417101996,1.0,0.9999999908049629,0.9995287656784058,0.9997643828392029
malicious_pure,1220.ps1,1,1,0.999268687380708,1.0,0.9999999935636188,0.9978882670402527,0.9989441335201263
malicious_pure,1222.ps1,1,3,0.9994360405628843,1.0,0.9999999918867685,0.9995632767677307,0.9997816383838654
malicious_pure,1223.ps1,1,2,0.955434382603882,0.99,0.9999999909441394,0.9927928447723389,0.9913964223861694
malicious_pure,1224.ps1,1,3,0.9972772063907769,1.0,0.9999999903884279,0.9978004097938538,0.9989002048969269
malicious_pure,1226.ps1,1,2,0.9997922848742689,1.0,0.9999999908049629,0.9995375871658325,0.9997687935829163
malicious_pure,1229.ps1,1,0,0.999165699020368,1.0,0.9999999853822292,0.9999834299087524,0.9999917149543762
malicious_pure,1231.ps1,1,4,0.9493555190767462,0.9966666666666667,0.9999999766026643,0.9898826479911804,0.9932746573289235
malicious_pure,1232.ps1,1,2,0.999468098785955,1.0,0.9999999770500244,0.9997349381446838,0.9998674690723419
malicious_pure,1238.ps1,1,0,0.9991671613639098,1.0,0.9999999853822292,0.9999834299087524,0.9999917149543762
malicious_pure,124.ps1,1,3,0.9465667874952791,1.0,0.999999992752062,0.9960187077522278,0.9980093538761139
malicious_pure,1241.ps1,1,0,0.9991641095372592,1.0,0.9999999853822292,0.9999834299087524,0.9999917149543762
malicious_pure,1242.ps1,1,4,0.9873646115578438,0.96,0.9999928331565129,0.9932552576065063,0.9766276288032532
malicious_pure,1244.ps1,1,2,0.995299662644258,1.0,0.9999994997574948,0.9960659146308899,0.998032957315445
malicious_pure,1245.ps1,1,2,0.9848592659869628,1.0,0.9999998512253022,0.9987081289291382,0.9993540644645691
malicious_pure,1248.ps1,1,0,0.9991635308756743,1.0,0.9999999853822292,0.9999836683273315,0.9999918341636658
malicious_pure,1249.ps1,1,0,0.9991635794181737,1.0,0.9999999853822292,0.9999833106994629,0.9999916553497314
malicious_pure,1251.ps1,1,1,0.9991974087237184,1.0,0.9999999935636188,0.9975402355194092,0.9987701177597046
malicious_pure,1252.ps1,1,0,0.9991687998364878,1.0,0.9999999853822292,0.9999837875366211,0.9999918937683105
malicious_pure,1253.ps1,1,3,0.9994364963234021,1.0,0.9999999918867685,0.9995682835578918,0.9997841417789459
malicious_pure,1254.ps1,1,4,0.999198376477644,1.0,0.9999999840565656,0.9996789693832397,0.9998394846916199
malicious_pure,1255.ps1,1,1,0.9992101736410488,1.0,0.9999999935636188,0.9975649118423462,0.9987824559211731
malicious_pure,1259.ps1,1,0,0.9991914031219202,1.0,0.9999999801232897,0.999982476234436,0.999991238117218
malicious_pure,126.ps1,1,3,0.998531642025018,1.0,0.9999999791627097,0.9983997941017151,0.9991998970508575
malicious_pure,1260.ps1,1,0,0.99916116170742,1.0,0.9999999853822292,0.9999833106994629,0.9999916553497314
malicious_pure,1261.ps1,1,3,0.685868802335001,0.38333333333333336,0.03039618964240396,0.7371914982795715,0.5602624158064524
malicious_pure,1264.ps1,1,3,0.9587947821795146,1.0,0.999999978012615,0.997000515460968,0.998500257730484
malicious_pure,1265.ps1,1,0,0.9991380056848239,1.0,0.9999999853822292,0.9999790191650391,0.9999895095825195
malicious_pure,1268.ps1,1,4,0.9991811329872293,1.0,0.999999986118218,0.9986487030982971,0.9993243515491486
malicious_pure,1269.ps1,1,3,0.9095801243845646,1.0,0.9999998004531075,0.9935793876647949,0.9967896938323975
malicious_pure,1270.ps1,1,4,0.999242214226066,1.0,0.9999999864917979,0.9996616840362549,0.9998308420181274
malicious_pure,1273.ps1,1,4,0.7545621498107716,0.5066666666666667,0.14136961038668694,0.13483574986457825,0.3207512082656225
malicious_pure,1278.ps1,1,0,0.9991436029154852,1.0,0.9999999853822292,0.9999794960021973,0.9999897480010986
malicious_pure,128.ps1,1,0,0.9991631567238238,1.0,0.9999999853822292,0.9999831914901733,0.9999915957450867
malicious_pure,1282.ps1,1,3,0.9994973437759607,1.0,0.9999999715140439,0.9988262057304382,0.9994131028652191
malicious_pure,1283.ps1,1,3,0.9994579926025488,1.0,0.9999999923630903,0.9990342855453491,0.9995171427726746
malicious_pure,1286.ps1,1,2,0.9997946003337516,1.0,0.9999999908049629,0.9995385408401489,0.9997692704200745
malicious_pure,1287.ps1,1,2,0.9592745050243103,0.9933333333333333,0.9999978021197194,0.9982836246490479,0.9958084789911905
malicious_pure,1288.ps1,1,3,0.9595247448122182,1.0,0.9999996880242982,0.9960615038871765,0.9980307519435883
malicious_pure,1289.ps1,1,2,0.999794930268353,1.0,0.9999999908049629,0.9995393753051758,0.9997696876525879
malicious_pure,1290.ps1,1,3,0.9994339264647237,1.0,0.9999999918867685,0.9995701909065247,0.9997850954532623
malicious_pure,1292.ps1,1,3,0.9994357036613778,1.0,0.9999999918867685,0.9995754361152649,0.9997877180576324
malicious_pure,1294.ps1,1,3,0.999437127345129,1.0,0.9999999918867685,0.9995726943016052,0.9997863471508026
malicious_pure,1296.ps1,1,3,0.9994778116134904,1.0,0.9999999922078003,0.9987497329711914,0.9993748664855957
malicious_pure,1297.ps1,1,3,0.9523499745878525,1.0,0.9999999615629059,0.9933803081512451,0.9966901540756226
malicious_pure,1299.ps1,1,1,0.9992356884537175,1.0,0.9999999935636188,0.9980035424232483,0.9990017712116241
malicious_pure,13.ps1,1,0,0.9991408988252681,1.0,0.9999999853822292,0.9999792575836182,0.9999896287918091
malicious_pure,130.ps1,1,1,0.9992778112969517,1.0,0.9999999935636188,0.997962236404419,0.9989811182022095
malicious_pure,1300.ps1,1,4,0.9865325241586281,0.93,0.9999916237141697,0.984317421913147,0.9571587109565736
malicious_pure,1302.ps1,1,1,0.9992674199249882,1.0,0.9999999935636188,0.997718095779419,0.9988590478897095
malicious_pure,1303.ps1,1,0,0.9991383960588327,1.0,0.9999999853822292,0.9999790191650391,0.9999895095825195
malicious_pure,1304.ps1,1,3,0.9999138795819633,1.0,0.9999999919748449,0.9994161128997803,0.9997080564498901
malicious_pure,1305.ps1,1,3,0.9994798528699533,1.0,0.9999999918991481,0.9985746145248413,0.9992873072624207
malicious_pure,1307.ps1,1,0,0.9992036628708182,1.0,0.9999999801232897,0.9999827146530151,0.9999913573265076
malicious_pure,1308.ps1,1,2,0.9997943274833421,1.0,0.9999999908049629,0.9995313882827759,0.9997656941413879
malicious_pure,1310.ps1,1,4,0.9803374647771832,0.98,0.99999878527213,0.9938305020332336,0.9869152510166168
malicious_pure,1312.ps1,1,0,0.999140829276559,1.0,0.9999999853822292,0.9999792575836182,0.9999896287918091
malicious_pure,1314.ps1,1,1,0.9992499274490352,1.0,0.9999999935636188,0.9978691339492798,0.9989345669746399
malicious_pure,1315.ps1,1,2,0.9911270022009333,0.6466666666666666,0.006690273674923352,0.8274064064025879,0.7370365365346272
malicious_pure,1317.ps1,1,0,0.9991562838921436,1.0,0.9999999853822292,0.9999834299087524,0.9999917149543762
malicious_pure,1318.ps1,1,0,0.9991572655651195,1.0,0.9999999853822292,0.9999831914901733,0.9999915957450867
malicious_pure,1319.ps1,1,0,0.9991694856956499,1.0,0.9999999853822292,0.9999836683273315,0.9999918341636658
malicious_pure,132.ps1,1,2,0.9998142363981329,1.0,0.9999999908049629,0.9992703795433044,0.9996351897716522
malicious_pure,1320.ps1,1,0,0.9991651267591466,1.0,0.9999999853822292,0.9999839067459106,0.9999919533729553
malicious_pure,1321.ps1,1,1,0.9992568237698944,1.0,0.9999999935636188,0.9975288510322571,0.9987644255161285
malicious_pure,1322.ps1,1,2,0.966860060590428,1.0,0.9999997436456693,0.9979947805404663,0.9989973902702332
malicious_pure,1324.ps1,1,4,0.7278275381186146,0.8633333333333333,0.9999922579228457,0.9884329438209534,0.9258831385771433
malicious_pure,1328.ps1,1,1,0.9992833538557028,1.0,0.9999999935636188,0.9977545142173767,0.9988772571086884
malicious_pure,1329.ps1,1,2,0.9583588308155074,1.0,0.9999998867889058,0.9969272017478943,0.9984636008739471
malicious_pure,133.ps1,1,3,0.9688916809488923,1.0,0.9999999501649028,0.9971306920051575,0.9985653460025787
malicious_pure,1330.ps1,1,3,0.9994427603408887,1.0,0.9999999918867685,0.9995642304420471,0.9997821152210236
malicious_pure,1332.ps1,1,2,0.9704096766922199,1.0,0.9999997144755859,0.9982948899269104,0.9991474449634552
malicious_pure,1337.ps1,1,4,0.9992227309549211,1.0,0.9999999840565656,0.9996727705001831,0.9998363852500916
malicious_pure,1338.ps1,1,0,0.9991632329719944,1.0,0.9999999853822292,0.9999836683273315,0.9999918341636658
malicious_pure,134.ps1,1,1,0.9992479556771399,1.0,0.9999999935636188,0.9979853630065918,0.9989926815032959
malicious_pure,1340.ps1,1,1,0.999263236049513,1.0,0.9999999935636188,0.9979771971702576,0.9989885985851288
malicious_pure,1342.ps1,1,2,0.9974142308737575,1.0,0.9999999637800907,0.9995972514152527,0.9997986257076263
malicious_pure,1343.ps1,1,3,0.9522648675201985,0.9766666666666667,0.9999996805599188,0.9767270088195801,0.9766968377431233
malicious_pure,1345.ps1,1,2,0.9664536536703929,1.0,0.999998470055571,0.9937728047370911,0.9968864023685455
malicious_pure,1348.ps1,1,2,0.9997937105469642,1.0,0.9999999908049629,0.9995393753051758,0.9997696876525879
malicious_pure,1349.ps1,1,4,0.9868500655627791,1.0,0.9999999769677866,0.9965135455131531,0.9982567727565765
malicious_pure,1352.ps1,1,1,0.9992639263713095,1.0,0.9999999935636188,0.9981063604354858,0.9990531802177429
malicious_pure,1354.ps1,1,4,0.9992689114940566,1.0,0.9999999868834413,0.9996627569198608,0.9998313784599304
malicious_pure,1357.ps1,1,0,0.9991628411331615,1.0,0.9999999853822292,0.999983549118042,0.999991774559021
malicious_pure,1359.ps1,1,0,0.9991591417984117,1.0,0.9999999853822292,0.999983549118042,0.999991774559021
malicious_pure,136.ps1,1,0,0.9991650215699602,1.0,0.9999999853822292,0.999983549118042,0.999991774559021
malicious_pure,1361.ps1,1,4,0.4706023758522412,0.4533333333333333,0.034115500169707505,0.6494090557098389,0.5513711945215861
malicious_pure,1362.ps1,1,4,0.4784918924508023,0.5166666666666667,0.16957915882425956,0.2576656937599182,0.38716618021329247
malicious_pure,1365.ps1,1,4,0.9997497287533657,1.0,0.9999999952935579,0.9998586177825928,0.9999293088912964
malicious_pure,1366.ps1,1,1,0.9992619306787973,1.0,0.9999999935636188,0.9971767663955688,0.9985883831977844
malicious_pure,1375.ps1,1,4,0.9981713415748008,1.0,0.9999989044467138,0.9915397763252258,0.9957698881626129
malicious_pure,1376.ps1,1,3,0.9550959676363691,0.9166666666666666,0.9999934276066992,0.963376522064209,0.9400215943654378
malicious_pure,1380.ps1,1,2,0.9997774252458838,1.0,0.999999995581065,0.998141884803772,0.999070942401886
malicious_pure,1385.ps1,1,0,0.9991629923296229,1.0,0.9999999853822292,0.999983549118042,0.999991774559021
malicious_pure,1388.ps1,1,0,0.9991739210361693,1.0,0.9999999853822292,0.9999834299087524,0.9999917149543762
malicious_pure,139.ps1,1,4,0.9641119603481136,0.7433333333333333,0.9994111624375412,0.990263819694519,0.8667985765139261
malicious_pure,1391.ps1,1,0,0.9991689254192135,1.0,0.9999999853822292,0.9999837875366211,0.9999918937683105
malicious_pure,1393.ps1,1,1,0.9992562515647513,1.0,0.9999999935636188,0.9979575872421265,0.9989787936210632
malicious_pure,1395.ps1,1,0,0.999162904940594,1.0,0.9999999853822292,0.9999839067459106,0.9999919533729553
malicious_pure,1396.ps1,1,4,0.9991964003450586,1.0,0.9999999840565656,0.999678373336792,0.999839186668396
malicious_pure,1399.ps1,1,3,0.9878302131018855,1.0,0.9999999178295925,0.9956849813461304,0.9978424906730652
malicious_pure,14.ps1,1,0,0.9991791024101425,1.0,0.9999999801232897,0.9999823570251465,0.9999911785125732
malicious_pure,140.ps1,1,0,0.9991569730851044,1.0,0.9999999853822292,0.999983549118042,0.999991774559021
malicious_pure,1400.ps1,1,2,0.999793843534534,1.0,0.9999999908049629,0.9995396137237549,0.9997698068618774
malicious_pure,1402.ps1,1,2,0.9997741373446252,1.0,0.9999999952502143,0.9986329674720764,0.9993164837360382
malicious_pure,1403.ps1,1,1,0.9992692593010385,1.0,0.9999999935636188,0.998213529586792,0.999106764793396
malicious_pure,1405.ps1,1,3,0.9892879227953459,1.0,0.9999996434320392,0.995995044708252,0.997997522354126
malicious_pure,1406.ps1,1,1,0.9692352460447451,0.99,0.9999987531830525,0.9949793219566345,0.9924896609783173
malicious_pure,1407.ps1,1,1,0.9992550626524646,1.0,0.9999999935636188,0.9975831508636475,0.9987915754318237
malicious_pure,141.ps1,1,2,0.9997965352034688,1.0,0.9999999843017122,0.9987903237342834,0.9993951618671417
malicious_pure,1410.ps1,1,0,0.9991396083155198,1.0,0.9999999853822292,0.9999792575836182,0.9999896287918091
malicious_pure,1413.ps1,1,1,0.9992987941078746,1.0,0.9999999923872686,0.9981082677841187,0.9990541338920593
malicious_pure,1417.ps1,1,4,0.9345460186094862,0.9966666666666667,0.9999999912393976,0.9975663423538208,0.9971165045102437
malicious_pure,1418.ps1,1,3,0.9994464075883691,1.0,0.9999999929107719,0.9993420243263245,0.9996710121631622
malicious_pure,1420.ps1,1,3,0.9986634538636441,1.0,0.9999999334601968,0.998455286026001,0.9992276430130005
malicious_pure,1421.ps1,1,0,0.9991613410879052,1.0,0.9999999853822292,0.9999834299087524,0.9999917149543762
malicious_pure,1424.ps1,1,1,0.9992772017612049,1.0,0.9999999935636188,0.9981271624565125,0.9990635812282562
malicious_pure,1429.ps1,1,0,0.9991629752139306,1.0,0.9999999853822292,0.9999831914901733,0.9999915957450867
malicious_pure,1432.ps1,1,1,0.9992731946310687,1.0,0.9999999935636188,0.9976698756217957,0.9988349378108978
malicious_pure,1433.ps1,1,4,0.9991862494003851,1.0,0.9999999851055688,0.9995813965797424,0.9997906982898712
malicious_pure,1435.ps1,1,1,0.9992888106764279,1.0,0.9999999935636188,0.9978380799293518,0.9989190399646759
malicious_pure,1436.ps1,1,4,0.9950369115015137,0.7866666666666666,0.9999997413356095,0.9776881337165833,0.8821774001916249
malicious_pure,1437.ps1,1,0,0.999172445451215,1.0,0.9999999853822292,0.999983549118042,0.999991774559021
malicious_pure,144.ps1,1,3,0.9994309060012971,1.0,0.9999999929107719,0.9995711445808411,0.9997855722904205
malicious_pure,1440.ps1,1,0,0.9991423235241446,1.0,0.9999999853822292,0.9999793767929077,0.9999896883964539
malicious_pure,1445.ps1,1,0,0.9991633996763055,1.0,0.9999999853822292,0.9999834299087524,0.9999917149543762
malicious_pure,1448.ps1,1,2,0.999795055579917,1.0,0.9999999908049629,0.999541163444519,0.9997705817222595
malicious_pure,1449.ps1,1,0,0.9991401757118956,1.0,0.9999999853822292,0.9999790191650391,0.9999895095825195
malicious_pure,145.ps1,1,1,0.9992793531835861,1.0,0.9999999935636188,0.9974361062049866,0.9987180531024933
malicious_pure,1451.ps1,1,0,0.9991640123780885,1.0,0.9999999853822292,0.9999831914901733,0.9999915957450867
malicious_pure,1453.ps1,1,2,0.9985599489808493,1.0,0.9999999887574241,0.9997190833091736,0.9998595416545868
malicious_pure,1455.ps1,1,3,0.9999767634803741,1.0,0.9999999746545367,0.9997979998588562,0.9998989999294281
malicious_pure,1456.ps1,1,0,0.9992018355316322,1.0,0.9999999801232897,0.9999823570251465,0.9999911785125732
malicious_pure,1459.ps1,1,3,0.9626772644649993,1.0,0.9999999166515733,0.9970115423202515,0.9985057711601257
malicious_pure,1460.ps1,1,1,0.9992909882740167,1.0,0.9999999935636188,0.9979514479637146,0.9989757239818573
malicious_pure,1461.ps1,1,0,0.9991582575635044,1.0,0.9999999853822292,0.9999833106994629,0.9999916553497314
malicious_pure,1463.ps1,1,0,0.9991613921053828,1.0,0.9999999853822292,0.9999833106994629,0.9999916553497314
malicious_pure,1465.ps1,1,3,0.9994565658215916,1.0,0.9999998751874857,0.9995338916778564,0.9997669458389282
malicious_pure,1466.ps1,1,3,0.9994594462877798,1.0,0.9999998751874857,0.9995228052139282,0.9997614026069641
malicious_pure,1468.ps1,1,1,0.9992734308874375,1.0,0.9999999935636188,0.9980757236480713,0.9990378618240356
malicious_pure,147.ps1,1,3,0.9999186016834658,1.0,0.9999999824655733,0.9994340538978577,0.9997170269489288
malicious_pure,1472.ps1,1,2,0.9997932640990773,1.0,0.9999999908049629,0.9995372295379639,0.9997686147689819
malicious_pure,1473.ps1,1,1,0.9992652606167944,1.0,0.9999999935636188,0.997795820236206,0.998897910118103
malicious_pure,1474.ps1,1,4,0.9993841386581928,1.0,0.9999999029878436,0.9994223117828369,0.9997111558914185
malicious_pure,1475.ps1,1,3,0.9994338167392262,1.0,0.9999999918867685,0.9995736479759216,0.9997868239879608
malicious_pure,1477.ps1,1,0,0.9991939866998862,1.0,0.9999999801232897,0.9999833106994629,0.9999916553497314
malicious_pure,1478.ps1,1,2,0.8748706913694627,1.0,0.9999998924383209,0.9987795948982239,0.9993897974491119
malicious_pure,1479.ps1,1,1,0.9992445600163911,1.0,0.9999999935636188,0.9977651834487915,0.9988825917243958
malicious_pure,148.ps1,1,1,0.9992673299690141,1.0,0.9999999935636188,0.998019814491272,0.999009907245636
malicious_pure,1481.ps1,1,1,0.9992732128394279,1.0,0.9999999935636188,0.9981958270072937,0.9990979135036469
malicious_pure,1482.ps1,1,4,0.9991906823981687,1.0,0.9999999815193269,0.9994574189186096,0.9997287094593048
malicious_pure,1483.ps1,1,0,0.9991635577076486,1.0,0.9999999853822292,0.999983549118042,0.999991774559021
malicious_pure,1484.ps1,1,3,0.9999761123950297,1.0,0.999999979277338,0.9997878670692444,0.9998939335346222
malicious_pure,1485.ps1,1,0,0.9991675762534705,1.0,0.9999999853822292,0.9999839067459106,0.9999919533729553
malicious_pure,1486.ps1,1,0,0.9991812252304422,1.0,0.9999999801232897,0.9999830722808838,0.9999915361404419
malicious_pure,1487.ps1,1,4,0.9997249166093696,1.0,0.9999999930608066,0.9994195699691772,0.9997097849845886
malicious_pure,1488.ps1,1,0,0.9991646940510243,1.0,0.9999999853822292,0.999983549118042,0.999991774559021
malicious_pure,1491.ps1,1,2,0.9188586359504584,0.64,0.9886563831216513,0.9822242856025696,0.8111121428012849
malicious_pure,1492.ps1,1,0,0.9991632279993571,1.0,0.9999999853822292,0.9999836683273315,0.9999918341636658
malicious_pure,1493.ps1,1,1,0.999248769676977,1.0,0.9999999935636188,0.9979008436203003,0.9989504218101501
malicious_pure,1495.ps1,1,0,0.9991619518256737,1.0,0.9999999853822292,0.999983549118042,0.999991774559021
malicious_pure,1498.ps1,1,4,0.9991849586951975,1.0,0.9999999814865635,0.9985193610191345,0.9992596805095673
malicious_pure,150.ps1,1,3,0.9995024295859266,1.0,0.9999999918991481,0.9984810948371887,0.9992405474185944
malicious_pure,1500.ps1,1,4,0.9997135539351188,1.0,0.9999999908102956,0.9994692206382751,0.9997346103191376
malicious_pure,1503.ps1,1,1,0.9992146344676124,1.0,0.9999999935636188,0.9978516101837158,0.9989258050918579
malicious_pure,1505.ps1,1,0,0.9991351556223199,1.0,0.9999999853822292,0.9999793767929077,0.9999896883964539
malicious_pure,1507.ps1,1,1,0.9992511489885658,1.0,0.9999999935636188,0.997696578502655,0.9988482892513275
malicious_pure,1508.ps1,1,3,0.999438070311021,1.0,0.9999999918867685,0.9995760321617126,0.9997880160808563
malicious_pure,1511.ps1,1,4,0.9996638647730004,0.9966666666666667,0.999999991685197,0.9994537234306335,0.9980601950486501
malicious_pure,1512.ps1,1,1,0.9992234722127927,1.0,0.9999999935636188,0.9978122711181641,0.998906135559082
malicious_pure,1513.ps1,1,2,0.9997748604230009,1.0,0.9999998944502035,0.9985452890396118,0.9992726445198059
malicious_pure,1514.ps1,1,1,0.9992665090993426,1.0,0.9999999935636188,0.9973533153533936,0.9986766576766968
malicious_pure,1516.ps1,1,4,0.5109580454374543,0.94,0.9999698513126986,0.9723502993583679,0.9561751496791839
malicious_pure,152.ps1,1,4,0.09391036519458823,0.06333333333333334,6.075026192423163e-07,0.09308002889156342,0.07820668111244838
malicious_pure,1520.ps1,1,4,0.9991196998006615,1.0,0.999999986118218,0.9985723495483398,0.9992861747741699
malicious_pure,1522.ps1,1,2,0.9997969350267232,1.0,0.9999999908049629,0.9995272159576416,0.9997636079788208
malicious_pure,1524.ps1,1,1,0.9992340938221401,1.0,0.9999999935636188,0.9981677532196045,0.9990838766098022
malicious_pure,1529.ps1,1,1,0.9992782950216605,1.0,0.9999999935636188,0.997715950012207,0.9988579750061035
malicious_pure,1530.ps1,1,0,0.9991617561881233,1.0,0.9999999853822292,0.999983549118042,0.999991774559021
malicious_pure,1532.ps1,1,1,0.9992437855603689,1.0,0.9999999935636188,0.9980455636978149,0.9990227818489075
malicious_pure,1535.ps1,1,2,0.9997927717344178,1.0,0.9999999908049629,0.9995336532592773,0.9997668266296387
malicious_pure,1538.ps1,1,1,0.9992477400948796,1.0,0.9999999935636188,0.9979920387268066,0.9989960193634033
malicious_pure,1539.ps1,1,0,0.9991628054951782,1.0,0.9999999853822292,0.9999833106994629,0.9999916553497314
malicious_pure,1541.ps1,1,2,0.9997929254941431,1.0,0.9999999908049629,0.9995328187942505,0.9997664093971252
malicious_pure,1542.ps1,1,0,0.9991640498337587,1.0,0.9999999853822292,0.999983549118042,0.999991774559021
malicious_pure,1543.ps1,1,0,0.9991702319471942,1.0,0.9999999853822292,0.999983549118042,0.999991774559021
malicious_pure,1545.ps1,1,4,0.9767699992985523,1.0,0.9999999062919308,0.9983868598937988,0.9991934299468994
malicious_pure,1546.ps1,1,0,0.9991647004689069,1.0,0.9999999853822292,0.9999831914901733,0.9999915957450867
malicious_pure,155.ps1,1,1,0.9992437915973124,1.0,0.9999999935636188,0.9981186985969543,0.9990593492984772
malicious_pure,1550.ps1,1,2,0.9785490921268144,1.0,0.9999999048843836,0.9985910058021545,0.9992955029010773
malicious_pure,1555.ps1,1,2,0.9999172300620646,1.0,0.9999999882624532,0.9988860487937927,0.9994430243968964
malicious_pure,1556.ps1,1,4,0.9992213588638855,1.0,0.9999999840565656,0.99967360496521,0.999836802482605
malicious_pure,1557.ps1,1,2,0.8865101364543213,0.9933333333333333,0.9999965409537692,0.9984155893325806,0.9958744613329569
malicious_pure,1559.ps1,1,2,0.9997902851122443,1.0,0.9999999951244571,0.9984413981437683,0.9992206990718842
malicious_pure,1564.ps1,1,0,0.9991882656251704,1.0,0.9999999801232897,0.9999833106994629,0.9999916553497314
malicious_pure,1568.ps1,1,1,0.9992851202122459,1.0,0.9999999935636188,0.9980173110961914,0.9990086555480957
malicious_pure,157.ps1,1,1,0.9992682507502556,1.0,0.9999999935636188,0.9976879358291626,0.9988439679145813
malicious_pure,1570.ps1,1,3,0.9994352330479981,1.0,0.9999999918867685,0.999572217464447,0.9997861087322235
malicious_pure,1571.ps1,1,0,0.9991608902679214,1.0,0.9999999853822292,0.9999836683273315,0.9999918341636658
malicious_pure,1572.ps1,1,4,0.9992279559783147,1.0,0.9999999853453223,0.9989433884620667,0.9994716942310333
malicious_pure,1575.ps1,1,1,0.9992792428220519,1.0,0.9999999935636188,0.9976680874824524,0.9988340437412262
malicious_pure,1577.ps1,1,0,0.9991636729264387,1.0,0.9999999853822292,0.9999834299087524,0.9999917149543762
malicious_pure,1578.ps1,1,1,0.9992271251162578,1.0,0.9999999935636188,0.9982585310935974,0.9991292655467987
malicious_pure,1579.ps1,1,3,0.9856456413526596,1.0,0.9999998879398891,0.9978023171424866,0.9989011585712433
malicious_pure,1580.ps1,1,1,0.9992022463854742,1.0,0.9999999935636188,0.9973834156990051,0.9986917078495026
malicious_pure,1581.ps1,1,3,0.9994391506723231,1.0,0.9999999918867685,0.9995759129524231,0.9997879564762115
malicious_pure,1584.ps1,1,3,0.9458235791215072,0.98,0.9999650911276966,0.9552813172340393,0.9676406586170196
malicious_pure,1585.ps1,1,2,0.9337462971265341,1.0,0.9999999649886072,0.9976134300231934,0.9988067150115967
malicious_pure,1587.ps1,1,1,0.999248020893978,1.0,0.9999999935636188,0.9978106617927551,0.9989053308963776
malicious_pure,1588.ps1,1,0,0.9991661185463102,1.0,0.9999999853822292,0.999983549118042,0.999991774559021
malicious_pure,1590.ps1,1,0,0.9991619257711384,1.0,0.9999999853822292,0.9999837875366211,0.9999918937683105
malicious_pure,1593.ps1,1,0,0.9991616751674213,1.0,0.9999999853822292,0.9999831914901733,0.9999915957450867
malicious_pure,1594.ps1,1,0,0.9991622371841081,1.0,0.9999999853822292,0.9999836683273315,0.9999918341636658
malicious_pure,1597.ps1,1,2,0.9136464370316829,0.97,0.999999766500585,0.9161919951438904,0.9430959975719452
malicious_pure,16.ps1,1,3,0.9808902047147954,1.0,0.9999999467937294,0.9939625859260559,0.996981292963028
malicious_pure,1600.ps1,1,0,0.9991773150007927,1.0,0.9999999801232897,0.9999822378158569,0.9999911189079285
malicious_pure,1601.ps1,1,1,0.9992446329488588,1.0,0.9999999935636188,0.9978418350219727,0.9989209175109863
malicious_pure,1602.ps1,1,4,0.9992335168221946,1.0,0.9999999860705706,0.9996496438980103,0.9998248219490051
malicious_pure,1603.ps1,1,1,0.9992582446823371,1.0,0.9999999935636188,0.9981441497802734,0.9990720748901367
malicious_pure,1604.ps1,1,3,0.9995349469015821,0.9933333333333333,0.9999953924616043,0.9417707324028015,0.9675520328680673
malicious_pure,1607.ps1,1,3,0.9775803154272411,0.9333333333333333,0.9999991611927127,0.9963160157203674,0.9648246745268504
malicious_pure,161.ps1,1,3,0.999435946422964,1.0,0.9999999918867685,0.9995707869529724,0.9997853934764862
malicious_pure,1611.ps1,1,2,0.9897851773076991,1.0,0.9999999778584037,0.9986560344696045,0.9993280172348022
malicious_pure,1612.ps1,1,4,0.9992056617081221,1.0,0.999999978049323,0.9986225366592407,0.9993112683296204
malicious_pure,1614.ps1,1,3,0.89367007222396,1.0,0.9999999051270222,0.9965316653251648,0.9982658326625824
malicious_pure,1617.ps1,1,0,0.9991841236147755,1.0,0.9999999801232897,0.9999825954437256,0.9999912977218628
malicious_pure,1618.ps1,1,1,0.9992703174912076,1.0,0.9999999935636188,0.9977055191993713,0.9988527595996857
malicious_pure,1619.ps1,1,2,0.976783203605391,1.0,0.999999965272098,0.9991042017936707,0.9995521008968353
malicious_pure,1620.ps1,1,1,0.9992309594921236,1.0,0.9999999935636188,0.9981398582458496,0.9990699291229248
malicious_pure,1621.ps1,1,1,0.9992656842735,1.0,0.9999999935636188,0.997992992401123,0.9989964962005615
malicious_pure,1622.ps1,1,2,0.999794164471295,1.0,0.9999999908049629,0.9995417594909668,0.9997708797454834
malicious_pure,1623.ps1,1,4,0.9992176244286559,1.0,0.9999999840565656,0.9996801614761353,0.9998400807380676
malicious_pure,1624.ps1,1,0,0.9991652912666443,1.0,0.9999999853822292,0.999983549118042,0.999991774559021
malicious_pure,1626.ps1,1,2,0.9997921544322554,1.0,0.9999999908049629,0.9995430707931519,0.9997715353965759
malicious_pure,163.ps1,1,3,0.9994892294744672,1.0,0.9999999715140439,0.9987768530845642,0.9993884265422821
malicious_pure,1632.ps1,1,1,0.9992521610238624,1.0,0.9999999935636188,0.9979984164237976,0.9989992082118988
malicious_pure,1638.ps1,1,3,0.9994377730253382,1.0,0.9999999918867685,0.9995728135108948,0.9997864067554474
malicious_pure,1639.ps1,1,2,0.9997938737012588,1.0,0.9999999908049629,0.9995373487472534,0.9997686743736267
malicious_pure,1640.ps1,1,1,0.9992536607753792,1.0,0.9999999935636188,0.9976555109024048,0.9988277554512024
malicious_pure,1642.ps1,1,0,0.9991609993403824,1.0,0.9999999853822292,0.9999833106994629,0.9999916553497314
malicious_pure,165.ps1,1,0,0.9991632400220094,1.0,0.9999999853822292,0.9999831914901733,0.9999915957450867
malicious_pure,1650.ps1,1,4,0.9997480055173957,1.0,0.9999999952935579,0.9998584985733032,0.9999292492866516
malicious_pure,1654.ps1,1,4,0.9992362189634993,1.0,0.9999999868052163,0.9996590614318848,0.9998295307159424
malicious_pure,1655.ps1,1,4,0.999194553456501,1.0,0.9999999815193269,0.9994572997093201,0.99972864985466
malicious_pure,1657.ps1,1,3,0.9994693563122791,1.0,0.999999966381155,0.9989581108093262,0.9994790554046631
malicious_pure,1659.ps1,1,4,0.999697356688874,1.0,0.9999999908104954,0.9994908571243286,0.9997454285621643
malicious_pure,166.ps1,1,3,0.9994400236410311,1.0,0.9999999918867685,0.9995712637901306,0.9997856318950653
malicious_pure,1660.ps1,1,2,0.9961039672750897,1.0,0.9999995578880178,0.9960747957229614,0.9980373978614807
malicious_pure,1662.ps1,1,2,0.9978936959464922,1.0,0.9999998591167728,0.9994100332260132,0.9997050166130066
malicious_pure,1663.ps1,1,1,0.9992413438929153,1.0,0.9999999925393627,0.9995842576026917,0.9997921288013458
malicious_pure,1664.ps1,1,1,0.9992855461655608,1.0,0.9999999935636188,0.9979013204574585,0.9989506602287292
malicious_pure,1665.ps1,1,3,0.9558000938591852,0.99,0.9999997061371926,0.9940186738967896,0.9920093369483948
malicious_pure,1666.ps1,1,1,0.9992337934400153,1.0,0.9999999935636188,0.998047947883606,0.999023973941803
malicious_pure,1671.ps1,1,0,0.9991618268666983,1.0,0.9999999853822292,0.999983549118042,0.999991774559021
malicious_pure,1672.ps1,1,0,0.9991658774723136,1.0,0.9999999853822292,0.999983549118042,0.999991774559021
malicious_pure,1677.ps1,1,0,0.9991686477517682,1.0,0.9999999853822292,0.999983549118042,0.999991774559021
malicious_pure,1678.ps1,1,1,0.9992701588655585,1.0,0.9999999935636188,0.997471809387207,0.9987359046936035
malicious_pure,1679.ps1,1,1,0.9992733069188555,1.0,0.9999999935636188,0.9975610971450806,0.9987805485725403
malicious_pure,168.ps1,1,3,0.994453366091111,0.9966666666666667,0.9999999120901761,0.9977537989616394,0.997210232814153
malicious_pure,1680.ps1,1,4,0.9992175996324855,1.0,0.9999999840565656,0.9996750354766846,0.9998375177383423
malicious_pure,1681.ps1,1,0,0.9991643619082513,1.0,0.9999999853822292,0.9999833106994629,0.9999916553497314
malicious_pure,1683.ps1,1,4,0.9992016161352425,1.0,0.9999999840565656,0.9996806383132935,0.9998403191566467
malicious_pure,1685.ps1,1,1,0.9992308217847409,1.0,0.9999999935636188,0.9979627132415771,0.9989813566207886
malicious_pure,1686.ps1,1,1,0.9992246658082097,1.0,0.9999999935636188,0.9977391958236694,0.9988695979118347
malicious_pure,169.ps1,1,4,0.9975092909779225,0.9966666666666667,0.9999997813912256,0.9420333504676819,0.9693500085671742
malicious_pure,1690.ps1,1,0,0.9991726931768442,1.0,0.9999999801232897,0.9999830722808838,0.9999915361404419
malicious_pure,1693.ps1,1,2,0.968479471079055,1.0,0.999999733533683,0.9983457326889038,0.9991728663444519
malicious_pure,1694.ps1,1,0,0.9991568531737651,1.0,0.9999999853822292,0.9999834299087524,0.9999917149543762
malicious_pure,1698.ps1,1,0,0.9991432382419485,1.0,0.9999999853822292,0.9999793767929077,0.9999896883964539
malicious_pure,1699.ps1,1,1,0.9992488848695217,1.0,0.9999999935636188,0.9979472756385803,0.9989736378192902
malicious_pure,17.ps1,1,0,0.9991614891996146,1.0,0.9999999853822292,0.999983549118042,0.999991774559021
malicious_pure,170.ps1,1,0,0.999138757610444,1.0,0.9999999853822292,0.9999792575836182,0.9999896287918091
malicious_pure,1700.ps1,1,0,0.9991629923296229,1.0,0.9999999853822292,0.9999834299087524,0.9999917149543762
malicious_pure,1702.ps1,1,4,0.9989161959083503,1.0,0.9999999901049458,0.9988816380500793,0.9994408190250397
malicious_pure,1706.ps1,1,3,0.999439202116154,1.0,0.9999999918867685,0.9995686411857605,0.9997843205928802
malicious_pure,1707.ps1,1,0,0.9991637641691573,1.0,0.9999999853822292,0.9999834299087524,0.9999917149543762
malicious_pure,1712.ps1,1,1,0.9992404862242521,1.0,0.9999999935636188,0.9979514479637146,0.9989757239818573
malicious_pure,1713.ps1,1,0,0.9991596523292592,1.0,0.9999999853822292,0.9999834299087524,0.9999917149543762
malicious_pure,1718.ps1,1,3,0.9994366042569736,1.0,0.9999999918867685,0.9995680451393127,0.9997840225696564
malicious_pure,172.ps1,1,4,0.9997480592458268,1.0,0.9999999952935579,0.9998588562011719,0.9999294281005859
malicious_pure,1720.ps1,1,1,0.9992452888774794,1.0,0.9999999935636188,0.9977217316627502,0.9988608658313751
malicious_pure,1721.ps1,1,4,0.999166956040272,1.0,0.9999999840565656,0.999581515789032,0.999790757894516
malicious_pure,1722.ps1,1,4,0.9978185335645905,1.0,0.9999984051708752,0.9922575950622559,0.9961287975311279
malicious_pure,1724.ps1,1,3,0.9182955650415509,1.0,0.9999999680679427,0.9963494539260864,0.9981747269630432
malicious_pure,1725.ps1,1,0,0.9991612772559786,1.0,0.9999999853822292,0.9999833106994629,0.9999916553497314
malicious_pure,1727.ps1,1,4,0.9981805412828874,1.0,0.9999985254905434,0.9930747747421265,0.9965373873710632
malicious_pure,1728.ps1,1,3,0.9971757730533963,1.0,0.9999999867319054,0.9976720213890076,0.9988360106945038
malicious_pure,1729.ps1,1,0,0.999172144866036,1.0,0.9999999853822292,0.9999839067459106,0.9999919533729553
malicious_pure,173.ps1,1,4,0.999139598112145,1.0,0.9999999857565796,0.9985847473144531,0.9992923736572266
malicious_pure,1730.ps1,1,1,0.9992623013651506,1.0,0.9999999935636188,0.9980137348175049,0.9990068674087524
malicious_pure,1733.ps1,1,1,0.9992481746020048,1.0,0.9999999935636188,0.9982779026031494,0.9991389513015747
malicious_pure,1735.ps1,1,3,0.9994832341108635,1.0,0.9999999922078003,0.9987949132919312,0.9993974566459656
malicious_pure,1736.ps1,1,1,0.9992433042162757,1.0,0.9999999935636188,0.9977583885192871,0.9988791942596436
malicious_pure,1737.ps1,1,1,0.9992511283769755,1.0,0.9999999935636188,0.9973762035369873,0.9986881017684937
malicious_pure,1738.ps1,1,3,0.9995057788142953,1.0,0.9999999857353641,0.9982934594154358,0.9991467297077179
malicious_pure,174.ps1,1,1,0.9992440745051787,1.0,0.9999999935636188,0.9979453682899475,0.9989726841449738
malicious_pure,1740.ps1,1,0,0.9991629381331149,1.0,0.9999999853822292,0.9999837875366211,0.9999918937683105
malicious_pure,1741.ps1,1,1,0.9992735884034699,1.0,0.9999999935636188,0.9979052543640137,0.9989526271820068
malicious_pure,1743.ps1,1,0,0.9991652132425928,1.0,0.9999999853822292,0.9999833106994629,0.9999916553497314
malicious_pure,1745.ps1,1,4,0.9991814782001338,1.0,0.9999999851055688,0.9995844960212708,0.9997922480106354
malicious_pure,1746.ps1,1,2,0.9997944287882581,1.0,0.9999999908049629,0.9995300769805908,0.9997650384902954
malicious_pure,1747.ps1,1,1,0.9992695578121445,1.0,0.9999999935636188,0.9979865550994873,0.9989932775497437
malicious_pure,1748.ps1,1,2,0.9997985512780524,1.0,0.9999999932816805,0.9983478784561157,0.9991739392280579
malicious_pure,1751.ps1,1,3,0.9984073300082821,1.0,0.9999999880372438,0.9983440637588501,0.999172031879425
malicious_pure,1753.ps1,1,4,0.9590949060035583,0.92,0.9999997960730457,0.9857670068740845,0.9528835034370422
malicious_pure,1754.ps1,1,1,0.9992301939806816,1.0,0.9999999935636188,0.9979754090309143,0.9989877045154572
malicious_pure,1759.ps1,1,1,0.9992688654236431,1.0,0.9999999935636188,0.9974814057350159,0.9987407028675079
malicious_pure,176.ps1,1,0,0.9991649514149622,1.0,0.9999999853822292,0.9999837875366211,0.9999918937683105
malicious_pure,1760.ps1,1,0,0.9991604948750178,1.0,0.9999999853822292,0.999983549118042,0.999991774559021
malicious_pure,1761.ps1,1,0,0.9991587224803453,1.0,0.9999999853822292,0.999983549118042,0.999991774559021
malicious_pure,1762.ps1,1,0,0.9991663055511819,1.0,0.9999999853822292,0.9999834299087524,0.9999917149543762
malicious_pure,1764.ps1,1,2,0.8831394834588151,1.0,0.9999998042558603,0.99874347448349,0.999371737241745
malicious_pure,1765.ps1,1,2,0.8948023970255798,1.0,0.9999998042558603,0.9988067150115967,0.9994033575057983
malicious_pure,1766.ps1,1,1,0.9992069230617229,1.0,0.9999999935636188,0.9981687068939209,0.9990843534469604
malicious_pure,1767.ps1,1,4,0.04819931766986549,0.08333333333333333,2.5511451148888896e-07,0.07629021257162094,0.07981177295247713
malicious_pure,177.ps1,1,0,0.9991619276596468,1.0,0.9999999853822292,0.999983549118042,0.999991774559021
malicious_pure,1771.ps1,1,1,0.9992666911186919,1.0,0.9999999935636188,0.9979844093322754,0.9989922046661377
malicious_pure,1773.ps1,1,0,0.9991649132901396,1.0,0.9999999853822292,0.9999836683273315,0.9999918341636658
malicious_pure,1774.ps1,1,4,0.9992037810759677,1.0,0.9999999840565656,0.9996683597564697,0.9998341798782349
malicious_pure,1775.ps1,1,0,0.9991667996823627,1.0,0.9999999853822292,0.9999836683273315,0.9999918341636658
malicious_pure,1777.ps1,1,4,0.999748804957638,1.0,0.9999999952935579,0.9998564720153809,0.9999282360076904
malicious_pure,1779.ps1,1,0,0.9991380778314302,1.0,0.9999999853822292,0.9999792575836182,0.9999896287918091
malicious_pure,1780.ps1,1,2,0.9999736926533883,1.0,0.9999999783261868,0.9996914863586426,0.9998457431793213
malicious_pure,1781.ps1,1,2,0.9997935993932051,1.0,0.9999999908049629,0.9995392560958862,0.9997696280479431
malicious_pure,1782.ps1,1,2,0.9997912709220415,1.0,0.9999999908049629,0.9995166063308716,0.9997583031654358
malicious_pure,1784.ps1,1,1,0.9992242821297834,1.0,0.9999999935636188,0.9973672032356262,0.9986836016178131
malicious_pure,179.ps1,1,4,0.9896796310046189,1.0,0.9999999739043188,0.9976317882537842,0.9988158941268921
malicious_pure,1791.ps1,1,2,0.9997917251365515,1.0,0.9999999908049629,0.999531626701355,0.9997658133506775
malicious_pure,1794.ps1,1,2,0.9997950167586632,1.0,0.9999999908049629,0.9995359182357788,0.9997679591178894
malicious_pure,1796.ps1,1,1,0.9992446067183415,1.0,0.9999999935636188,0.9976804256439209,0.9988402128219604
malicious_pure,1799.ps1,1,1,0.9992647602334198,1.0,0.9999999935636188,0.9978320002555847,0.9989160001277924
malicious_pure,1800.ps1,1,4,0.9611015309780903,0.9833333333333333,0.9999997185494696,0.9847887754440308,0.9840610543886821
malicious_pure,1803.ps1,1,0,0.9991794423804442,1.0,0.9999999801232897,0.9999818801879883,0.9999909400939941
malicious_pure,1807.ps1,1,2,0.9967431391337955,0.9966666666666667,0.9999998958582557,0.9991602897644043,0.9979134782155354
malicious_pure,1810.ps1,1,1,0.9992652132318719,1.0,0.9999999935636188,0.9977600574493408,0.9988800287246704
malicious_pure,1811.ps1,1,4,0.9936387191730125,0.9866666666666667,0.9999996565189025,0.9424600601196289,0.9645633633931479
malicious_pure,1816.ps1,1,0,0.9991409277659395,1.0,0.9999999853822292,0.9999786615371704,0.9999893307685852
malicious_pure,1819.ps1,1,4,0.9991895915060299,1.0,0.9999999840565656,0.9996757507324219,0.9998378753662109
malicious_pure,182.ps1,1,2,0.9997942599053413,1.0,0.9999999908049629,0.9995198249816895,0.9997599124908447
malicious_pure,1822.ps1,1,1,0.9992832495647038,1.0,0.9999999935636188,0.9976784586906433,0.9988392293453217
malicious_pure,1823.ps1,1,1,0.9992458451780094,1.0,0.9999999935636188,0.9979799389839172,0.9989899694919586
malicious_pure,1824.ps1,1,2,0.8833711437093821,1.0,0.9999999843238987,0.9984225034713745,0.9992112517356873
malicious_pure,1825.ps1,1,1,0.9992344380877787,1.0,0.9999999935636188,0.9974910020828247,0.9987455010414124
malicious_pure,1826.ps1,1,0,0.9991872985881314,1.0,0.9999999801232897,0.9999830722808838,0.9999915361404419
malicious_pure,1827.ps1,1,0,0.9991610742184572,1.0,0.9999999853822292,0.999983549118042,0.999991774559021
malicious_pure,183.ps1,1,0,0.9991629744443591,1.0,0.9999999853822292,0.9999839067459106,0.9999919533729553
malicious_pure,1830.ps1,1,1,0.9992387826185303,1.0,0.9999999935636188,0.9977949857711792,0.9988974928855896
malicious_pure,1833.ps1,1,0,0.9991646918804965,1.0,0.9999999853822292,0.9999834299087524,0.9999917149543762
malicious_pure,1834.ps1,1,1,0.9992681203482017,1.0,0.9999999935636188,0.9981839060783386,0.9990919530391693
malicious_pure,1836.ps1,1,0,0.9991583320361603,1.0,0.9999999853822292,0.9999831914901733,0.9999915957450867
malicious_pure,1837.ps1,1,3,0.9897169007709711,0.94,0.9999983535212544,0.991866409778595,0.9659332048892975
malicious_pure,1839.ps1,1,2,0.9932103786901979,0.99,0.9999999306632935,0.9992431402206421,0.994621570110321
malicious_pure,184.ps1,1,0,0.9991475828264151,1.0,0.9999999853822292,0.9999796152114868,0.9999898076057434
malicious_pure,1840.ps1,1,2,0.9626870543093836,1.0,0.9999999834478392,0.9963608384132385,0.9981804192066193
malicious_pure,1843.ps1,1,2,0.9997944694007834,1.0,0.9999999908049629,0.9995290040969849,0.9997645020484924
malicious_pure,1846.ps1,1,1,0.9992442100210034,1.0,0.9999999935636188,0.9979808926582336,0.9989904463291168
malicious_pure,1848.ps1,1,1,0.9992294759609237,1.0,0.9999999935636188,0.9972140192985535,0.9986070096492767
malicious_pure,1849.ps1,1,0,0.9991395303769051,1.0,0.9999999853822292,0.9999796152114868,0.9999898076057434
malicious_pure,185.ps1,1,2,0.8892181044766083,1.0,0.9999999843238987,0.9986442923545837,0.9993221461772919
malicious_pure,1851.ps1,1,0,0.999159755161455,1.0,0.9999999853822292,0.9999837875366211,0.9999918937683105
malicious_pure,1852.ps1,1,0,0.9991612295249046,1.0,0.9999999853822292,0.999983549118042,0.999991774559021
malicious_pure,1853.ps1,1,2,0.9998570154281299,1.0,0.9999997534333434,0.9989849925041199,0.9994924962520599
malicious_pure,1854.ps1,1,4,0.9991584008370816,1.0,0.999999986118218,0.9988784193992615,0.9994392096996307
malicious_pure,1855.ps1,1,1,0.9992605600424094,1.0,0.9999999935636188,0.9978505373001099,0.9989252686500549
malicious_pure,1856.ps1,1,2,0.9889734317358371,0.9866666666666667,0.9999996879173895,0.9982393980026245,0.9924530323346457
malicious_pure,1861.ps1,1,3,0.8553636725734624,0.9933333333333333,0.9999997788148988,0.9945808053016663,0.9939570693174997
malicious_pure,1864.ps1,1,3,0.9994294968631006,1.0,0.9999999918867685,0.9994704127311707,0.9997352063655853
malicious_pure,1868.ps1,1,0,0.9991383301007387,1.0,0.9999999853822292,0.9999793767929077,0.9999896883964539
malicious_pure,187.ps1,1,1,0.9992662649551456,1.0,0.9999999935636188,0.997636079788208,0.998818039894104
malicious_pure,1870.ps1,1,3,0.9994359544452043,1.0,0.9999999918867685,0.9995666146278381,0.9997833073139191
malicious_pure,1874.ps1,1,0,0.9991677270147548,1.0,0.9999999853822292,0.9999831914901733,0.9999915957450867
malicious_pure,1875.ps1,1,3,0.9994380005873345,1.0,0.9999999918867685,0.999572217464447,0.9997861087322235
malicious_pure,1877.ps1,1,3,0.9835552871842925,1.0,0.9999999573476956,0.9967663288116455,0.9983831644058228
malicious_pure,1878.ps1,1,4,0.88917381208128,1.0,0.9999996816973612,0.9963918328285217,0.9981959164142609
malicious_pure,1879.ps1,1,0,0.9992073551932268,1.0,0.9999999801232897,0.999982476234436,0.999991238117218
malicious_pure,1880.ps1,1,0,0.9991408988252681,1.0,0.9999999853822292,0.9999790191650391,0.9999895095825195
malicious_pure,1882.ps1,1,2,0.8770194990469837,1.0,0.9999999443902854,0.9986327290534973,0.9993163645267487
malicious_pure,1883.ps1,1,2,0.9996176945150982,1.0,0.9999995962628567,0.9505698680877686,0.9752849340438843
malicious_pure,1885.ps1,1,4,0.8660459924553322,1.0,0.9999999195114138,0.9964787364006042,0.9982393682003021
malicious_pure,1886.ps1,1,0,0.9991744008012202,1.0,0.9999999853822292,0.9999833106994629,0.9999916553497314
malicious_pure,1887.ps1,1,0,0.9991679573273041,1.0,0.9999999853822292,0.999983549118042,0.999991774559021
malicious_pure,1888.ps1,1,2,0.9489140058683976,0.8133333333333334,0.9994389133451884,0.9980006814002991,0.9056670073668163
malicious_pure,1889.ps1,1,0,0.9991380205436369,1.0,0.9999999853822292,0.9999790191650391,0.9999895095825195
malicious_pure,189.ps1,1,0,0.9991765220721676,1.0,0.9999999801232897,0.9999831914901733,0.9999915957450867
malicious_pure,1894.ps1,1,2,0.9997934453478766,1.0,0.9999999908049629,0.9995207786560059,0.9997603893280029
malicious_pure,1895.ps1,1,0,0.9991614935438904,1.0,0.9999999853822292,0.9999836683273315,0.9999918341636658
malicious_pure,1896.ps1,1,1,0.999243540287441,1.0,0.9999999935636188,0.9976505637168884,0.9988252818584442
malicious_pure,1898.ps1,1,3,0.9994402518193533,1.0,0.9999999918867685,0.9995700716972351,0.9997850358486176
malicious_pure,1901.ps1,1,0,0.9991360081195458,1.0,0.9999999853822292,0.9999792575836182,0.9999896287918091
malicious_pure,1903.ps1,1,1,0.9992422008674677,1.0,0.9999999935636188,0.997794508934021,0.9988972544670105
malicious_pure,1905.ps1,1,3,0.9994413154616728,1.0,0.9999999918867685,0.9995750784873962,0.9997875392436981
malicious_pure,1906.ps1,1,4,0.902163483704547,0.9966666666666667,0.9999977450812384,0.985052227973938,0.9908594473203023
malicious_pure,1908.ps1,1,0,0.9991649598230787,1.0,0.9999999853822292,0.9999834299087524,0.9999917149543762
malicious_pure,191.ps1,1,2,0.9925677828197631,1.0,0.9999996662313241,0.9995526671409607,0.9997763335704803
malicious_pure,1910.ps1,1,4,0.9559139869154427,1.0,0.9999998788969526,0.9963333606719971,0.9981666803359985
malicious_pure,1911.ps1,1,1,0.9992182530366146,1.0,0.9999999935636188,0.997822642326355,0.9989113211631775
malicious_pure,1912.ps1,1,2,0.9999745995826433,0.9966666666666667,0.9999999683161612,0.9996974468231201,0.9981820567448934
malicious_pure,1913.ps1,1,2,0.9970244959308632,1.0,0.9999998595001731,0.9957952499389648,0.9978976249694824
malicious_pure,1915.ps1,1,2,0.9998118179214536,1.0,0.9999999908049629,0.9992548823356628,0.9996274411678314
malicious_pure,1916.ps1,1,2,0.964819339549646,0.99,0.999999969053803,0.995128870010376,0.992564435005188
malicious_pure,1917.ps1,1,4,0.9999715957600495,1.0,0.9999999926094085,0.9996359348297119,0.999817967414856
malicious_pure,1919.ps1,1,1,0.9992590497353765,1.0,0.9999999935636188,0.9980223178863525,0.9990111589431763
malicious_pure,192.ps1,1,0,0.9991604664055753,1.0,0.9999999853822292,0.9999836683273315,0.9999918341636658
malicious_pure,1922.ps1,1,1,0.9992303520350091,1.0,0.9999999935636188,0.9978812336921692,0.9989406168460846
malicious_pure,1925.ps1,1,0,0.9991605947112215,1.0,0.9999999853822292,0.9999833106994629,0.9999916553497314
malicious_pure,1926.ps1,1,3,0.9995002944298508,1.0,0.9999999922078003,0.9990065693855286,0.9995032846927643
malicious_pure,1927.ps1,1,1,0.9356505046176806,1.0,0.999999958995024,0.9981316924095154,0.9990658462047577
malicious_pure,193.ps1,1,3,0.9994359722507438,1.0,0.9999999918867685,0.9995712637901306,0.9997856318950653
malicious_pure,1935.ps1,1,2,0.9997897913374915,1.0,0.999999995581065,0.9987775683403015,0.9993887841701508
malicious_pure,1937.ps1,1,0,0.9991564787209277,1.0,0.9999999853822292,0.9999836683273315,0.9999918341636658
malicious_pure,1939.ps1,1,3,0.9996713924253395,0.9933333333333333,0.9999997280746913,0.9864155650138855,0.9898744491736093
malicious_pure,1941.ps1,1,3,0.9483282130487726,1.0,0.99999966799324,0.9947236776351929,0.9973618388175964
malicious_pure,1946.ps1,1,2,0.8771387522385022,1.0,0.9999999551913872,0.997164785861969,0.9985823929309845
malicious_pure,1947.ps1,1,3,0.9994346789462052,1.0,0.9999999918867685,0.9995684027671814,0.9997842013835907
malicious_pure,1948.ps1,1,2,0.9997927156520089,1.0,0.9999999908049629,0.9995325803756714,0.9997662901878357
malicious_pure,1949.ps1,1,0,0.9991592817102605,1.0,0.9999999853822292,0.9999836683273315,0.9999918341636658
malicious_pure,1952.ps1,1,0,0.9991644848084711,1.0,0.9999999853822292,0.9999833106994629,0.9999916553497314
malicious_pure,1957.ps1,1,4,0.999243009967752,1.0,0.9999999864917979,0.9996572732925415,0.9998286366462708
malicious_pure,196.ps1,1,3,0.9994379628101363,1.0,0.9999999918867685,0.9995680451393127,0.9997840225696564
malicious_pure,1961.ps1,1,1,0.9992485528577721,1.0,0.9999999935636188,0.9979089498519897,0.9989544749259949
malicious_pure,1962.ps1,1,1,0.9992947787015557,1.0,0.9999999935636188,0.997755229473114,0.998877614736557
malicious_pure,1964.ps1,1,2,0.9998205521190264,1.0,0.9999999882121452,0.9993755221366882,0.9996877610683441
malicious_pure,1965.ps1,1,0,0.999167008925361,1.0,0.9999999853822292,0.9999836683273315,0.9999918341636658
malicious_pure,1967.ps1,1,0,0.9991373085885593,1.0,0.9999999853822292,0.9999792575836182,0.9999896287918091
malicious_pure,197.ps1,1,2,0.9972143023188733,1.0,0.9999994828621642,0.9319624304771423,0.9659812152385712
malicious_pure,1971.ps1,1,1,0.9992644173958631,1.0,0.9999999935636188,0.9979117512702942,0.9989558756351471
malicious_pure,1972.ps1,1,1,0.9992440972952528,1.0,0.9999999935636188,0.9978715181350708,0.9989357590675354
malicious_pure,1973.ps1,1,2,0.999028399332273,1.0,0.999999950066639,0.9997263550758362,0.9998631775379181
malicious_pure,1974.ps1,1,3,0.999976995287461,1.0,0.9999999746545367,0.9997981190681458,0.9998990595340729
malicious_pure,1975.ps1,1,0,0.9991648206745888,1.0,0.9999999853822292,0.9999830722808838,0.9999915361404419
malicious_pure,1976.ps1,1,0,0.9991586368979614,1.0,0.9999999853822292,0.9999833106994629,0.9999916553497314
malicious_pure,1977.ps1,1,4,0.9916154092578434,1.0,0.999999861926959,0.9949553608894348,0.9974776804447174
malicious_pure,1978.ps1,1,4,0.9785081399100135,1.0,0.9999999878928686,0.9942659735679626,0.9971329867839813
malicious_pure,1982.ps1,1,0,0.999181747509781,1.0,0.9999999801232897,0.9999823570251465,0.9999911785125732
malicious_pure,1983.ps1,1,0,0.9991668871525449,1.0,0.9999999853822292,0.9999836683273315,0.9999918341636658
malicious_pure,1985.ps1,1,3,0.9994935683472382,1.0,0.9999999922078003,0.9988683462142944,0.9994341731071472
malicious_pure,1988.ps1,1,1,0.9992536158366355,1.0,0.9999999935636188,0.9979109168052673,0.9989554584026337
malicious_pure,199.ps1,1,1,0.9992491167717593,1.0,0.9999999935636188,0.9979210495948792,0.9989605247974396
malicious_pure,1990.ps1,1,1,0.9992350814358992,1.0,0.9999999935636188,0.9975451827049255,0.9987725913524628
malicious_pure,1991.ps1,1,1,0.999254456948255,1.0,0.9999999935636188,0.9977259039878845,0.9988629519939423
malicious_pure,1992.ps1,1,2,0.9899327712305148,1.0,0.9999999701628859,0.9986284971237183,0.9993142485618591
malicious_pure,1994.ps1,1,1,0.999244234047843,1.0,0.9999999935636188,0.9974604845046997,0.9987302422523499
malicious_pure,1998.ps1,1,0,0.9992086316491644,1.0,0.9999999801232897,0.9999831914901733,0.9999915957450867
malicious_pure,1999.ps1,1,0,0.9991396365043751,1.0,0.9999999853822292,0.9999792575836182,0.9999896287918091
malicious_pure,200.ps1,1,3,0.999433377610533,1.0,0.9999999918867685,0.9995630383491516,0.9997815191745758
malicious_pure,2000.ps1,1,3,0.9900176268075187,0.8633333333333333,0.9999964689401712,0.6713685989379883,0.7673509661356608
malicious_pure,2001.ps1,1,3,0.9994736648456722,1.0,0.9999999641363029,0.9988617897033691,0.9994308948516846
malicious_pure,2004.ps1,1,2,0.9999766868133196,1.0,0.9999999804588368,0.9995204210281372,0.9997602105140686
malicious_pure,2005.ps1,1,1,0.9992381838242174,1.0,0.9999999935636188,0.9978440999984741,0.9989220499992371
malicious_pure,2006.ps1,1,0,0.9991620101602663,1.0,0.9999999853822292,0.9999833106994629,0.9999916553497314
malicious_pure,2007.ps1,1,2,0.9963046780274718,1.0,0.9999996846379269,0.9965684413909912,0.9982842206954956
malicious_pure,2008.ps1,1,0,0.9991698592855621,1.0,0.9999999853822292,0.9999836683273315,0.9999918341636658
malicious_pure,201.ps1,1,3,0.9995566257111979,0.9966666666666667,0.9999955243232437,0.9530138373374939,0.9748402520020802
malicious_pure,2011.ps1,1,0,0.999158733751183,1.0,0.9999999853822292,0.9999833106994629,0.9999916553497314
malicious_pure,2012.ps1,1,0,0.9991686577323217,1.0,0.9999999853822292,0.9999834299087524,0.9999917149543762
malicious_pure,2013.ps1,1,2,0.9996459287284445,0.9966666666666667,0.9999994328877483,0.9937918782234192,0.9952292724450429
malicious_pure,2014.ps1,1,0,0.9991668414183439,1.0,0.9999999853822292,0.999983549118042,0.999991774559021
malicious_pure,2017.ps1,1,4,0.9992749025685075,1.0,0.9999999868834413,0.9996591806411743,0.9998295903205872
malicious_pure,2019.ps1,1,4,0.9984129368404889,0.9933333333333333,0.9999997809898353,0.9586790204048157,0.9760061768690744
malicious_pure,2021.ps1,1,3,0.9987291377469782,1.0,0.9999999881679228,0.9983323216438293,0.9991661608219147
malicious_pure,2022.ps1,1,1,0.9992934491170937,1.0,0.9999999935636188,0.9976073503494263,0.9988036751747131
malicious_pure,2023.ps1,1,3,0.9994580895452699,1.0,0.9999999922078003,0.9989253878593445,0.9994626939296722
malicious_pure,2028.ps1,1,0,0.9991584613484817,1.0,0.9999999853822292,0.999983549118042,0.999991774559021
malicious_pure,2030.ps1,1,0,0.9991682043416025,1.0,0.9999999853822292,0.9999834299087524,0.9999917149543762
malicious_pure,2032.ps1,1,0,0.999165860568928,1.0,0.9999999853822292,0.9999837875366211,0.9999918937683105
malicious_pure,2033.ps1,1,3,0.9987722349598677,1.0,0.9999999823651932,0.9984145164489746,0.9992072582244873
malicious_pure,2035.ps1,1,1,0.9992167970806006,1.0,0.9999999935636188,0.9978106617927551,0.9989053308963776
malicious_pure,2037.ps1,1,2,0.9997929753149827,1.0,0.9999999908049629,0.9995310306549072,0.9997655153274536
malicious_pure,2038.ps1,1,1,0.9976410063357105,1.0,0.9999997580099224,0.9964715242385864,0.9982357621192932
malicious_pure,2040.ps1,1,3,0.999458350960431,1.0,0.9999998281184008,0.9990323781967163,0.9995161890983582
malicious_pure,2042.ps1,1,2,0.9677439076383014,0.9933333333333333,0.999997430924881,0.9954636693000793,0.9943985013167063
malicious_pure,2043.ps1,1,2,0.9997932156937003,1.0,0.9999999908049629,0.9995304346084595,0.9997652173042297
malicious_pure,2047.ps1,1,3,0.9579138645002806,0.9966666666666667,0.9999998732315653,0.9979392886161804,0.9973029776414235
malicious_pure,2048.ps1,1,4,0.999230541425855,1.0,0.9999999857565796,0.999043881893158,0.999521940946579
malicious_pure,205.ps1,1,2,0.9995566011982273,0.92,0.9999959338084538,0.9501452445983887,0.9350726222991943
malicious_pure,2050.ps1,1,1,0.999287914396138,1.0,0.9999999935636188,0.997887909412384,0.998943954706192
malicious_pure,2053.ps1,1,2,0.999793719701743,1.0,0.9999999908049629,0.9995326995849609,0.9997663497924805
malicious_pure,2061.ps1,1,3,0.999435959956633,1.0,0.9999999918867685,0.9995682835578918,0.9997841417789459
malicious_pure,2063.ps1,1,3,0.9994843031621277,1.0,0.9999998199494631,0.9988569021224976,0.9994284510612488
malicious_pure,2065.ps1,1,4,0.9990854680208076,1.0,0.9999999853453223,0.998472273349762,0.999236136674881
malicious_pure,2067.ps1,1,0,0.999163857722242,1.0,0.9999999853822292,0.9999834299087524,0.9999917149543762
malicious_pure,207.ps1,1,4,0.9992195004178981,1.0,0.9999999835568407,0.998727023601532,0.999363511800766
malicious_pure,2070.ps1,1,3,0.9956101889708134,1.0,0.9999998871121373,0.9980620741844177,0.9990310370922089
malicious_pure,2072.ps1,1,0,0.9991381886296774,1.0,0.9999999853822292,0.9999790191650391,0.9999895095825195
malicious_pure,2073.ps1,1,0,0.9991644361107986,1.0,0.9999999853822292,0.9999839067459106,0.9999919533729553
malicious_pure,2074.ps1,1,0,0.9991648417798216,1.0,0.9999999853822292,0.9999834299087524,0.9999917149543762
malicious_pure,2076.ps1,1,2,0.9997739849369786,1.0,0.9999999952502143,0.9986268281936646,0.9993134140968323
malicious_pure,2079.ps1,1,0,0.9991608624248466,1.0,0.9999999853822292,0.9999834299087524,0.9999917149543762
malicious_pure,208.ps1,1,4,0.9991711790390667,1.0,0.9999999840565656,0.9995772242546082,0.9997886121273041
malicious_pure,2080.ps1,1,2,0.99759415735309,1.0,0.9999996951559226,0.9954889416694641,0.9977444708347321
malicious_pure,2082.ps1,1,0,0.9991618312168679,1.0,0.9999999853822292,0.9999833106994629,0.9999916553497314
malicious_pure,2083.ps1,1,1,0.9992671682824992,1.0,0.9999999935636188,0.9977532029151917,0.9988766014575958
malicious_pure,2084.ps1,1,2,0.9997951249314572,1.0,0.9999999908049629,0.9995286464691162,0.9997643232345581
malicious_pure,2089.ps1,1,1,0.9923953531168742,0.9433333333333334,0.9999992953875823,0.9702194929122925,0.9567764131228129
malicious_pure,209.ps1,1,1,0.9992359872570967,1.0,0.9999999935636188,0.9977937936782837,0.9988968968391418
malicious_pure,2091.ps1,1,3,0.9994794947858961,1.0,0.9999999715140439,0.998985230922699,0.9994926154613495
malicious_pure,2092.ps1,1,4,0.9990690561684474,1.0,0.9999999745297843,0.998710036277771,0.9993550181388855
malicious_pure,2095.ps1,1,0,0.9991446643863823,1.0,0.9999999853822292,0.9999792575836182,0.9999896287918091
malicious_pure,2096.ps1,1,0,0.999168072964999,1.0,0.9999999853822292,0.9999836683273315,0.9999918341636658
malicious_pure,2098.ps1,1,1,0.9992294002429604,1.0,0.9999999935636188,0.997994065284729,0.9989970326423645
malicious_pure,21.ps1,1,4,0.9601667688700387,0.9666666666666667,0.9999889687868196,0.9873902797698975,0.9770284732182821
malicious_pure,210.ps1,1,3,0.9994614367056969,1.0,0.9999998920924741,0.9995256662368774,0.9997628331184387
malicious_pure,2100.ps1,1,0,0.9991352210388708,1.0,0.9999999853822292,0.9999790191650391,0.9999895095825195
malicious_pure,2102.ps1,1,1,0.9992424408009876,1.0,0.9999999935636188,0.9976983666419983,0.9988491833209991
malicious_pure,2103.ps1,1,2,0.8852495521847673,1.0,0.9999998042558603,0.9987781643867493,0.9993890821933746
malicious_pure,2106.ps1,1,3,0.9994887968182328,1.0,0.9999998199494631,0.9989140033721924,0.9994570016860962
malicious_pure,2107.ps1,1,4,0.9992169848707967,1.0,0.9999999840565656,0.999677300453186,0.999838650226593
malicious_pure,2108.ps1,1,0,0.9991710887869679,1.0,0.9999999853822292,0.9999834299087524,0.9999917149543762
malicious_pure,2111.ps1,1,3,0.9994950762350203,1.0,0.9999999923630903,0.9986949563026428,0.9993474781513214
malicious_pure,2112.ps1,1,0,0.9991658757247779,1.0,0.9999999853822292,0.9999834299087524,0.9999917149543762
malicious_pure,2113.ps1,1,2,0.9988171537718314,1.0,0.9999999672608728,0.9997015595436096,0.9998507797718048
malicious_pure,2115.ps1,1,1,0.7440628722545596,0.9433333333333334,0.9999348728392681,0.9138447642326355,0.9285890487829844
malicious_pure,2116.ps1,1,0,0.999158818025621,1.0,0.9999999853822292,0.999983549118042,0.999991774559021
malicious_pure,2117.ps1,1,4,0.9992131418581718,1.0,0.999999848411902,0.9985954165458679,0.999297708272934
malicious_pure,212.ps1,1,4,0.9991456244306401,1.0,0.9999999853453223,0.9985877275466919,0.999293863773346
malicious_pure,2121.ps1,1,4,0.9858224504507128,1.0,0.9999999622617598,0.9962309002876282,0.9981154501438141
malicious_pure,2122.ps1,1,0,0.9991734428727478,1.0,0.9999999853822292,0.999983549118042,0.999991774559021
malicious_pure,2127.ps1,1,4,0.9965701257868547,1.0,0.9999999557462982,0.998429000377655,0.9992145001888275
malicious_pure,2128.ps1,1,3,0.99997633020089,1.0,0.999999979277338,0.9997945427894592,0.9998972713947296
malicious_pure,2129.ps1,1,2,0.999781915865064,1.0,0.999999995581065,0.9986608028411865,0.9993304014205933
malicious_pure,2130.ps1,1,2,0.999795016430492,1.0,0.9999999908049629,0.9995368719100952,0.9997684359550476
malicious_pure,2131.ps1,1,3,0.9999159089230079,1.0,0.9999999919748449,0.9995788931846619,0.9997894465923309
malicious_pure,2133.ps1,1,1,0.9992474735725588,1.0,0.9999999935636188,0.9978464841842651,0.9989232420921326
malicious_pure,2134.ps1,1,0,0.999162126888688,1.0,0.9999999853822292,0.9999834299087524,0.9999917149543762
malicious_pure,2135.ps1,1,4,0.9992499027818498,1.0,0.9999999868052163,0.9996721744537354,0.9998360872268677
malicious_pure,2137.ps1,1,4,0.9591325126825546,1.0,0.9999999671661817,0.9972044825553894,0.9986022412776947
malicious_pure,2139.ps1,1,4,0.9992503926634266,0.9366666666666666,0.9999984477939329,0.9945042133331299,0.9655854399998982
malicious_pure,2140.ps1,1,0,0.9991716273673483,1.0,0.9999999853822292,0.9999834299087524,0.9999917149543762
malicious_pure,2141.ps1,1,0,0.9991913095179543,1.0,0.9999999801232897,0.9999825954437256,0.9999912977218628
malicious_pure,2142.ps1,1,2,0.9999737365096314,1.0,0.9999999783261868,0.9996932744979858,0.9998466372489929
malicious_pure,2146.ps1,1,0,0.9991629923296229,1.0,0.9999999853822292,0.999983549118042,0.999991774559021
malicious_pure,2147.ps1,1,1,0.9992444036321628,1.0,0.9999999935636188,0.9981834292411804,0.9990917146205902
malicious_pure,2149.ps1,1,2,0.9972247899639198,1.0,0.9999998890101495,0.9959380626678467,0.9979690313339233
malicious_pure,215.ps1,1,3,0.9994360747757163,1.0,0.9999999918867685,0.9995651841163635,0.9997825920581818
malicious_pure,2153.ps1,1,3,0.9720906822805128,1.0,0.9999999819471462,0.9951608777046204,0.9975804388523102
malicious_pure,2156.ps1,1,4,0.999220149314163,1.0,0.9999999840565656,0.9996747970581055,0.9998373985290527
malicious_pure,2160.ps1,1,1,0.9992506214428019,1.0,0.9999999935636188,0.9979789853096008,0.9989894926548004
malicious_pure,2163.ps1,1,1,0.9998508929082301,1.0,0.9999999971670268,0.9987443685531616,0.9993721842765808
malicious_pure,2168.ps1,1,3,0.9994390654845882,1.0,0.9999999918867685,0.9995703101158142,0.9997851550579071
malicious_pure,2169.ps1,1,0,0.9991956087799827,1.0,0.9999999801232897,0.9999829530715942,0.9999914765357971
malicious_pure,217.ps1,1,1,0.9992226783812023,1.0,0.9999999935636188,0.9980685114860535,0.9990342557430267
malicious_pure,2172.ps1,1,2,0.999785436641858,1.0,0.9999999952502143,0.9987088441848755,0.9993544220924377
malicious_pure,2173.ps1,1,0,0.9991406560978797,1.0,0.9999999853822292,0.9999791383743286,0.9999895691871643
malicious_pure,2174.ps1,1,1,0.9824822146586042,0.9933333333333333,0.9999999887122294,0.9986181259155273,0.9959757296244303
malicious_pure,2176.ps1,1,0,0.9991680398534306,1.0,0.9999999853822292,0.9999834299087524,0.9999917149543762
malicious_pure,2177.ps1,1,3,0.9994587567822935,1.0,0.9999999591752339,0.999099612236023,0.9995498061180115
malicious_pure,2181.ps1,1,3,0.9994371327082784,1.0,0.9999999918867685,0.9995661377906799,0.99978306889534
malicious_pure,2188.ps1,1,2,0.995481830060941,0.9966666666666667,0.9999994477491779,0.9589145183563232,0.9777905925114949
malicious_pure,2189.ps1,1,4,0.9966589493256149,1.0,0.9999981232528253,0.9925006031990051,0.9962503015995026
malicious_pure,2191.ps1,1,1,0.9992483774891976,1.0,0.9999999935636188,0.9978426694869995,0.9989213347434998
malicious_pure,2195.ps1,1,0,0.9991635112107635,1.0,0.9999999853822292,0.999983549118042,0.999991774559021
malicious_pure,2196.ps1,1,1,0.9992266866476739,1.0,0.9999999935636188,0.9976315498352051,0.9988157749176025
malicious_pure,220.ps1,1,4,0.9992125654589209,1.0,0.9999999840565656,0.9996753931045532,0.9998376965522766
malicious_pure,2200.ps1,1,4,0.9997799468966495,0.9966666666666667,0.999999893018381,0.9893408417701721,0.9930037542184194
malicious_pure,2205.ps1,1,1,0.9992260711377133,1.0,0.9999999935636188,0.9979419112205505,0.9989709556102753
malicious_pure,2208.ps1,1,3,0.9994357258160994,1.0,0.9999999918867685,0.999563992023468,0.999781996011734
malicious_pure,2209.ps1,1,0,0.9991614315131135,1.0,0.9999999853822292,0.9999837875366211,0.9999918937683105
malicious_pure,2212.ps1,1,2,0.9997941695121813,1.0,0.9999999908049629,0.9995332956314087,0.9997666478157043
malicious_pure,2213.ps1,1,0,0.99916116170742,1.0,0.9999999853822292,0.9999834299087524,0.9999917149543762
malicious_pure,2216.ps1,1,1,0.9992278356263283,1.0,0.9999999935636188,0.9978557229042053,0.9989278614521027
malicious_pure,2218.ps1,1,4,0.9597537558786827,0.9366666666666666,0.9997819389462393,0.3620176911354065,0.6493421789010365
malicious_pure,2219.ps1,1,0,0.9991938235303058,1.0,0.9999999801232897,0.9999825954437256,0.9999912977218628
malicious_pure,2220.ps1,1,3,0.9994369295755168,1.0,0.9999999918867685,0.9995692372322083,0.9997846186161041
malicious_pure,2222.ps1,1,3,0.9994859123415436,1.0,0.9999999918991481,0.9988104104995728,0.9994052052497864
malicious_pure,2223.ps1,1,2,0.8830382429093239,1.0,0.9999999253972001,0.9987910389900208,0.9993955194950104
malicious_pure,2227.ps1,1,3,0.9846499003340768,1.0,0.9999999416805564,0.997241735458374,0.998620867729187
malicious_pure,2229.ps1,1,3,0.9795151985170594,1.0,0.9999998691266705,0.9934163093566895,0.9967081546783447
malicious_pure,2230.ps1,1,2,0.9578744209452963,1.0,0.9999993201645804,0.9988964796066284,0.9994482398033142
malicious_pure,2234.ps1,1,0,0.9991398179668934,1.0,0.9999999853822292,0.9999797344207764,0.9999898672103882
malicious_pure,224.ps1,1,4,0.9991945009955853,1.0,0.9999999840565656,0.9996746778488159,0.999837338924408
malicious_pure,2240.ps1,1,1,0.9992607821184893,1.0,0.9999999935636188,0.9978502988815308,0.9989251494407654
malicious_pure,2241.ps1,1,0,0.999162126888688,1.0,0.9999999853822292,0.9999834299087524,0.9999917149543762
malicious_pure,2243.ps1,1,0,0.9991583875809433,1.0,0.9999999853822292,0.9999831914901733,0.9999915957450867
malicious_pure,2245.ps1,1,3,0.8976366240459112,1.0,0.9999998325812363,0.9962714910507202,0.9981357455253601
malicious_pure,2246.ps1,1,1,0.9992581959625301,1.0,0.9999999935636188,0.9974084496498108,0.9987042248249054
malicious_pure,2248.ps1,1,1,0.9992433004716317,1.0,0.9999999935636188,0.9979331493377686,0.9989665746688843
malicious_pure,2249.ps1,1,2,0.999793552638988,1.0,0.9999999908049629,0.9995436072349548,0.9997718036174774
malicious_pure,2250.ps1,1,1,0.9992042247190547,1.0,0.9999999935636188,0.9982205033302307,0.9991102516651154
malicious_pure,2253.ps1,1,3,0.9183628282139757,0.9966666666666667,0.9999999540166701,0.9977259039878845,0.9971962853272756
malicious_pure,2256.ps1,1,2,0.9997928821492761,1.0,0.9999999908049629,0.9995334148406982,0.9997667074203491
malicious_pure,2258.ps1,1,0,0.9991684494835865,1.0,0.9999999853822292,0.9999836683273315,0.9999918341636658
malicious_pure,2259.ps1,1,3,0.9999762001181108,1.0,0.999999979277338,0.9997884631156921,0.9998942315578461
malicious_pure,2264.ps1,1,2,0.9940877261912735,0.5066666666666667,0.6193790282130192,0.9651573300361633,0.7359119983514151
malicious_pure,2265.ps1,1,0,0.9991641296409622,1.0,0.9999999853822292,0.9999834299087524,0.9999917149543762
malicious_pure,2266.ps1,1,1,0.9992189577095638,1.0,0.9999999935636188,0.9978856444358826,0.9989428222179413
malicious_pure,2267.ps1,1,4,0.9997215930873108,1.0,0.9999999908102956,0.9994887113571167,0.9997443556785583
malicious_pure,2269.ps1,1,2,0.9997478074819214,1.0,0.9999999951244571,0.9987221360206604,0.9993610680103302
malicious_pure,2271.ps1,1,2,0.9999777568980447,1.0,0.9999999818944795,0.9996552467346191,0.9998276233673096
malicious_pure,2272.ps1,1,0,0.9991434384516138,1.0,0.9999999853822292,0.99997878074646,0.99998939037323
malicious_pure,2274.ps1,1,4,0.9992266672342583,1.0,0.9999999840565656,0.99967360496521,0.999836802482605
malicious_pure,2277.ps1,1,4,0.9992230018612396,1.0,0.9999999840565656,0.99967360496521,0.999836802482605
malicious_pure,2278.ps1,1,1,0.9992558715056858,1.0,0.9999999935636188,0.9979567527770996,0.9989783763885498
malicious_pure,2279.ps1,1,3,0.9994752591883524,1.0,0.9999999641363029,0.9989124536514282,0.9994562268257141
malicious_pure,2282.ps1,1,2,0.9998164138767746,1.0,0.9999999873295754,0.9992142915725708,0.9996071457862854
malicious_pure,2283.ps1,1,0,0.9991739466221877,1.0,0.9999999853822292,0.9999831914901733,0.9999915957450867
malicious_pure,2284.ps1,1,3,0.8911459660593608,1.0,0.9999998456623077,0.9905540347099304,0.9952770173549652
malicious_pure,2285.ps1,1,0,0.9991379329229337,1.0,0.9999999853822292,0.9999793767929077,0.9999896883964539
malicious_pure,2287.ps1,1,3,0.9983590224734966,1.0,0.9999987301574649,0.9937534928321838,0.9968767464160919
malicious_pure,2290.ps1,1,4,0.9978259360978514,1.0,0.9999997429055788,0.9222099781036377,0.9611049890518188
malicious_pure,2291.ps1,1,2,0.9984251361080576,1.0,0.9999998064938388,0.9994838237762451,0.9997419118881226
malicious_pure,2292.ps1,1,1,0.9992596026393198,1.0,0.9999999935636188,0.9980396628379822,0.9990198314189911
malicious_pure,2294.ps1,1,3,0.9687396700132394,1.0,0.9999999501649028,0.9963879585266113,0.9981939792633057
malicious_pure,2295.ps1,1,2,0.9958649465341661,1.0,0.999999976022007,0.9992528557777405,0.9996264278888702
malicious_pure,2296.ps1,1,0,0.9991607984478996,1.0,0.9999999853822292,0.999983549118042,0.999991774559021
malicious_pure,2299.ps1,1,0,0.9991637048842813,1.0,0.9999999853822292,0.999983549118042,0.999991774559021
malicious_pure,230.ps1,1,0,0.9991564258705536,1.0,0.9999999853822292,0.9999834299087524,0.9999917149543762
malicious_pure,2301.ps1,1,0,0.9991787053397534,1.0,0.9999999801232897,0.9999829530715942,0.9999914765357971
malicious_pure,2302.ps1,1,4,0.45419289510912086,0.12,0.0009435197543201315,0.941321611404419,0.5306608057022095
malicious_pure,2306.ps1,1,1,0.9992401348861355,1.0,0.9999999935636188,0.9979665279388428,0.9989832639694214
malicious_pure,2309.ps1,1,3,0.9517094920144866,0.9966666666666667,0.9999998439832251,0.9927896857261658,0.9947281761964162
malicious_pure,2310.ps1,1,1,0.9992305833976817,1.0,0.9999999935636188,0.9980347752571106,0.9990173876285553
malicious_pure,2311.ps1,1,4,0.9771332930468167,1.0,0.9999999159499195,0.9984044432640076,0.9992022216320038
malicious_pure,2312.ps1,1,4,0.9115214860898987,1.0,0.999999562524319,0.9963381290435791,0.9981690645217896
malicious_pure,2313.ps1,1,2,0.9997922217025712,1.0,0.9999999908049629,0.9995380640029907,0.9997690320014954
malicious_pure,2315.ps1,1,0,0.9991588682080442,1.0,0.9999999853822292,0.9999833106994629,0.9999916553497314
malicious_pure,2318.ps1,1,0,0.9991944378612455,1.0,0.9999999801232897,0.9999825954437256,0.9999912977218628
malicious_pure,2321.ps1,1,0,0.9991696805807823,1.0,0.9999999853822292,0.9999834299087524,0.9999917149543762
malicious_pure,2323.ps1,1,0,0.9991388903023694,1.0,0.9999999891184036,0.9999794960021973,0.9999897480010986
malicious_pure,2326.ps1,1,0,0.9991643860399684,1.0,0.9999999853822292,0.9999836683273315,0.9999918341636658
malicious_pure,2327.ps1,1,0,0.9991603414368871,1.0,0.9999999853822292,0.9999833106994629,0.9999916553497314
malicious_pure,2329.ps1,1,3,0.9994782741240226,1.0,0.9999999628897083,0.9987749457359314,0.9993874728679657
malicious_pure,2330.ps1,1,3,0.9994351012399528,1.0,0.9999999918867685,0.9995726943016052,0.9997863471508026
malicious_pure,2333.ps1,1,2,0.8908901008639105,1.0,0.9999999843238987,0.9986668825149536,0.9993334412574768
malicious_pure,2334.ps1,1,2,0.9997704108021567,1.0,0.9999999952502143,0.9985815286636353,0.9992907643318176
malicious_pure,2338.ps1,1,4,0.9996874773505549,0.9966666666666667,0.9999999957315899,0.9993923902511597,0.9980295284589131
malicious_pure,234.ps1,1,1,0.9992571410543771,1.0,0.9999999935636188,0.997955322265625,0.9989776611328125
malicious_pure,2343.ps1,1,3,0.999436127220187,1.0,0.9999999918867685,0.999570906162262,0.999785453081131
malicious_pure,2346.ps1,1,2,0.9998144947655846,1.0,0.9999999908049629,0.9992584586143494,0.9996292293071747
malicious_pure,2347.ps1,1,3,0.6582829273197065,0.9566666666666667,0.9999849489623026,0.894096851348877,0.9253817590077718
malicious_pure,2348.ps1,1,3,0.9900734248374204,1.0,0.9999999017074496,0.9940022826194763,0.9970011413097382
malicious_pure,2349.ps1,1,2,0.9998119657337411,1.0,0.9999999942838556,0.9986757636070251,0.9993378818035126
malicious_pure,2350.ps1,1,2,0.9997917644762264,1.0,0.9999999908049629,0.9995319843292236,0.9997659921646118
malicious_pure,2351.ps1,1,4,0.9984941606797104,1.0,0.999999033123989,0.9918345212936401,0.9959172606468201
malicious_pure,2353.ps1,1,0,0.9991545229432349,1.0,0.9999999853822292,0.9999834299087524,0.9999917149543762
malicious_pure,2356.ps1,1,0,0.9991625334445384,1.0,0.9999999853822292,0.9999837875366211,0.9999918937683105
malicious_pure,2357.ps1,1,0,0.9991984995402531,1.0,0.9999999801232897,0.9999828338623047,0.9999914169311523
malicious_pure,2358.ps1,1,2,0.9999205418733766,1.0,0.9999999896852895,0.9990635514259338,0.9995317757129669
malicious_pure,2362.ps1,1,0,0.9991377981596997,1.0,0.9999999853822292,0.9999794960021973,0.9999897480010986
malicious_pure,2364.ps1,1,1,0.9992495242424585,1.0,0.9999999935636188,0.9971168041229248,0.9985584020614624
malicious_pure,2365.ps1,1,2,0.999795996658317,1.0,0.9999999908049629,0.9995226860046387,0.9997613430023193
malicious_pure,2369.ps1,1,3,0.897422263304377,1.0,0.9999997586794912,0.994335949420929,0.9971679747104645
malicious_pure,2371.ps1,1,4,0.869353762388308,1.0,0.9999980922849195,0.9957725405693054,0.9978862702846527
malicious_pure,2374.ps1,1,1,0.9992251786288328,1.0,0.9999999935636188,0.9981339573860168,0.9990669786930084
malicious_pure,2377.ps1,1,4,0.9992057834636778,1.0,0.9999999840565656,0.9996709823608398,0.9998354911804199
malicious_pure,2378.ps1,1,0,0.9991375627376935,1.0,0.9999999853822292,0.9999790191650391,0.9999895095825195
malicious_pure,2380.ps1,1,2,0.9997941348350459,1.0,0.9999999908049629,0.9995245933532715,0.9997622966766357
malicious_pure,2381.ps1,1,3,0.9919353731675713,1.0,0.9999999695872293,0.9971231818199158,0.9985615909099579
malicious_pure,2382.ps1,1,3,0.9987694847558654,1.0,0.9999997624223238,0.9948832988739014,0.9974416494369507
malicious_pure,2383.ps1,1,0,0.9991891453643702,1.0,0.9999999801232897,0.9999831914901733,0.9999915957450867
malicious_pure,2386.ps1,1,3,0.9994658072958232,1.0,0.9999999923630903,0.9995860457420349,0.9997930228710175
malicious_pure,2388.ps1,1,2,0.9998156209292121,1.0,0.9999999908049629,0.9992602467536926,0.9996301233768463
malicious_pure,239.ps1,1,4,0.9992573622178569,1.0,0.9999999864917979,0.9996672868728638,0.9998336434364319
malicious_pure,2395.ps1,1,0,0.9991661648746432,1.0,0.9999999853822292,0.9999833106994629,0.9999916553497314
malicious_pure,2399.ps1,1,4,0.9991259272522055,1.0,0.9999999853453223,0.9984180927276611,0.9992090463638306
malicious_pure,240.ps1,1,2,0.9997840533822868,1.0,0.9999999951244571,0.9986673593521118,0.9993336796760559
malicious_pure,2405.ps1,1,1,0.9992260999066063,1.0,0.9999999935636188,0.9981556534767151,0.9990778267383575
malicious_pure,2407.ps1,1,0,0.9991646895217782,1.0,0.9999999853822292,0.9999833106994629,0.9999916553497314
malicious_pure,2408.ps1,1,3,0.9666817504842427,1.0,0.9999999511951977,0.9952635765075684,0.9976317882537842
malicious_pure,241.ps1,1,1,0.9992798615471026,1.0,0.9999999935636188,0.9976781010627747,0.9988390505313873
malicious_pure,2411.ps1,1,4,0.9974377687558785,1.0,0.9999981232528253,0.9901830554008484,0.9950915277004242
malicious_pure,2412.ps1,1,0,0.9991643968407602,1.0,0.9999999853822292,0.9999833106994629,0.9999916553497314
malicious_pure,2413.ps1,1,4,0.9991682107402174,1.0,0.9999999840565656,0.9995831847190857,0.9997915923595428
malicious_pure,2416.ps1,1,3,0.9994351863967507,1.0,0.9999999918867685,0.9995682835578918,0.9997841417789459
malicious_pure,2417.ps1,1,4,0.9991864573119807,1.0,0.9999999815193269,0.9994563460350037,0.9997281730175018
malicious_pure,2418.ps1,1,0,0.9991928781005784,1.0,0.9999999801232897,0.9999827146530151,0.9999913573265076
malicious_pure,242.ps1,1,0,0.9991636990075735,1.0,0.9999999853822292,0.999983549118042,0.999991774559021
malicious_pure,2422.ps1,1,2,0.9997926970796934,1.0,0.9999999908049629,0.9995365142822266,0.9997682571411133
malicious_pure,2423.ps1,1,2,0.9997962959686562,1.0,0.9999999908049629,0.9995352029800415,0.9997676014900208
malicious_pure,2429.ps1,1,2,0.9997954697746575,1.0,0.9999999908049629,0.9995332956314087,0.9997666478157043
malicious_pure,2431.ps1,1,1,0.9975452351658612,1.0,0.9999999957521122,0.9976943135261536,0.9988471567630768
malicious_pure,2432.ps1,1,2,0.996966547570426,1.0,0.9999998711999168,0.9966566562652588,0.9983283281326294
malicious_pure,2433.ps1,1,1,0.9992494007149718,1.0,0.9999999935636188,0.9976428151130676,0.9988214075565338
malicious_pure,2434.ps1,1,3,0.9994342917644162,1.0,0.9999999918867685,0.9995684027671814,0.9997842013835907
malicious_pure,2437.ps1,1,3,0.9995159831122502,1.0,0.9999999699895468,0.9987441301345825,0.9993720650672913
malicious_pure,2438.ps1,1,4,0.9617030265608766,1.0,0.9999998548198477,0.9945863485336304,0.9972931742668152
malicious_pure,2439.ps1,1,1,0.9992863867765133,1.0,0.9999999935636188,0.9978373646736145,0.9989186823368073
malicious_pure,244.ps1,1,0,0.999135802747351,1.0,0.9999999853822292,0.9999786615371704,0.9999893307685852
malicious_pure,2440.ps1,1,3,0.8819482936846412,1.0,0.9999998650614073,0.9964215755462646,0.9982107877731323
malicious_pure,2442.ps1,1,3,0.9991197695332978,1.0,0.9999999666654245,0.9985741376876831,0.9992870688438416
malicious_pure,2445.ps1,1,1,0.9992513614510236,1.0,0.9999999935636188,0.9979103207588196,0.9989551603794098
malicious_pure,2450.ps1,1,0,0.9991658754494641,1.0,0.9999999853822292,0.999983549118042,0.999991774559021
malicious_pure,2452.ps1,1,0,0.9991629923296229,1.0,0.9999999853822292,0.9999834299087524,0.9999917149543762
malicious_pure,2457.ps1,1,0,0.9991860097145954,1.0,0.9999999801232897,0.9999828338623047,0.9999914169311523
malicious_pure,2458.ps1,1,4,0.8867278767485253,1.0,0.9999999070005523,0.996597945690155,0.9982989728450775
malicious_pure,2461.ps1,1,0,0.9991665189164022,1.0,0.9999999853822292,0.999983549118042,0.999991774559021
malicious_pure,2462.ps1,1,2,0.9987621389656676,1.0,0.9999997654636495,0.9961795806884766,0.9980897903442383
malicious_pure,2464.ps1,1,2,0.9997581870930836,1.0,0.9999999951244571,0.9987597465515137,0.9993798732757568
malicious_pure,2465.ps1,1,1,0.9992844923154321,1.0,0.9999999935636188,0.9983229041099548,0.9991614520549774
malicious_pure,2469.ps1,1,3,0.9994380174592166,1.0,0.9999999918867685,0.9995641112327576,0.9997820556163788
malicious_pure,2470.ps1,1,0,0.999176450638031,1.0,0.9999999853822292,0.9999833106994629,0.9999916553497314
malicious_pure,2477.ps1,1,2,0.9920716867044836,1.0,0.9999998202145778,0.999309778213501,0.9996548891067505
malicious_pure,2478.ps1,1,4,0.9991988061220731,1.0,0.9999999840565656,0.9996767044067383,0.9998383522033691
malicious_pure,2481.ps1,1,3,0.9999767082002676,1.0,0.9999999746545367,0.999797523021698,0.999898761510849
malicious_pure,2486.ps1,1,4,0.9992094265308561,1.0,0.9999999840565656,0.99967360496521,0.999836802482605
malicious_pure,2487.ps1,1,2,0.9997943992668041,1.0,0.9999999908049629,0.999529242515564,0.999764621257782
malicious_pure,2490.ps1,1,1,0.9992696025505472,1.0,0.9999999935636188,0.9975544810295105,0.9987772405147552
malicious_pure,2492.ps1,1,1,0.9992322887616325,1.0,0.9999999935636188,0.9976657629013062,0.9988328814506531
malicious_pure,2496.ps1,1,2,0.9997963982752461,1.0,0.9999999908049629,0.9995287656784058,0.9997643828392029
malicious_pure,2498.ps1,1,0,0.9991649870869487,1.0,0.9999999853822292,0.9999837875366211,0.9999918937683105
malicious_pure,25.ps1,1,3,0.9988222130735862,1.0,0.9999997624223238,0.9950672388076782,0.9975336194038391
malicious_pure,2503.ps1,1,1,0.9992579571988841,1.0,0.9999999935636188,0.9977957010269165,0.9988978505134583
malicious_pure,2505.ps1,1,3,0.9994827447371885,1.0,0.9999999922078003,0.9989770650863647,0.9994885325431824
malicious_pure,251.ps1,1,3,0.9999173327340356,1.0,0.9999999595860806,0.9997995495796204,0.9998997747898102
malicious_pure,2511.ps1,1,0,0.9991560920996165,1.0,0.9999999853822292,0.999983549118042,0.999991774559021
malicious_pure,2514.ps1,1,1,0.9992672060428095,1.0,0.9999999935636188,0.9977959394454956,0.9988979697227478
malicious_pure,2516.ps1,1,0,0.9991591278256439,1.0,0.9999999853822292,0.999983549118042,0.999991774559021
malicious_pure,2519.ps1,1,2,0.9997869419782832,1.0,0.999999987784907,0.9985546469688416,0.9992773234844208
malicious_pure,252.ps1,1,2,0.9700656667832571,1.0,0.9999997322492911,0.9980236291885376,0.9990118145942688
malicious_pure,2523.ps1,1,3,0.9994382854170024,1.0,0.9999999918867685,0.9995662569999695,0.9997831284999847
malicious_pure,2527.ps1,1,2,0.9897684842364539,1.0,0.9999999701628859,0.9985590577125549,0.9992795288562775
malicious_pure,2528.ps1,1,4,0.9991775238962883,1.0,0.9999999851055688,0.9995841383934021,0.999792069196701
malicious_pure,253.ps1,1,3,0.9994359098141509,1.0,0.9999999918867685,0.9995716214179993,0.9997858107089996
malicious_pure,2530.ps1,1,2,0.9333994699748606,1.0,0.9999999631884768,0.9985686540603638,0.9992843270301819
malicious_pure,2531.ps1,1,2,0.9868132873330506,1.0,0.9999998786997596,0.9987150430679321,0.9993575215339661
malicious_pure,2532.ps1,1,1,0.999299523370221,1.0,0.9999999935636188,0.9978863596916199,0.9989431798458099
malicious_pure,2534.ps1,1,1,0.9992143793004948,1.0,0.9999999935636188,0.9971513152122498,0.9985756576061249
malicious_pure,2535.ps1,1,3,0.6560848267725984,0.9766666666666667,0.9999787776366394,0.9159029722213745,0.9462848194440205
malicious_pure,2537.ps1,1,3,0.9994518500180136,1.0,0.9999999923630903,0.9995629191398621,0.999781459569931
malicious_pure,254.ps1,1,3,0.9726705410480454,1.0,0.9999998782962302,0.9967142343521118,0.9983571171760559
malicious_pure,2541.ps1,1,3,0.9994400055815696,1.0,0.9999999918867685,0.9995691180229187,0.9997845590114594
malicious_pure,2543.ps1,1,0,0.9991674305853431,1.0,0.9999999853822292,0.9999837875366211,0.9999918937683105
malicious_pure,2545.ps1,1,3,0.9999211719055954,1.0,0.999999983949631,0.9994539618492126,0.9997269809246063
malicious_pure,255.ps1,1,0,0.9991666251999323,1.0,0.9999999853822292,0.9999834299087524,0.9999917149543762
malicious_pure,2552.ps1,1,3,0.9994388245843033,1.0,0.9999999918867685,0.9995686411857605,0.9997843205928802
malicious_pure,2556.ps1,1,0,0.999189408863882,1.0,0.9999999801232897,0.9999829530715942,0.9999914765357971
malicious_pure,2557.ps1,1,3,0.9994339596056937,1.0,0.9999999918867685,0.9995719790458679,0.999785989522934
malicious_pure,2558.ps1,1,4,0.9997546956792144,1.0,0.9999999922086379,0.9994605183601379,0.999730259180069
malicious_pure,2560.ps1,1,2,0.9997939678510818,1.0,0.9999999908049629,0.9995365142822266,0.9997682571411133
malicious_pure,2562.ps1,1,1,0.9991946933013648,1.0,0.9999999935636188,0.997831404209137,0.9989157021045685
malicious_pure,2565.ps1,1,4,0.9987785608892397,1.0,0.9999999835736111,0.9989004135131836,0.9994502067565918
malicious_pure,2567.ps1,1,0,0.9991438256698152,1.0,0.9999999853822292,0.9999796152114868,0.9999898076057434
malicious_pure,2568.ps1,1,2,0.9997691961255438,1.0,0.9999999882121452,0.9987126588821411,0.9993563294410706
malicious_pure,2573.ps1,1,3,0.9988230466565442,1.0,0.9999999781979987,0.9984983205795288,0.9992491602897644
malicious_pure,2575.ps1,1,1,0.9992669669094935,1.0,0.9999999935636188,0.9979878664016724,0.9989939332008362
malicious_pure,2576.ps1,1,3,0.999438158917482,1.0,0.9999999918867685,0.9995731711387634,0.9997865855693817
malicious_pure,2577.ps1,1,4,0.9992224879375777,1.0,0.9999999840565656,0.9996695518493652,0.9998347759246826
malicious_pure,2579.ps1,1,1,0.9992671326786798,1.0,0.9999999935636188,0.9978121519088745,0.9989060759544373
malicious_pure,258.ps1,1,0,0.9991658500762095,1.0,0.9999999853822292,0.9999837875366211,0.9999918937683105
malicious_pure,2580.ps1,1,4,0.9964272810590125,1.0,0.9999994229577663,0.9911943674087524,0.9955971837043762
malicious_pure,2589.ps1,1,2,0.9991089562881048,0.9766666666666667,0.9999982124047998,0.8021938800811768,0.8894302733739217
malicious_pure,2592.ps1,1,1,0.9998808257587709,1.0,0.99999991058903,0.9604653120040894,0.9802326560020447
malicious_pure,2593.ps1,1,3,0.9994837535354837,1.0,0.9999999654083153,0.9989632368087769,0.9994816184043884
malicious_pure,2594.ps1,1,2,0.9997929527305848,1.0,0.9999999908049629,0.9995307922363281,0.9997653961181641
malicious_pure,2602.ps1,1,2,0.9917700754379875,1.0,0.9999992916916719,0.9986973404884338,0.9993486702442169
malicious_pure,2603.ps1,1,3,0.9994381976544695,1.0,0.9999999918867685,0.9995657801628113,0.9997828900814056
malicious_pure,2607.ps1,1,4,0.7101224839037271,0.9266666666666666,0.9999654137933109,0.9555237293243408,0.9410951979955038
malicious_pure,2609.ps1,1,0,0.999140320441224,1.0,0.9999999853822292,0.9999790191650391,0.9999895095825195
malicious_pure,2610.ps1,1,1,0.9992210469674233,1.0,0.9999999935636188,0.9976208806037903,0.9988104403018951
malicious_pure,2613.ps1,1,0,0.9991375371364062,1.0,0.9999999853822292,0.99997878074646,0.99998939037323
malicious_pure,2625.ps1,1,3,0.9631222283808316,1.0,0.9999997387111225,0.9928849339485168,0.9964424669742584
malicious_pure,2627.ps1,1,4,0.9887027714618397,0.9666666666666667,0.9999953613604619,0.9933505654335022,0.9800086160500845
malicious_pure,2628.ps1,1,1,0.9992723166911829,1.0,0.9999999935636188,0.9975380897521973,0.9987690448760986
malicious_pure,263.ps1,1,1,0.9992240937103458,1.0,0.9999999935636188,0.9982049465179443,0.9991024732589722
malicious_pure,2631.ps1,1,0,0.9991611682239158,1.0,0.9999999853822292,0.9999834299087524,0.9999917149543762
malicious_pure,2632.ps1,1,4,0.9991571745521736,1.0,0.9999999881525813,0.9989522695541382,0.9994761347770691
malicious_pure,2633.ps1,1,4,0.9992298048253504,1.0,0.9999999840565656,0.9996722936630249,0.9998361468315125
malicious_pure,2634.ps1,1,4,0.9992011451531989,1.0,0.9999999840565656,0.9996786117553711,0.9998393058776855
malicious_pure,2643.ps1,1,4,0.9991931102703479,1.0,0.9999999840565656,0.9996765851974487,0.9998382925987244
malicious_pure,2645.ps1,1,0,0.9991704802486451,1.0,0.9999999853822292,0.999983549118042,0.999991774559021
malicious_pure,2647.ps1,1,2,0.9997940709153427,1.0,0.9999999908049629,0.999534010887146,0.999767005443573
malicious_pure,2648.ps1,1,2,0.9998128284611248,1.0,0.9999999908049629,0.9992378950119019,0.9996189475059509
malicious_pure,2649.ps1,1,1,0.9992773810631427,1.0,0.9999999935636188,0.9977825284004211,0.9988912642002106
malicious_pure,265.ps1,1,4,0.9991981249733787,1.0,0.9999999840565656,0.9996761083602905,0.9998380541801453
malicious_pure,2650.ps1,1,0,0.9991820309767511,1.0,0.9999999801232897,0.9999827146530151,0.9999913573265076
malicious_pure,2651.ps1,1,4,0.999216323678037,1.0,0.9999999840565656,0.9996728897094727,0.9998364448547363
malicious_pure,2653.ps1,1,0,0.9991665945716859,1.0,0.9999999853822292,0.999983549118042,0.999991774559021
malicious_pure,2654.ps1,1,4,0.9990722299446191,1.0,0.9999999853453223,0.9984061121940613,0.9992030560970306
malicious_pure,2657.ps1,1,3,0.9314075195208397,0.9933333333333333,0.9999993942048715,0.9960911870002747,0.9947122601668039
malicious_pure,2661.ps1,1,0,0.9991634072704995,1.0,0.9999999853822292,0.999983549118042,0.999991774559021
malicious_pure,2664.ps1,1,2,0.9998153471034076,1.0,0.9999999908049629,0.9992408752441406,0.9996204376220703
malicious_pure,2668.ps1,1,1,0.9992660999294264,1.0,0.9999999935636188,0.9981951117515564,0.9990975558757782
malicious_pure,2669.ps1,1,4,0.9991951187489725,1.0,0.9999999815193269,0.9994499087333679,0.999724954366684
malicious_pure,2672.ps1,1,0,0.9991378830729908,1.0,0.9999999853822292,0.9999790191650391,0.9999895095825195
malicious_pure,2676.ps1,1,4,0.9784241957024058,0.9866666666666667,0.999999944715378,0.9881929755210876,0.9874298210938772
malicious_pure,2678.ps1,1,1,0.9956466852578295,0.9933333333333333,0.9999985469970349,0.9536551237106323,0.9734942285219828
malicious_pure,2680.ps1,1,0,0.9991373145602656,1.0,0.9999999853822292,0.9999790191650391,0.9999895095825195
malicious_pure,2685.ps1,1,2,0.9979856914098175,1.0,0.9999997526920349,0.9960285425186157,0.9980142712593079
malicious_pure,2687.ps1,1,1,0.9992791563117902,1.0,0.9999999935636188,0.9976400136947632,0.9988200068473816
malicious_pure,2691.ps1,1,0,0.9991872843601397,1.0,0.9999999801232897,0.999982476234436,0.999991238117218
malicious_pure,2692.ps1,1,4,0.9595608887186116,0.9766666666666667,0.9999998400268088,0.9766657948493958,0.9766662307580312
malicious_pure,2693.ps1,1,0,0.9991384605578545,1.0,0.9999999853822292,0.9999792575836182,0.9999896287918091
malicious_pure,2695.ps1,1,3,0.997363859360336,1.0,0.9999999489413284,0.9454853534698486,0.9727426767349243
malicious_pure,2698.ps1,1,0,0.999161772806017,1.0,0.9999999853822292,0.999983549118042,0.999991774559021
malicious_pure,2699.ps1,1,1,0.9992689356656844,1.0,0.9999999935636188,0.9978311657905579,0.9989155828952789
malicious_pure,2700.ps1,1,4,0.5479681833635706,0.69,0.9291697754154292,0.31278207898139954,0.5013910394906997
malicious_pure,2702.ps1,1,1,0.9992344090855959,1.0,0.9999999935636188,0.997877836227417,0.9989389181137085
malicious_pure,2704.ps1,1,0,0.999163758052316,1.0,0.9999999853822292,0.9999834299087524,0.9999917149543762
malicious_pure,2705.ps1,1,4,0.9997502529173049,1.0,0.9999999952935579,0.9998576641082764,0.9999288320541382
malicious_pure,2706.ps1,1,0,0.9991637244512106,1.0,0.9999999853822292,0.999983549118042,0.999991774559021
malicious_pure,2709.ps1,1,1,0.9992450544643756,1.0,0.9999999935636188,0.9977286458015442,0.9988643229007721
malicious_pure,271.ps1,1,4,0.9997484227838329,1.0,0.9999999919811352,0.999863862991333,0.9999319314956665
malicious_pure,2710.ps1,1,0,0.9991589336576207,1.0,0.9999999853822292,0.9999833106994629,0.9999916553497314
malicious_pure,2711.ps1,1,3,0.9994404663182404,1.0,0.9999999918867685,0.9995730519294739,0.9997865259647369
malicious_pure,2713.ps1,1,2,0.9919068099106985,1.0,0.9999999756694139,0.9993219375610352,0.9996609687805176
malicious_pure,2715.ps1,1,1,0.9992251939465445,1.0,0.9999999935636188,0.9978860020637512,0.9989430010318756
malicious_pure,2717.ps1,1,0,0.9991664788120929,1.0,0.9999999853822292,0.9999839067459106,0.9999919533729553
malicious_pure,272.ps1,1,3,0.9999767595030873,1.0,0.9999999746545367,0.9998007416725159,0.9999003708362579
malicious_pure,2724.ps1,1,1,0.9992197715482082,1.0,0.9999999935636188,0.9979117512702942,0.9989558756351471
malicious_pure,2725.ps1,1,0,0.9991383459789107,1.0,0.9999999853822292,0.9999790191650391,0.9999895095825195
malicious_pure,2727.ps1,1,4,0.9992032579067066,1.0,0.9999999815193269,0.9994503855705261,0.9997251927852631
malicious_pure,2730.ps1,1,3,0.9985233226879294,1.0,0.9999999470158759,0.9482781887054443,0.9741390943527222
malicious_pure,2732.ps1,1,1,0.9992540098838085,1.0,0.9999999935636188,0.9980826377868652,0.9990413188934326
malicious_pure,2734.ps1,1,1,0.9992472414636216,1.0,0.9999999935636188,0.9978762865066528,0.9989381432533264
malicious_pure,2739.ps1,1,3,0.9994604819308749,1.0,0.9999999929107719,0.999332845211029,0.9996664226055145
malicious_pure,2740.ps1,1,0,0.9991718794876324,1.0,0.9999999853822292,0.9999836683273315,0.9999918341636658
malicious_pure,2742.ps1,1,4,0.9992778643168315,1.0,0.9999998528068944,0.998711347579956,0.999355673789978
malicious_pure,2743.ps1,1,1,0.999269315689933,1.0,0.9999999935636188,0.9970611929893494,0.9985305964946747
malicious_pure,2746.ps1,1,0,0.9991886470339231,1.0,0.9999999801232897,0.9999827146530151,0.9999913573265076
malicious_pure,2752.ps1,1,4,0.6808889367833175,0.95,0.9999863514423142,0.8739947080612183,0.9119973540306091
malicious_pure,2753.ps1,1,3,0.9995026939448047,1.0,0.9999999715140439,0.9988203644752502,0.9994101822376251
malicious_pure,2756.ps1,1,1,0.9992270973594833,1.0,0.9999999935636188,0.9982636570930481,0.999131828546524
malicious_pure,2757.ps1,1,1,0.9992453526472974,1.0,0.9999999935636188,0.9980650544166565,0.9990325272083282
malicious_pure,276.ps1,1,2,0.9992678472995251,1.0,0.9999999889089991,0.9996883869171143,0.9998441934585571
malicious_pure,2760.ps1,1,0,0.9991502987067566,1.0,0.9999999851979475,0.9999794960021973,0.9999897480010986
malicious_pure,2762.ps1,1,4,0.9680122895775645,0.9966666666666667,0.9999997765741004,0.9970360994338989,0.9968513830502828
malicious_pure,2763.ps1,1,3,0.9994682999649477,1.0,0.9999999641363029,0.9988879561424255,0.9994439780712128
malicious_pure,2764.ps1,1,0,0.9991651919693689,1.0,0.9999999853822292,0.9999834299087524,0.9999917149543762
malicious_pure,2765.ps1,1,2,0.9973272963643064,1.0,0.9999998673899899,0.9995958209037781,0.999797910451889
malicious_pure,2766.ps1,1,2,0.9477439222663286,0.96,0.9999020688169175,0.9715519547462463,0.9657759773731232
malicious_pure,2768.ps1,1,4,0.9446142200909458,1.0,0.9999993481289585,0.9934187531471252,0.9967093765735626
malicious_pure,2769.ps1,1,3,0.9015423981871288,1.0,0.9999998375573986,0.9968878626823425,0.9984439313411713
malicious_pure,2770.ps1,1,3,0.8820421515366774,1.0,0.9999998373943992,0.9971318244934082,0.9985659122467041
malicious_pure,2771.ps1,1,4,0.9891594252218878,1.0,0.9999999661670691,0.9976564645767212,0.9988282322883606
malicious_pure,2772.ps1,1,2,0.9997951373169236,1.0,0.9999999908049629,0.9995355606079102,0.9997677803039551
malicious_pure,2774.ps1,1,3,0.9985252124526204,1.0,0.9999997294241906,0.995154857635498,0.997577428817749
malicious_pure,2775.ps1,1,4,0.9172055346217913,1.0,0.9999999108405149,0.997056245803833,0.9985281229019165
malicious_pure,278.ps1,1,2,0.9997956670566929,1.0,0.9999999908049629,0.9995303153991699,0.999765157699585
malicious_pure,2781.ps1,1,0,0.9991625818997534,1.0,0.9999999853822292,0.9999833106994629,0.9999916553497314
malicious_pure,2782.ps1,1,2,0.9997770953998659,1.0,0.999999995581065,0.998803973197937,0.9994019865989685
malicious_pure,2783.ps1,1,4,0.9997490321339194,1.0,0.9999999952935579,0.9998584985733032,0.9999292492866516
malicious_pure,2788.ps1,1,4,0.9991230011952718,1.0,0.999999986118218,0.9986911416053772,0.9993455708026886
malicious_pure,2789.ps1,1,3,0.994501461981177,0.9766666666666667,0.9999989213400942,0.9433305263519287,0.9599985965092976
malicious_pure,279.ps1,1,4,0.999202420219415,1.0,0.9999999840565656,0.9996694326400757,0.9998347163200378
malicious_pure,2792.ps1,1,4,0.900018912556957,0.7066666666666667,0.9987129308538546,0.9822924733161926,0.8444795699914296
malicious_pure,2794.ps1,1,1,0.9992414489894558,1.0,0.9999999935636188,0.9975473284721375,0.9987736642360687
malicious_pure,28.ps1,1,2,0.9990429631777208,1.0,0.9999999762165533,0.9997300505638123,0.9998650252819061
malicious_pure,2801.ps1,1,1,0.9992070268309329,1.0,0.9999999935636188,0.9976586103439331,0.9988293051719666
malicious_pure,2808.ps1,1,2,0.9987546086023655,1.0,0.9999999850112902,0.9997190833091736,0.9998595416545868
malicious_pure,2809.ps1,1,4,0.9129742313974912,1.0,0.9999999083785696,0.9852112531661987,0.9926056265830994
malicious_pure,281.ps1,1,3,0.9492108851527977,1.0,0.9999999767731388,0.9960983991622925,0.9980491995811462
malicious_pure,2811.ps1,1,1,0.999243770850503,1.0,0.9999999935636188,0.9974491000175476,0.9987245500087738
malicious_pure,2812.ps1,1,2,0.9998161619971032,1.0,0.9999999908049629,0.9992514252662659,0.9996257126331329
malicious_pure,2816.ps1,1,1,0.9992564060563501,1.0,0.9999999935636188,0.9978381991386414,0.9989190995693207
malicious_pure,2817.ps1,1,2,0.999794058813932,1.0,0.9999999908049629,0.999537467956543,0.9997687339782715
malicious_pure,2818.ps1,1,4,0.9646032156959111,1.0,0.9999999485283606,0.9961990714073181,0.9980995357036591
malicious_pure,2819.ps1,1,0,0.9991567028981991,1.0,0.9999999853822292,0.999983549118042,0.999991774559021
malicious_pure,282.ps1,1,4,0.999694118040667,0.9966666666666667,0.9999999936281279,0.9994499087333679,0.9980582877000173
malicious_pure,2821.ps1,1,4,0.9997474309558517,1.0,0.9999999952935579,0.9998595714569092,0.9999297857284546
malicious_pure,2822.ps1,1,3,0.9984430671380343,1.0,0.9999999684585111,0.9984220266342163,0.9992110133171082
malicious_pure,2823.ps1,1,0,0.999164592832573,1.0,0.9999999853822292,0.999983549118042,0.999991774559021
malicious_pure,2827.ps1,1,0,0.9991699504502881,1.0,0.9999999853822292,0.9999834299087524,0.9999917149543762
malicious_pure,2832.ps1,1,4,0.999750935811384,1.0,0.9999999952935579,0.9998595714569092,0.9999297857284546
malicious_pure,2838.ps1,1,4,0.9873134343624235,0.96,0.9999908581244641,0.9936407208442688,0.9768203604221344
malicious_pure,2842.ps1,1,2,0.9997929388517435,1.0,0.9999999908049629,0.999534010887146,0.999767005443573
malicious_pure,2843.ps1,1,3,0.9981501685259938,1.0,0.9999997128497814,0.9949944019317627,0.9974972009658813
malicious_pure,2846.ps1,1,0,0.999158733751183,1.0,0.9999999853822292,0.9999833106994629,0.9999916553497314
malicious_pure,2847.ps1,1,1,0.9992577054189651,1.0,0.9999999935636188,0.9981635212898254,0.9990817606449127
malicious_pure,2848.ps1,1,4,0.9802970205716625,1.0,0.9999999699526507,0.9970507621765137,0.9985253810882568
malicious_pure,2852.ps1,1,4,0.9464947522489038,1.0,0.9999997829864522,0.9941521286964417,0.9970760643482208
malicious_pure,2855.ps1,1,1,0.9992636674577685,1.0,0.9999999935636188,0.9976828098297119,0.998841404914856
malicious_pure,2857.ps1,1,1,0.999283715326511,1.0,0.9999999935636188,0.9983042478561401,0.9991521239280701
malicious_pure,2862.ps1,1,3,0.999442219454013,1.0,0.9999999918867685,0.9995688796043396,0.9997844398021698
malicious_pure,2863.ps1,1,2,0.9997978408174245,1.0,0.9999999908049629,0.9995334148406982,0.9997667074203491
malicious_pure,2865.ps1,1,0,0.9991626304501496,1.0,0.9999999801232897,0.9999816417694092,0.9999908208847046
malicious_pure,2867.ps1,1,1,0.9992314606402908,1.0,0.9999999935636188,0.9976606369018555,0.9988303184509277
malicious_pure,2868.ps1,1,2,0.9998142451635456,1.0,0.9999999908049629,0.9992654919624329,0.9996327459812164
malicious_pure,2869.ps1,1,2,0.9997937481501367,1.0,0.9999999908049629,0.9995304346084595,0.9997652173042297
malicious_pure,287.ps1,1,2,0.9997939935249531,1.0,0.9999999908049629,0.9995236396789551,0.9997618198394775
malicious_pure,2871.ps1,1,1,0.9992423805563125,1.0,0.9999999935636188,0.9981073141098022,0.9990536570549011
malicious_pure,2872.ps1,1,0,0.9991614527516266,1.0,0.9999999853822292,0.999983549118042,0.999991774559021
malicious_pure,2873.ps1,1,4,0.999251468002287,1.0,0.9999999868052163,0.9996637105941772,0.9998318552970886
malicious_pure,2876.ps1,1,4,0.9661480913346489,1.0,0.999999835090082,0.997163712978363,0.9985818564891815
malicious_pure,2877.ps1,1,0,0.9991606689253045,1.0,0.9999999853822292,0.9999836683273315,0.9999918341636658
malicious_pure,2881.ps1,1,1,0.9992635942758253,1.0,0.9999999935636188,0.9978086352348328,0.9989043176174164
malicious_pure,2882.ps1,1,4,0.9979900948989671,0.9966666666666667,0.9999988657098186,0.9913493394851685,0.9940080030759175
malicious_pure,2883.ps1,1,1,0.9992607351494026,1.0,0.9999999935636188,0.9980809688568115,0.9990404844284058
malicious_pure,2884.ps1,1,3,0.9756693270523119,0.9833333333333333,0.9999999554184869,0.9967787861824036,0.9900560597578685
malicious_pure,2885.ps1,1,2,0.9981008116490924,1.0,0.9999997654636495,0.9963433146476746,0.9981716573238373
malicious_pure,2886.ps1,1,4,0.9992489135857519,0.9866666666666667,0.9999998513906353,0.9942765831947327,0.9904716249306997
malicious_pure,2887.ps1,1,0,0.9991708205156045,1.0,0.9999999853822292,0.9999839067459106,0.9999919533729553
malicious_pure,2890.ps1,1,0,0.9991434269020234,1.0,0.9999999853822292,0.9999792575836182,0.9999896287918091
malicious_pure,2891.ps1,1,1,0.2585583092291821,0.3333333333333333,0.13912538368770702,0.693038821220398,0.5131860772768656
malicious_pure,2893.ps1,1,0,0.9991670660984959,1.0,0.9999999853822292,0.9999834299087524,0.9999917149543762
malicious_pure,2894.ps1,1,3,0.9730522806242748,0.9833333333333333,0.9999999173799997,0.9926980137825012,0.9880156735579173
malicious_pure,2897.ps1,1,1,0.9992393189840091,1.0,0.9999999935636188,0.9977983236312866,0.9988991618156433
malicious_pure,29.ps1,1,4,0.9956906214110733,1.0,0.9999998089801673,0.9427316188812256,0.9713658094406128
malicious_pure,290.ps1,1,1,0.9992693178843393,1.0,0.9999999935636188,0.997520387172699,0.9987601935863495
malicious_pure,2903.ps1,1,4,0.9882147578442693,0.9966666666666667,0.9999989880282949,0.9955418705940247,0.9961042686303456
malicious_pure,2906.ps1,1,4,0.8794881239532308,1.0,0.9999999199875453,0.9973641037940979,0.998682051897049
malicious_pure,2908.ps1,1,2,0.9980243015961079,0.9,0.9999780993371442,0.7856245040893555,0.8428122520446777
malicious_pure,2911.ps1,1,3,0.9999155162197794,1.0,0.9999999919748449,0.9994924068450928,0.9997462034225464
malicious_pure,2918.ps1,1,0,0.999150044035351,1.0,0.9999999851979475,0.9999794960021973,0.9999897480010986
malicious_pure,2919.ps1,1,2,0.9998169583692008,1.0,0.9999999873295754,0.9992309808731079,0.999615490436554
malicious_pure,2921.ps1,1,4,0.9992458300564182,1.0,0.9999999868052163,0.9996647834777832,0.9998323917388916
malicious_pure,2928.ps1,1,4,0.9992680384149014,1.0,0.9999999864917979,0.9996681213378906,0.9998340606689453
malicious_pure,293.ps1,1,2,0.9997933627706614,1.0,0.9999999908049629,0.9995355606079102,0.9997677803039551
malicious_pure,2930.ps1,1,1,0.9992861404751727,1.0,0.9999999935636188,0.9977462887763977,0.9988731443881989
malicious_pure,2931.ps1,1,4,0.9991710993110975,1.0,0.9999999840565656,0.9995792508125305,0.9997896254062653
malicious_pure,2933.ps1,1,3,0.9999767665729582,1.0,0.9999999746545367,0.9997991919517517,0.9998995959758759
malicious_pure,2940.ps1,1,3,0.9994727286505759,1.0,0.9999999922078003,0.9986163377761841,0.999308168888092
malicious_pure,2945.ps1,1,0,0.9991970187001173,1.0,0.9999999801232897,0.9999816417694092,0.9999908208847046
malicious_pure,2949.ps1,1,0,0.9991613360165565,1.0,0.9999999853822292,0.999983549118042,0.999991774559021
malicious_pure,2950.ps1,1,4,0.9992843485588826,1.0,0.9999998528068944,0.9987788796424866,0.9993894398212433
malicious_pure,2951.ps1,1,1,0.9991972814229936,1.0,0.9999999935636188,0.9978737831115723,0.9989368915557861
malicious_pure,2956.ps1,1,2,0.9997936244360683,1.0,0.9999999908049629,0.999536395072937,0.9997681975364685
malicious_pure,2963.ps1,1,1,0.9992373977879242,1.0,0.9999999935636188,0.9969066977500916,0.9984533488750458
malicious_pure,2968.ps1,1,0,0.9991705128307091,1.0,0.9999999853822292,0.9999834299087524,0.9999917149543762
malicious_pure,2970.ps1,1,1,0.9992435480569407,1.0,0.9999999925393627,0.9977418184280396,0.9988709092140198
malicious_pure,2974.ps1,1,3,0.999436796686241,1.0,0.9999999918867685,0.9995726943016052,0.9997863471508026
malicious_pure,2975.ps1,1,2,0.9997949640760241,1.0,0.9999999908049629,0.9995337724685669,0.9997668862342834
malicious_pure,2976.ps1,1,1,0.9992529494104954,1.0,0.9999999935636188,0.9979052543640137,0.9989526271820068
malicious_pure,2977.ps1,1,1,0.9992784934860054,1.0,0.9999999935636188,0.9978261590003967,0.9989130795001984
malicious_pure,2979.ps1,1,0,0.9991451710398044,1.0,0.9999999853822292,0.9999790191650391,0.9999895095825195
malicious_pure,2981.ps1,1,4,0.970060021162122,1.0,0.9999996542127793,0.9971722960472107,0.9985861480236053
malicious_pure,2985.ps1,1,3,0.9999761359704672,1.0,0.999999979277338,0.999794065952301,0.9998970329761505
malicious_pure,2987.ps1,1,0,0.9991771739044712,1.0,0.9999999853822292,0.999983549118042,0.999991774559021
malicious_pure,2989.ps1,1,4,0.964845076383111,1.0,0.999999835090082,0.9967229962348938,0.9983614981174469
malicious_pure,299.ps1,1,2,0.9997929254941431,1.0,0.9999999908049629,0.999531626701355,0.9997658133506775
malicious_pure,2992.ps1,1,0,0.999138213157974,1.0,0.9999999853822292,0.9999792575836182,0.9999896287918091
malicious_pure,2993.ps1,1,4,0.9992147355198442,1.0,0.9999999840565656,0.9996790885925293,0.9998395442962646
malicious_pure,2994.ps1,1,2,0.9998085591659794,1.0,0.999999995581065,0.9986328482627869,0.9993164241313934
malicious_pure,2998.ps1,1,4,0.9991810348694724,1.0,0.9999999853453223,0.9987792372703552,0.9993896186351776
malicious_pure,3.ps1,1,4,0.9990414211827294,1.0,0.999999977378008,0.9987897276878357,0.9993948638439178
malicious_pure,3007.ps1,1,3,0.9994345678492793,1.0,0.9999999918867685,0.9995668530464172,0.9997834265232086
malicious_pure,3009.ps1,1,1,0.9992232424027367,1.0,0.9999999935636188,0.998134970664978,0.999067485332489
malicious_pure,301.ps1,1,0,0.9991607732055604,1.0,0.9999999853822292,0.999983549118042,0.999991774559021
malicious_pure,3021.ps1,1,0,0.9991695429909548,1.0,0.9999999853822292,0.9999834299087524,0.9999917149543762
malicious_pure,3022.ps1,1,0,0.9991612725725552,1.0,0.9999999853822292,0.9999831914901733,0.9999915957450867
malicious_pure,3024.ps1,1,0,0.9991637598922686,1.0,0.9999999853822292,0.9999836683273315,0.9999918341636658
malicious_pure,3026.ps1,1,2,0.9997646167660771,1.0,0.9999998944502035,0.9983773231506348,0.9991886615753174
malicious_pure,3028.ps1,1,2,0.9997929779340864,1.0,0.9999999908049629,0.9995367527008057,0.9997683763504028
malicious_pure,3029.ps1,1,1,0.9992587864562067,1.0,0.9999999935636188,0.9976146221160889,0.9988073110580444
malicious_pure,3030.ps1,1,0,0.9991642403725154,1.0,0.9999999853822292,0.9999836683273315,0.9999918341636658
malicious_pure,3031.ps1,1,1,0.9992105936154573,1.0,0.9999999935636188,0.9976784586906433,0.9988392293453217
malicious_pure,3032.ps1,1,4,0.9991958785666847,1.0,0.9999999840565656,0.9996777772903442,0.9998388886451721
malicious_pure,3036.ps1,1,2,0.999792247384767,1.0,0.9999999908049629,0.9995419979095459,0.999770998954773
malicious_pure,3037.ps1,1,2,0.9997931724910735,1.0,0.9999999908049629,0.999531626701355,0.9997658133506775
malicious_pure,304.ps1,1,2,0.9997523161100553,1.0,0.999999995581065,0.9986097812652588,0.9993048906326294
malicious_pure,3043.ps1,1,3,0.9710158283488031,1.0,0.9999999865997353,0.9855594635009766,0.9927797317504883
malicious_pure,3044.ps1,1,4,0.9991903762125315,1.0,0.9999999840565656,0.9996752738952637,0.9998376369476318
malicious_pure,3046.ps1,1,3,0.9994325644688538,1.0,0.9999999918867685,0.9995723366737366,0.9997861683368683
malicious_pure,3048.ps1,1,3,0.9994896114513407,1.0,0.9999999715140439,0.9988447427749634,0.9994223713874817
malicious_pure,3049.ps1,1,0,0.9991495990446415,1.0,0.9999999851979475,0.9999793767929077,0.9999896883964539
malicious_pure,305.ps1,1,1,0.9991983517835292,1.0,0.9999999935636188,0.9978510141372681,0.998925507068634
malicious_pure,3051.ps1,1,2,0.9967373014953046,1.0,0.9999997189604103,0.9964661598205566,0.9982330799102783
malicious_pure,3052.ps1,1,2,0.9916197732554937,1.0,0.9999998202145778,0.9991686344146729,0.9995843172073364
malicious_pure,3053.ps1,1,3,0.9983082069849774,1.0,0.9999999740171219,0.9980868101119995,0.9990434050559998
malicious_pure,3054.ps1,1,1,0.9992825088168686,1.0,0.9999999935636188,0.9982144832611084,0.9991072416305542
malicious_pure,3056.ps1,1,4,0.9992006468276238,1.0,0.9999999815193269,0.9994514584541321,0.999725729227066
malicious_pure,3059.ps1,1,0,0.99915670800063,1.0,0.9999999853822292,0.9999834299087524,0.9999917149543762
malicious_pure,3060.ps1,1,2,0.9992303324904289,1.0,0.9999999612196206,0.999725878238678,0.999862939119339
malicious_pure,3062.ps1,1,3,0.9895032634754977,0.9333333333333333,0.999996244963045,0.9959087371826172,0.9646210352579753
malicious_pure,3069.ps1,1,0,0.999161862108523,1.0,0.9999999853822292,0.9999834299087524,0.9999917149543762
malicious_pure,3070.ps1,1,2,0.9997727824000352,1.0,0.9999999932816805,0.9983886480331421,0.999194324016571
malicious_pure,3072.ps1,1,1,0.9992402967576577,1.0,0.9999999935636188,0.9978253841400146,0.9989126920700073
malicious_pure,3073.ps1,1,1,0.9992429563033528,1.0,0.9999999935636188,0.9975703358650208,0.9987851679325104
malicious_pure,3084.ps1,1,2,0.9857378778290935,0.9966666666666667,0.9999998122074454,0.9716385006904602,0.9841525836785634
malicious_pure,3090.ps1,1,2,0.9992275643727502,1.0,0.9999999776956856,0.9997422099113464,0.9998711049556732
malicious_pure,3092.ps1,1,1,0.9992481684808056,1.0,0.9999999935636188,0.9975392818450928,0.9987696409225464
malicious_pure,3093.ps1,1,2,0.999777672346331,1.0,0.9999999951244571,0.9988216757774353,0.9994108378887177
malicious_pure,3094.ps1,1,4,0.9955025130196659,1.0,0.9999999666306931,0.998776376247406,0.999388188123703
malicious_pure,3095.ps1,1,3,0.9994807420325995,1.0,0.9999999675735468,0.9987390637397766,0.9993695318698883
malicious_pure,3096.ps1,1,1,0.9992848132085164,1.0,0.9999999935636188,0.9976069927215576,0.9988034963607788
malicious_pure,3097.ps1,1,3,0.9996177218237082,0.99,0.9999996950851805,0.9860274791717529,0.9880137395858765
malicious_pure,3098.ps1,1,4,0.9986981330489456,1.0,0.9999999812867931,0.9989029169082642,0.9994514584541321
malicious_pure,3099.ps1,1,4,0.9991895116086293,1.0,0.9999999853453223,0.9987359642982483,0.9993679821491241
malicious_pure,3100.ps1,1,2,0.8747825358967567,0.9666666666666667,0.9999996725205704,0.9942441582679749,0.9804554124673208
malicious_pure,3102.ps1,1,3,0.9549509713999024,0.8466666666666667,0.9989801453225776,0.9924396276473999,0.9195531471570333
malicious_pure,3103.ps1,1,4,0.99931523112689,1.0,0.9999999877480329,0.9989470839500427,0.9994735419750214
malicious_pure,3104.ps1,1,3,0.9994920306930106,1.0,0.9999999922078003,0.9986569881439209,0.9993284940719604
malicious_pure,3105.ps1,1,4,0.998087604764998,0.9966666666666667,0.9999990352047123,0.9902380108833313,0.9934523387749989
malicious_pure,3108.ps1,1,2,0.999795127903963,1.0,0.9999999908049629,0.9995284080505371,0.9997642040252686
malicious_pure,3109.ps1,1,0,0.999135745358446,1.0,0.9999999853822292,0.9999790191650391,0.9999895095825195
malicious_pure,311.ps1,1,1,0.9992796190612708,1.0,0.9999999935636188,0.998181939125061,0.9990909695625305
malicious_pure,3111.ps1,1,3,0.9987937890370108,0.9966666666666667,0.9999999889420285,0.9983747005462646,0.9975206836064656
malicious_pure,3113.ps1,1,1,0.9992574878583181,1.0,0.9999999935636188,0.9981051683425903,0.9990525841712952
malicious_pure,3119.ps1,1,2,0.9976835167934796,1.0,0.9999998928847779,0.9997223019599915,0.9998611509799957
malicious_pure,3120.ps1,1,0,0.9991377092638938,1.0,0.9999999853822292,0.9999790191650391,0.9999895095825195
malicious_pure,3121.ps1,1,1,0.999256118870147,1.0,0.9999999935636188,0.9979491829872131,0.9989745914936066
malicious_pure,3123.ps1,1,0,0.9991894961353689,1.0,0.9999999801232897,0.9999828338623047,0.9999914169311523
malicious_pure,3128.ps1,1,0,0.9992109048147558,1.0,0.9999999801232897,0.9999834299087524,0.9999917149543762
malicious_pure,3129.ps1,1,4,0.999200262792861,1.0,0.9999999815193269,0.9994578957557678,0.9997289478778839
malicious_pure,3131.ps1,1,2,0.9459380456025537,0.9966666666666667,0.9999973232196393,0.997804582118988,0.9972356243928273
malicious_pure,3133.ps1,1,1,0.9992227765762303,1.0,0.9999999935636188,0.9981544613838196,0.9990772306919098
malicious_pure,3134.ps1,1,4,0.9990478608196165,1.0,0.9999999903025075,0.9988331198692322,0.9994165599346161
malicious_pure,3136.ps1,1,4,0.9991436023338399,1.0,0.9999998395050516,0.9989400506019592,0.9994700253009796
malicious_pure,3137.ps1,1,4,0.9989053961992319,1.0,0.9999998438739031,0.9989532232284546,0.9994766116142273
malicious_pure,3138.ps1,1,4,0.9992669099766279,1.0,0.999999994681134,0.9987772107124329,0.9993886053562164
malicious_pure,314.ps1,1,0,0.9991717947173056,1.0,0.9999999853822292,0.9999839067459106,0.9999919533729553
malicious_pure,3141.ps1,1,4,0.9992179061696326,1.0,0.9999999853453223,0.9988077878952026,0.9994038939476013
malicious_pure,3143.ps1,1,2,0.8878414376708981,0.7533333333333333,0.990295497650976,0.4573633372783661,0.6053483353058497
malicious_pure,3145.ps1,1,0,0.99913351780738,1.0,0.9999999853822292,0.9999792575836182,0.9999896287918091
malicious_pure,3146.ps1,1,1,0.9992752145102198,1.0,0.9999999935636188,0.9971750974655151,0.9985875487327576
malicious_pure,315.ps1,1,4,0.8795890315843495,1.0,0.9999999388380594,0.9970365762710571,0.9985182881355286
malicious_pure,3152.ps1,1,1,0.9992790644942598,1.0,0.9999999939827322,0.9981727600097656,0.9990863800048828
malicious_pure,3153.ps1,1,1,0.9992366958813464,1.0,0.9999999935636188,0.998164713382721,0.9990823566913605
malicious_pure,3154.ps1,1,2,0.9997924487095422,1.0,0.9999999942628148,0.9985337257385254,0.9992668628692627
malicious_pure,3156.ps1,1,3,0.9994642479247072,1.0,0.9999999923630903,0.9988349080085754,0.9994174540042877
malicious_pure,3157.ps1,1,1,0.999255279870162,1.0,0.9999999935636188,0.9979031085968018,0.9989515542984009
malicious_pure,3159.ps1,1,4,0.9991441198797829,1.0,0.9999999745297843,0.998689591884613,0.9993447959423065
malicious_pure,316.ps1,1,1,0.9992818828052317,1.0,0.9999999935636188,0.997880220413208,0.998940110206604
malicious_pure,3163.ps1,1,1,0.999258479361883,1.0,0.9999999935636188,0.9976292252540588,0.9988146126270294
malicious_pure,3164.ps1,1,2,0.9965321247351588,1.0,0.9999999651224291,0.9995286464691162,0.9997643232345581
malicious_pure,3166.ps1,1,3,0.9976870651227963,1.0,0.9999999872317528,0.998264491558075,0.9991322457790375
malicious_pure,3173.ps1,1,4,0.9621804696155299,1.0,0.9999986092884093,0.994270920753479,0.9971354603767395
malicious_pure,3174.ps1,1,1,0.9992501940493376,1.0,0.9999999935636188,0.9980018734931946,0.9990009367465973
malicious_pure,3178.ps1,1,2,0.9997849695546179,1.0,0.9999999951244571,0.998381495475769,0.9991907477378845
malicious_pure,318.ps1,1,1,0.9992645678753408,1.0,0.9999999935636188,0.9980158805847168,0.9990079402923584
malicious_pure,3180.ps1,1,4,0.9990449316916327,1.0,0.9999999850967882,0.9989259839057922,0.9994629919528961
malicious_pure,3182.ps1,1,3,0.9978560746529894,1.0,0.9999999917273262,0.9970859885215759,0.998542994260788
malicious_pure,3183.ps1,1,2,0.9990282060012841,1.0,0.9999996521088785,0.9996888637542725,0.9998444318771362
malicious_pure,3184.ps1,1,3,0.9979826491768302,1.0,0.9999988202109019,0.9951723217964172,0.9975861608982086
malicious_pure,3185.ps1,1,2,0.9938190755844015,1.0,0.9999999698988153,0.9996762275695801,0.99983811378479
malicious_pure,3186.ps1,1,1,0.9992625791773574,1.0,0.9999999935636188,0.9979884624481201,0.9989942312240601
malicious_pure,3193.ps1,1,2,0.999793301891239,1.0,0.9999999908049629,0.999529242515564,0.999764621257782
malicious_pure,3195.ps1,1,2,0.9998551326195299,1.0,0.9999997534333434,0.9990561604499817,0.9995280802249908
malicious_pure,3196.ps1,1,2,0.9997983198328874,1.0,0.9999999908049629,0.9995251893997192,0.9997625946998596
malicious_pure,3197.ps1,1,0,0.9991682729416629,1.0,0.9999999853822292,0.9999836683273315,0.9999918341636658
malicious_pure,3198.ps1,1,3,0.998991906488741,1.0,0.9999999928021366,0.9982353448867798,0.9991176724433899
malicious_pure,3199.ps1,1,1,0.9993008244223015,1.0,0.9999999935636188,0.9982630610466003,0.9991315305233002
malicious_pure,3200.ps1,1,1,0.9992504009536014,1.0,0.9999999935636188,0.9977515339851379,0.998875766992569
malicious_pure,3201.ps1,1,2,0.7564760454407263,0.33666666666666667,0.0003066033631626444,0.6934274435043335,0.5150470550855001
malicious_pure,3202.ps1,1,4,0.9990460612331554,1.0,0.9999999865806544,0.9989150762557983,0.9994575381278992
malicious_pure,3203.ps1,1,4,0.9989914588939711,1.0,0.9999999102007276,0.9988788962364197,0.9994394481182098
malicious_pure,3205.ps1,1,2,0.9991593159294566,1.0,0.9999999819583071,0.999721348285675,0.9998606741428375
malicious_pure,3207.ps1,1,3,0.9999765991454417,1.0,0.999999975986024,0.9997535347938538,0.9998767673969269
malicious_pure,3210.ps1,1,2,0.9990089504898224,1.0,0.9999999719996683,0.9997416138648987,0.9998708069324493
malicious_pure,3211.ps1,1,0,0.9991668941657806,1.0,0.9999999853822292,0.9999836683273315,0.9999918341636658
malicious_pure,3212.ps1,1,0,0.9991808549217753,1.0,0.9999999801232897,0.9999829530715942,0.9999914765357971
malicious_pure,3213.ps1,1,3,0.9435610571231076,0.99,0.9999974878533193,0.9902374148368835,0.9901187074184418
malicious_pure,3216.ps1,1,3,0.9985973897201564,1.0,0.9999999791627097,0.998233437538147,0.9991167187690735
malicious_pure,3217.ps1,1,1,0.9992551880686826,1.0,0.9999999935636188,0.9976640939712524,0.9988320469856262
malicious_pure,3219.ps1,1,3,0.9991130973185788,1.0,0.9999999894363923,0.998406708240509,0.9992033541202545
malicious_pure,3220.ps1,1,2,0.9991864506226199,1.0,0.9999999819583071,0.999742329120636,0.999871164560318
malicious_pure,3221.ps1,1,3,0.9990549180897587,1.0,0.9999999938375774,0.9982224106788635,0.9991112053394318
malicious_pure,3223.ps1,1,3,0.9991749986612327,1.0,0.9999999756173609,0.998596727848053,0.9992983639240265
malicious_pure,3224.ps1,1,2,0.932982639246198,0.9766666666666667,0.9999994259380198,0.9984346032142639,0.9875506349404652
malicious_pure,3225.ps1,1,0,0.9991987840928337,1.0,0.9999999801232897,0.9999827146530151,0.9999913573265076
malicious_pure,3228.ps1,1,4,0.9991754933047939,1.0,0.99999996611539,0.9985963702201843,0.9992981851100922
malicious_pure,3229.ps1,1,0,0.9991509556350371,1.0,0.9999999851979475,0.9999794960021973,0.9999897480010986
malicious_pure,3230.ps1,1,0,0.9991739945237281,1.0,0.9999999853822292,0.9999834299087524,0.9999917149543762
malicious_pure,3231.ps1,1,1,0.9992464811791484,1.0,0.9999999935636188,0.9974429607391357,0.9987214803695679
malicious_pure,3232.ps1,1,4,0.9991788860628492,1.0,0.9999998611400585,0.9989284873008728,0.9994642436504364
malicious_pure,3233.ps1,1,3,0.9968699452585159,0.9966666666666667,0.9999998550401529,0.9974339604377747,0.9970503135522206
malicious_pure,3235.ps1,1,3,0.9981733283480687,1.0,0.999999525365204,0.9953063130378723,0.9976531565189362
malicious_pure,3236.ps1,1,4,0.9991050998273021,1.0,0.9999999627151491,0.9989533424377441,0.9994766712188721
malicious_pure,3239.ps1,1,4,0.973267253283355,0.9466666666666667,0.9999988872364495,0.993413507938385,0.9700400873025259
malicious_pure,324.ps1,1,4,0.999109866612853,1.0,0.999999986118218,0.9987792372703552,0.9993896186351776
malicious_pure,3240.ps1,1,4,0.9991710827903981,1.0,0.9999999853453223,0.9987431168556213,0.9993715584278107
malicious_pure,3241.ps1,1,1,0.9992684212086564,1.0,0.9999999935636188,0.9979054927825928,0.9989527463912964
malicious_pure,3242.ps1,1,4,0.997883509136653,1.0,0.9999993123289824,0.9922198057174683,0.9961099028587341
malicious_pure,3243.ps1,1,3,0.9999761003887031,1.0,0.999999979277338,0.9997431635856628,0.9998715817928314
malicious_pure,3244.ps1,1,3,0.9659841774825975,0.99,0.9999997219443737,0.9940651655197144,0.9920325827598572
malicious_pure,3245.ps1,1,0,0.9991403554557297,1.0,0.9999999853822292,0.9999793767929077,0.9999896883964539
malicious_pure,3247.ps1,1,3,0.9994989389101081,1.0,0.9999999628897083,0.9990715980529785,0.9995357990264893
malicious_pure,3248.ps1,1,1,0.9992727030248234,1.0,0.9999999935636188,0.9977675676345825,0.9988837838172913
malicious_pure,3251.ps1,1,1,0.9992736973347792,1.0,0.9999999935636188,0.9974919557571411,0.9987459778785706
malicious_pure,3252.ps1,1,1,0.9992652978546714,1.0,0.9999999935636188,0.9974351525306702,0.9987175762653351
malicious_pure,3253.ps1,1,3,0.9927043448054313,0.9833333333333333,0.9999998324329505,0.9548879861831665,0.96911065975825
malicious_pure,3254.ps1,1,0,0.9992064055858064,1.0,0.9999999801232897,0.9999821186065674,0.9999910593032837
malicious_pure,3255.ps1,1,1,0.9992382366817383,1.0,0.9999999935636188,0.9980822801589966,0.9990411400794983
malicious_pure,3257.ps1,1,4,0.29386663952925185,0.73,0.9995419142326898,0.0798194631934166,0.4049097315967083
malicious_pure,3258.ps1,1,1,0.9992336400392876,1.0,0.9999999935636188,0.9982089996337891,0.9991044998168945
malicious_pure,3261.ps1,1,1,0.9991998930948357,1.0,0.9999999935636188,0.9978894591331482,0.9989447295665741
malicious_pure,3262.ps1,1,1,0.9031829608554925,1.0,0.9999999425687569,0.9981622099876404,0.9990811049938202
malicious_pure,3264.ps1,1,2,0.9997714312690611,1.0,0.9999999951244571,0.9988077878952026,0.9994038939476013
malicious_pure,3265.ps1,1,3,0.9986632757536659,1.0,0.9999999791627097,0.998221218585968,0.999110609292984
malicious_pure,3269.ps1,1,4,0.9991679173175139,1.0,0.9999999840565656,0.9995842576026917,0.9997921288013458
malicious_pure,3270.ps1,1,4,0.9989340617130176,1.0,0.9999999869365039,0.9987633228302002,0.9993816614151001
malicious_pure,3272.ps1,1,1,0.999211588249613,1.0,0.9999999935636188,0.998024582862854,0.999012291431427
malicious_pure,3273.ps1,1,3,0.9994707602761603,1.0,0.9999999922078003,0.9988859295845032,0.9994429647922516
malicious_pure,3274.ps1,1,2,0.00017430091637339845,0.37666666666666665,0.006779349612072104,0.4154758155345917,0.3960712411006292
malicious_pure,3275.ps1,1,1,0.9992873649034641,1.0,0.9999999935636188,0.9978098273277283,0.9989049136638641
malicious_pure,3276.ps1,1,1,0.999245812245982,1.0,0.9999999935636188,0.9981763362884521,0.9990881681442261
malicious_pure,3278.ps1,1,4,0.997680899559918,0.9533333333333334,0.9999998614582154,0.9848228693008423,0.9690781013170878
malicious_pure,3279.ps1,1,4,0.9881583745733644,1.0,0.9999996481939842,0.9951895475387573,0.9975947737693787
malicious_pure,3280.ps1,1,4,0.9990168567647515,1.0,0.9999999909098715,0.9988504648208618,0.9994252324104309
malicious_pure,3281.ps1,1,4,0.9991711188014246,1.0,0.9999999853453223,0.9985765218734741,0.9992882609367371
malicious_pure,3282.ps1,1,2,0.9255375131296448,0.91,0.9999957742651931,0.9942945837974548,0.9521472918987275
malicious_pure,3283.ps1,1,4,0.9992099114110958,1.0,0.9999999853453223,0.9988073110580444,0.9994036555290222
malicious_pure,3284.ps1,1,1,0.9992410908273186,1.0,0.9999999935636188,0.9979023933410645,0.9989511966705322
malicious_pure,3285.ps1,1,1,0.9646681260039843,0.9966666666666667,0.999992990209209,0.9937365055084229,0.9952015860875447
malicious_pure,3287.ps1,1,0,0.9991819172023606,1.0,0.9999999801232897,0.9999827146530151,0.9999913573265076
malicious_pure,3288.ps1,1,2,0.9991193106382962,1.0,0.9999999676213475,0.9997410178184509,0.9998705089092255
malicious_pure,3289.ps1,1,0,0.9991637642371856,1.0,0.9999999853822292,0.9999841451644897,0.9999920725822449
malicious_pure,3290.ps1,1,2,0.9273042659254541,0.99,0.9999994323160203,0.99783855676651,0.993919278383255
malicious_pure,3294.ps1,1,2,0.999773942497747,1.0,0.999999995581065,0.9986911416053772,0.9993455708026886
malicious_pure,3296.ps1,1,2,0.06217705479185381,0.17666666666666667,0.00022655909624557462,0.4087105691432953,0.29268861790498096
malicious_pure,3297.ps1,1,1,0.9992383042897064,1.0,0.9999999935636188,0.9979537725448608,0.9989768862724304
malicious_pure,3298.ps1,1,2,0.999973129758656,0.9966666666666667,0.9999999673390723,0.9996308088302612,0.9981487377484639
malicious_pure,3299.ps1,1,1,0.9992588927417964,1.0,0.9999999935636188,0.9977976083755493,0.9988988041877747
malicious_pure,3300.ps1,1,2,0.9966129570920009,1.0,0.9999998435101568,0.9995500445365906,0.9997750222682953
malicious_pure,3302.ps1,1,3,0.9875468604622238,1.0,0.9999999662358929,0.9977287650108337,0.9988643825054169
malicious_pure,3303.ps1,1,1,0.9992902346441462,1.0,0.9999999935636188,0.9980370402336121,0.999018520116806
malicious_pure,3305.ps1,1,4,0.9990240252770144,1.0,0.9999999775108467,0.9988331198692322,0.9994165599346161
malicious_pure,3307.ps1,1,4,0.999136225331618,1.0,0.9999999865806544,0.99896240234375,0.999481201171875
malicious_pure,3308.ps1,1,4,0.9987134407372594,1.0,0.9999999844417757,0.9985973238945007,0.9992986619472504
malicious_pure,3310.ps1,1,2,0.9997931352666931,1.0,0.9999999908049629,0.9995280504226685,0.9997640252113342
malicious_pure,3311.ps1,1,1,0.999258919583553,1.0,0.9999999935636188,0.9976264834403992,0.9988132417201996
malicious_pure,3313.ps1,1,0,0.9991881213958065,1.0,0.9999999801232897,0.999982476234436,0.999991238117218
malicious_pure,3314.ps1,1,3,0.9981729848321222,1.0,0.9999997625894037,0.995100200176239,0.9975501000881195
malicious_pure,3315.ps1,1,1,0.9992661383661607,1.0,0.9999999935636188,0.9982479810714722,0.9991239905357361
malicious_pure,3317.ps1,1,1,0.9992767766082852,1.0,0.9999999935636188,0.9976621866226196,0.9988310933113098
malicious_pure,3318.ps1,1,4,0.9983658807762421,1.0,0.999999033123989,0.9931661486625671,0.9965830743312836
malicious_pure,3320.ps1,1,3,0.9992967120964029,1.0,0.9999999839561262,0.9985449314117432,0.9992724657058716
malicious_pure,3321.ps1,1,4,0.999754632417095,1.0,0.9999999919809609,0.9998251795768738,0.9999125897884369
malicious_pure,3322.ps1,1,2,0.9674888662302698,0.99,0.9999991411930215,0.9985910058021545,0.9942955029010773
malicious_pure,3323.ps1,1,2,0.9997596630341017,1.0,0.9999997907367546,0.9987340569496155,0.9993670284748077
malicious_pure,3326.ps1,1,1,0.9992717427551253,1.0,0.9999999935636188,0.9982073307037354,0.9991036653518677
malicious_pure,3328.ps1,1,4,0.03158446197461546,0.06333333333333334,4.1673632400942135e-06,0.17960913479328156,0.12147123406330745
malicious_pure,3329.ps1,1,4,0.6251675288199718,0.9666666666666667,0.999988318605556,0.8600099086761475,0.9133382876714071
malicious_pure,3330.ps1,1,3,0.9740391134217369,0.99,0.9999998451979886,0.9940651655197144,0.9920325827598572
malicious_pure,3331.ps1,1,3,0.998724949023374,1.0,0.9999999844911216,0.9983893632888794,0.9991946816444397
malicious_pure,3333.ps1,1,3,0.9983165146482433,0.9966666666666667,0.9999999819291109,0.9981805086135864,0.9974235876401265
malicious_pure,3334.ps1,1,1,0.9992357030693628,1.0,0.9999999935636188,0.9978669285774231,0.9989334642887115
malicious_pure,3336.ps1,1,4,0.9992952116782283,1.0,0.9999999563539924,0.9988206028938293,0.9994103014469147
malicious_pure,334.ps1,1,1,0.9992211540385325,1.0,0.9999999935636188,0.9977374076843262,0.9988687038421631
malicious_pure,3340.ps1,1,4,0.9991331998872504,1.0,0.9999999853453223,0.9989678859710693,0.9994839429855347
malicious_pure,3341.ps1,1,4,0.9841030278486407,0.9733333333333334,0.9999999702521212,0.9982677698135376,0.9858005515734355
malicious_pure,3342.ps1,1,4,0.9990870596474448,1.0,0.9999999903025075,0.9988331198692322,0.9994165599346161
malicious_pure,3343.ps1,1,4,0.9926342422297701,1.0,0.9999997090819812,0.9951895475387573,0.9975947737693787
malicious_pure,3344.ps1,1,2,0.9997929553612797,1.0,0.9999999908049629,0.9995304346084595,0.9997652173042297
malicious_pure,3346.ps1,1,4,0.9997509014857089,1.0,0.9999999952935579,0.9998565912246704,0.9999282956123352
malicious_pure,3347.ps1,1,0,0.999199519527055,1.0,0.9999999801232897,0.9999828338623047,0.9999914169311523
malicious_pure,3349.ps1,1,3,0.980268477011301,1.0,0.9999999091180305,0.9933712482452393,0.9966856241226196
malicious_pure,335.ps1,1,1,0.9992533597166479,1.0,0.9999999935636188,0.9974724650382996,0.9987362325191498
malicious_pure,3350.ps1,1,2,0.9997924924282147,1.0,0.9999999908049629,0.9995377063751221,0.999768853187561
malicious_pure,3351.ps1,1,4,0.9990628036761929,1.0,0.9999999766765776,0.9989257454872131,0.9994628727436066
malicious_pure,3352.ps1,1,1,0.999256941895234,1.0,0.9999999925393627,0.99956876039505,0.999784380197525
malicious_pure,3353.ps1,1,3,0.9994795715006226,1.0,0.9999999922078003,0.9989446997642517,0.9994723498821259
malicious_pure,3354.ps1,1,2,0.9704888478023442,0.9966666666666667,0.9999995131972363,0.9985910058021545,0.9976288362344106
malicious_pure,3357.ps1,1,4,0.9989185914610741,1.0,0.9999988739725917,0.991936445236206,0.995968222618103
malicious_pure,3358.ps1,1,1,0.9992390426104577,1.0,0.9999999935636188,0.9977651834487915,0.9988825917243958
malicious_pure,3359.ps1,1,3,0.9994943742214882,1.0,0.9999999918991481,0.9988614320755005,0.9994307160377502
malicious_pure,3360.ps1,1,2,0.46142387145161134,0.46,0.12634105886121036,0.8861998319625854,0.6730999159812927
malicious_pure,3361.ps1,1,4,0.9907958771438927,0.9966666666666667,0.999999928215038,0.9982654452323914,0.997466055949529
malicious_pure,3363.ps1,1,2,0.9997918705888618,1.0,0.999999995581065,0.9987388253211975,0.9993694126605988
malicious_pure,3365.ps1,1,2,0.998812704147559,1.0,0.9999999932273507,0.9997084736824036,0.9998542368412018
malicious_pure,3368.ps1,1,3,0.9974957228464357,1.0,0.9999997368854743,0.9314297437667847,0.9657148718833923
malicious_pure,3369.ps1,1,4,0.9990474885460996,1.0,0.9999999779598585,0.9988526105880737,0.9994263052940369
malicious_pure,3371.ps1,1,0,0.999135819857469,1.0,0.9999999853822292,0.9999793767929077,0.9999896883964539
malicious_pure,3372.ps1,1,0,0.9991916477826635,1.0,0.9999999801232897,0.9999825954437256,0.9999912977218628
malicious_pure,3373.ps1,1,2,0.9998156392858333,1.0,0.9999999908049629,0.9992368221282959,0.999618411064148
malicious_pure,3375.ps1,1,4,0.9992385590797748,1.0,0.9999999853453223,0.9988440275192261,0.999422013759613
malicious_pure,3376.ps1,1,1,0.9992690224230434,1.0,0.9999999935636188,0.9981142282485962,0.9990571141242981
malicious_pure,3377.ps1,1,3,0.9988441629901762,1.0,0.9999999833675535,0.9983493089675903,0.9991746544837952
malicious_pure,338.ps1,1,2,0.9827402342385497,0.9866666666666667,0.9999994029010927,0.9967526197433472,0.991709643205007
malicious_pure,3382.ps1,1,1,0.9992605486465463,1.0,0.9999999935636188,0.9982293248176575,0.9991146624088287
malicious_pure,3384.ps1,1,4,0.9997633835517193,0.99,0.9999999944222546,0.999544084072113,0.9947720420360565
malicious_pure,3385.ps1,1,4,0.9991919533325483,1.0,0.9999999814865635,0.9988505840301514,0.9994252920150757
malicious_pure,3386.ps1,1,4,0.9800868500758813,0.9966666666666667,0.9999992359190167,0.9953305721282959,0.9959986193974812
malicious_pure,339.ps1,1,2,0.909206968710584,1.0,0.9999998049828617,0.9985874891281128,0.9992937445640564
malicious_pure,3393.ps1,1,3,0.9994355251807903,1.0,0.9999999918867685,0.9995672106742859,0.9997836053371429
malicious_pure,3394.ps1,1,0,0.999179912542685,1.0,0.9999999801232897,0.9999827146530151,0.9999913573265076
malicious_pure,3395.ps1,1,0,0.999159909305967,1.0,0.9999999853822292,0.9999836683273315,0.9999918341636658
malicious_pure,3398.ps1,1,3,0.999492481153214,1.0,0.9999999922078003,0.9989628791809082,0.9994814395904541
malicious_pure,3401.ps1,1,4,0.9992151281285171,1.0,0.9999999840565656,0.9996758699417114,0.9998379349708557
malicious_pure,3402.ps1,1,4,0.9991845329746889,1.0,0.9999999854670529,0.9995597004890442,0.9997798502445221
malicious_pure,3404.ps1,1,3,0.9880898705815847,0.9933333333333333,0.9999998720245511,0.94830322265625,0.9708182779947916
malicious_pure,3405.ps1,1,2,0.9997824035230193,1.0,0.9999999954640675,0.9985461235046387,0.9992730617523193
malicious_pure,3406.ps1,1,1,0.9992680558393136,1.0,0.9999999935636188,0.9979569911956787,0.9989784955978394
malicious_pure,3409.ps1,1,1,0.9992448658429365,1.0,0.9999999935636188,0.9980114698410034,0.9990057349205017
malicious_pure,341.ps1,1,4,0.9992499867673419,1.0,0.9999999860705706,0.9996515512466431,0.9998257756233215
malicious_pure,3412.ps1,1,1,0.9992743775019919,1.0,0.9999999935636188,0.9981657862663269,0.9990828931331635
malicious_pure,3415.ps1,1,1,0.9992839144786689,1.0,0.9999999935636188,0.9981051683425903,0.9990525841712952
malicious_pure,3416.ps1,1,4,0.9991140979113559,1.0,0.9999999896348092,0.9989196062088013,0.9994598031044006
malicious_pure,3418.ps1,1,2,0.9997706413884729,1.0,0.999999994483785,0.9988945126533508,0.9994472563266754
malicious_pure,342.ps1,1,3,0.9962712729618768,0.9866666666666667,0.9999997625894037,0.9952389001846313,0.9909527834256491
malicious_pure,3420.ps1,1,4,0.9989943692062789,1.0,0.9999999797402312,0.998784601688385,0.9993923008441925
malicious_pure,3422.ps1,1,1,0.9992953853570079,1.0,0.9999999935636188,0.9980113506317139,0.9990056753158569
malicious_pure,3427.ps1,1,3,0.9994921921531544,1.0,0.9999999628897083,0.9989805817604065,0.9994902908802032
malicious_pure,3432.ps1,1,3,0.9796460563892252,0.94,0.9999987420244472,0.9937193393707275,0.9668596696853637
malicious_pure,3434.ps1,1,1,0.9993027708790936,1.0,0.9999999935636188,0.9982309937477112,0.9991154968738556
malicious_pure,3440.ps1,1,0,0.9991612905881447,1.0,0.9999999853822292,0.9999836683273315,0.9999918341636658
malicious_pure,3442.ps1,1,1,0.9992315292916522,1.0,0.9999999935636188,0.9978450536727905,0.9989225268363953
malicious_pure,3449.ps1,1,1,0.9992629800202929,1.0,0.9999999935636188,0.9981824159622192,0.9990912079811096
malicious_pure,3451.ps1,1,1,0.9992512942177934,1.0,0.9999999935636188,0.997785210609436,0.998892605304718
malicious_pure,3458.ps1,1,1,0.9992470327676791,1.0,0.9999999935636188,0.9982632994651794,0.9991316497325897
malicious_pure,3462.ps1,1,4,0.9991757638083194,1.0,0.9999999816740545,0.9988798499107361,0.999439924955368
malicious_pure,3463.ps1,1,1,0.9992695595910175,1.0,0.9999999935636188,0.9977831244468689,0.9988915622234344
malicious_pure,3465.ps1,1,1,0.999273851536748,1.0,0.9999999935636188,0.9976268410682678,0.9988134205341339
malicious_pure,3467.ps1,1,2,0.5424142674638237,0.13666666666666666,6.280529409074213e-05,0.31846264004707336,0.22756465335687
malicious_pure,3469.ps1,1,1,0.999267021318564,1.0,0.9999999935636188,0.9980732202529907,0.9990366101264954
malicious_pure,3471.ps1,1,3,0.9993042102554348,1.0,0.9999999852562189,0.9985687732696533,0.9992843866348267
malicious_pure,3473.ps1,1,3,0.9999766084169139,1.0,0.999999975986024,0.9997492432594299,0.999874621629715
malicious_pure,3474.ps1,1,4,0.9952530236333076,1.0,0.9999999802577435,0.9976630210876465,0.9988315105438232
malicious_pure,3475.ps1,1,0,0.9991910758865484,1.0,0.9999999801232897,0.9999827146530151,0.9999913573265076
malicious_pure,3477.ps1,1,1,0.9992453264007201,1.0,0.9999999935636188,0.9975860118865967,0.9987930059432983
malicious_pure,348.ps1,1,0,0.9991610154439154,1.0,0.9999999853822292,0.999983549118042,0.999991774559021
malicious_pure,3480.ps1,1,3,0.9987557943409148,1.0,0.9999999844911216,0.9985408782958984,0.9992704391479492
malicious_pure,3485.ps1,1,1,0.9992489329854781,1.0,0.9999999935636188,0.9976242184638977,0.9988121092319489
malicious_pure,3487.ps1,1,4,0.9986936938100001,1.0,0.9999989678223915,0.9917834997177124,0.9958917498588562
malicious_pure,3493.ps1,1,2,0.9997935693598297,1.0,0.9999999908049629,0.9995367527008057,0.9997683763504028
malicious_pure,3498.ps1,1,3,0.9485978370596259,0.9866666666666667,0.9999980383127682,0.9901232123374939,0.9883949395020803
malicious_pure,35.ps1,1,3,0.9391306307231032,0.99,0.9999997820375652,0.9367090463638306,0.9633545231819153
malicious_pure,3500.ps1,1,3,0.9994846651290163,1.0,0.999999966381155,0.9988532066345215,0.9994266033172607
malicious_pure,3501.ps1,1,4,0.9988546617303274,1.0,0.9999999835328888,0.9987900853157043,0.9993950426578522
malicious_pure,3502.ps1,1,2,0.9998140340583699,1.0,0.9999999908049629,0.9992378950119019,0.9996189475059509
malicious_pure,3503.ps1,1,3,0.9994882714033672,1.0,0.9999999918991481,0.9988252520561218,0.9994126260280609
malicious_pure,3504.ps1,1,4,0.9990126644312244,1.0,0.9999999903025075,0.9988331198692322,0.9994165599346161
malicious_pure,3505.ps1,1,1,0.9992413428144493,1.0,0.9999999935636188,0.9977807402610779,0.9988903701305389
malicious_pure,3506.ps1,1,3,0.9995141893597106,1.0,0.9999999628897083,0.9986686706542969,0.9993343353271484
malicious_pure,3507.ps1,1,4,0.9991190578591662,1.0,0.9999998611400585,0.9988529682159424,0.9994264841079712
malicious_pure,3509.ps1,1,2,0.9991658413392513,1.0,0.9999992297402824,0.9997349381446838,0.9998674690723419
malicious_pure,3511.ps1,1,4,0.9992144257352407,1.0,0.9999999853453223,0.9987809062004089,0.9993904531002045
malicious_pure,3514.ps1,1,0,0.9991453471022059,1.0,0.9999999853822292,0.9999788999557495,0.9999894499778748
malicious_pure,3515.ps1,1,4,0.99784600738115,1.0,0.9999988238264066,0.9918816685676575,0.9959408342838287
malicious_pure,353.ps1,1,2,0.9998162911195095,1.0,0.9999999908049629,0.9992561936378479,0.999628096818924
malicious_pure,3532.ps1,1,1,0.999248035916752,1.0,0.9999999935636188,0.9981354475021362,0.9990677237510681
malicious_pure,354.ps1,1,2,0.9997928983207995,1.0,0.9999999908049629,0.9995304346084595,0.9997652173042297
malicious_pure,3541.ps1,1,3,0.996504665468493,1.0,0.99999996029647,0.9970815777778625,0.9985407888889313
malicious_pure,3546.ps1,1,1,0.9992341532001174,1.0,0.9999999972969809,0.9989824891090393,0.9994912445545197
malicious_pure,3547.ps1,1,3,0.9986994168262334,1.0,0.9999999844911216,0.9984126091003418,0.9992063045501709
malicious_pure,355.ps1,1,1,0.8924865478224722,1.0,0.9999995817010836,0.9966567754745483,0.9983283877372742
malicious_pure,3552.ps1,1,4,0.011277830563845568,0.08333333333333333,0.0003905334195539135,0.5725072622299194,0.3279202977816264
malicious_pure,3556.ps1,1,1,0.9992471949433789,1.0,0.9999999935636188,0.9980722665786743,0.9990361332893372
malicious_pure,3559.ps1,1,2,0.9997902094100058,1.0,0.999999995581065,0.9987722039222717,0.9993861019611359
malicious_pure,3563.ps1,1,3,0.9999198548486542,1.0,0.9999999828992857,0.9994533658027649,0.9997266829013824
malicious_pure,3564.ps1,1,2,0.9515759536609694,0.9966666666666667,0.9999997450411353,0.99783855676651,0.9972526117165883
malicious_pure,3566.ps1,1,1,0.9992736802341624,1.0,0.9999999935636188,0.9980769157409668,0.9990384578704834
malicious_pure,3568.ps1,1,1,0.9992710478214212,1.0,0.9999999935636188,0.9980085492134094,0.9990042746067047
malicious_pure,357.ps1,1,0,0.9992043823472924,1.0,0.9999999801232897,0.9999830722808838,0.9999915361404419
malicious_pure,3570.ps1,1,4,0.9991755271527163,1.0,0.9999999840565656,0.9995761513710022,0.9997880756855011
malicious_pure,3573.ps1,1,1,0.9992249539932679,1.0,0.9999999935636188,0.997774064540863,0.9988870322704315
malicious_pure,3574.ps1,1,4,0.999736069438279,1.0,0.9999999919811352,0.999850869178772,0.999925434589386
malicious_pure,3579.ps1,1,1,0.9992545599052076,1.0,0.9999999935636188,0.9972466230392456,0.9986233115196228
malicious_pure,358.ps1,1,3,0.9958172332058183,1.0,0.9999999150967734,0.9981525540351868,0.9990762770175934
malicious_pure,3582.ps1,1,3,0.98085804743948,0.9866666666666667,0.9999997265691859,0.9940651655197144,0.9903659160931906
malicious_pure,3583.ps1,1,2,0.042038809643439895,0.09333333333333334,0.007511578404412422,0.5377541184425354,0.3155437258879344
malicious_pure,3585.ps1,1,3,0.9896176644241007,1.0,0.9999999643499379,0.9940651655197144,0.9970325827598572
malicious_pure,3589.ps1,1,3,0.9994925572169644,1.0,0.9999999922078003,0.9988234639167786,0.9994117319583893
malicious_pure,3597.ps1,1,1,0.9993069304482117,1.0,0.9999999935636188,0.9977643489837646,0.9988821744918823
malicious_pure,3598.ps1,1,4,0.9550582012455592,0.89,0.9999994878013333,0.9826547503471375,0.9363273751735688
malicious_pure,3600.ps1,1,4,0.7730460747876312,0.44,0.02437406226691518,0.9652171730995178,0.7026085865497589
malicious_pure,3605.ps1,1,1,0.9992342246056158,1.0,0.9999999935636188,0.9972624778747559,0.9986312389373779
malicious_pure,3608.ps1,1,4,0.9992699272321288,1.0,0.9999999869673073,0.9987844824790955,0.9993922412395477
malicious_pure,3611.ps1,1,3,0.9998827844920694,1.0,0.9999999787911287,0.999447762966156,0.999723881483078
malicious_pure,3612.ps1,1,4,0.9990819462568632,1.0,0.9999999779598585,0.9988331198692322,0.9994165599346161
malicious_pure,3620.ps1,1,0,0.9991991520770378,1.0,0.9999999801232897,0.999982476234436,0.999991238117218
malicious_pure,3626.ps1,1,3,0.9725612819028565,1.0,0.9999991328123916,0.9933757185935974,0.9966878592967987
malicious_pure,3627.ps1,1,0,0.9991332349428564,1.0,0.9999999853822292,0.9999791383743286,0.9999895691871643
malicious_pure,3629.ps1,1,2,0.9997788056139645,1.0,0.9999999951244571,0.9985426664352417,0.9992713332176208
malicious_pure,3636.ps1,1,1,0.9992353772000488,1.0,0.9999999935636188,0.9978027939796448,0.9989013969898224
malicious_pure,3638.ps1,1,2,0.999921842736494,1.0,0.9999999882624532,0.9991121888160706,0.9995560944080353
malicious_pure,3646.ps1,1,1,0.9992655183994544,1.0,0.9999999935636188,0.9977561831474304,0.9988780915737152
malicious_pure,3651.ps1,1,4,0.9992875006978547,1.0,0.9999999630468952,0.9988952279090881,0.9994476139545441
malicious_pure,3652.ps1,1,3,0.9998869416481416,1.0,0.9999999787911287,0.9993858337402344,0.9996929168701172
malicious_pure,3657.ps1,1,1,0.999230350299779,1.0,0.9999999935636188,0.9974961876869202,0.9987480938434601
malicious_pure,3662.ps1,1,3,0.9945065423915858,1.0,0.9999998651245314,0.997314989566803,0.9986574947834015
malicious_pure,3663.ps1,1,4,0.9874285545300583,0.9966666666666667,0.9999994393469526,0.9955418705940247,0.9961042686303456
malicious_pure,3664.ps1,1,1,0.9992759557591372,1.0,0.9999999935636188,0.9979761242866516,0.9989880621433258
malicious_pure,3667.ps1,1,4,0.9992115257479397,1.0,0.9999999853453223,0.9987512826919556,0.9993756413459778
malicious_pure,3674.ps1,1,3,0.9979410951546769,1.0,0.9999999801533863,0.9985419511795044,0.9992709755897522
malicious_pure,368.ps1,1,1,0.9992667428056107,1.0,0.9999999935636188,0.9979802966117859,0.9989901483058929
malicious_pure,3683.ps1,1,3,0.9994474428150931,1.0,0.9999999923630903,0.9994814991950989,0.9997407495975494
malicious_pure,3686.ps1,1,1,0.9992620021110742,1.0,0.9999999935636188,0.9976803064346313,0.9988401532173157
malicious_pure,3688.ps1,1,4,0.6662647115808321,0.8533333333333334,0.9998968845723669,0.12873005867004395,0.49103169600168867
malicious_pure,369.ps1,1,0,0.9991635218528168,1.0,0.9999999853822292,0.9999834299087524,0.9999917149543762
malicious_pure,3690.ps1,1,2,0.9997742222904347,1.0,0.9999999954640675,0.9982872605323792,0.9991436302661896
malicious_pure,3691.ps1,1,4,0.9994359171550139,1.0,0.9999999777566191,0.9989493489265442,0.9994746744632721
malicious_pure,3692.ps1,1,2,0.9997878173180075,1.0,0.999999995581065,0.9984935522079468,0.9992467761039734
malicious_pure,3695.ps1,1,4,0.9995100827772296,0.9966666666666667,0.9999997839806722,0.9991832375526428,0.9979249521096547
malicious_pure,370.ps1,1,3,0.9994321663983581,1.0,0.9999999929107719,0.9995700716972351,0.9997850358486176
malicious_pure,3701.ps1,1,3,0.6908919833310259,0.26,0.0040732365047487,0.21756498515605927,0.23878249257802964
malicious_pure,3702.ps1,1,3,0.9926072027186594,0.9866666666666667,0.9999999506925095,0.9980946183204651,0.992380642493566
malicious_pure,3703.ps1,1,4,0.9911655186516359,0.76,0.999978674757314,0.9948785305023193,0.8774392652511597
malicious_pure,3704.ps1,1,4,0.9992301050644826,1.0,0.9999999868052163,0.9996570348739624,0.9998285174369812
malicious_pure,3706.ps1,1,1,0.9992815690434587,1.0,0.9999999935636188,0.998050332069397,0.9990251660346985
malicious_pure,3709.ps1,1,3,0.9988908757580034,1.0,0.9999999824527067,0.9985062479972839,0.999253123998642
malicious_pure,3714.ps1,1,0,0.99919323619956,1.0,0.9999999801232897,0.9999828338623047,0.9999914169311523
malicious_pure,3716.ps1,1,2,0.9803663006725953,1.0,0.9999998881995943,0.9987150430679321,0.9993575215339661
malicious_pure,3718.ps1,1,4,0.9941106383824947,0.9966666666666667,0.9999998622307148,0.9979937076568604,0.9973301871617635
malicious_pure,3720.ps1,1,3,0.9981264740426896,1.0,0.9999999298842766,0.9982542395591736,0.9991271197795868
malicious_pure,3721.ps1,1,4,0.9989549507314953,1.0,0.9999999657277782,0.9989283680915833,0.9994641840457916
malicious_pure,3725.ps1,1,4,0.9989981278584369,1.0,0.9999999903025075,0.9988318085670471,0.9994159042835236
malicious_pure,3726.ps1,1,2,0.9948908505397054,1.0,0.9999999848821768,0.9995879530906677,0.9997939765453339
malicious_pure,3729.ps1,1,3,0.9994805977543237,1.0,0.9999999922078003,0.9987892508506775,0.9993946254253387
malicious_pure,373.ps1,1,0,0.9991388774382562,1.0,0.9999999853822292,0.9999792575836182,0.9999896287918091
malicious_pure,374.ps1,1,0,0.9991754164767168,1.0,0.9999999853822292,0.9999834299087524,0.9999917149543762
malicious_pure,3740.ps1,1,4,0.9991923722753766,1.0,0.9999999917731709,0.9988771080970764,0.9994385540485382
malicious_pure,3745.ps1,1,0,0.9991980528796264,1.0,0.9999999801232897,0.9999822378158569,0.9999911189079285
malicious_pure,3748.ps1,1,4,0.9991505025818014,1.0,0.9999999766765776,0.9989140033721924,0.9994570016860962
malicious_pure,3752.ps1,1,3,0.9988037784995806,1.0,0.9999999868384879,0.9984320998191833,0.9992160499095917
malicious_pure,3761.ps1,1,4,0.9990795786831476,1.0,0.9999999879112201,0.9988986253738403,0.9994493126869202
malicious_pure,3765.ps1,1,1,0.9992336021961049,1.0,0.9999999935636188,0.9974472522735596,0.9987236261367798
malicious_pure,3769.ps1,1,4,0.9988516146044525,1.0,0.9999999775108467,0.9987836480140686,0.9993918240070343
malicious_pure,3770.ps1,1,2,0.9978765711852008,1.0,0.9999999910566831,0.9997190833091736,0.9998595416545868
malicious_pure,3771.ps1,1,3,0.9988203242358155,1.0,0.9999999714230577,0.9983888864517212,0.9991944432258606
malicious_pure,3772.ps1,1,2,0.9997824408506932,1.0,0.9999999944634801,0.9987099170684814,0.9993549585342407
malicious_pure,3774.ps1,1,2,0.9997857588450523,1.0,0.999999995581065,0.9987610578536987,0.9993805289268494
malicious_pure,3777.ps1,1,3,0.998684466230329,1.0,0.9999999844911216,0.9984126091003418,0.9992063045501709
malicious_pure,3778.ps1,1,2,0.8727979084558564,1.0,0.9999998042558603,0.9988316893577576,0.9994158446788788
malicious_pure,378.ps1,1,1,0.9992661095216673,1.0,0.9999999935636188,0.9982106685638428,0.9991053342819214
malicious_pure,3782.ps1,1,2,0.9986436722007989,1.0,0.999999977390864,0.9997116923332214,0.9998558461666107
malicious_pure,3783.ps1,1,2,0.9976365019777677,1.0,0.9999999580144094,0.9996908903121948,0.9998454451560974
malicious_pure,3791.ps1,1,3,0.9911644760408695,0.98,0.9999998504740389,0.9981512427330017,0.9890756213665008
malicious_pure,3792.ps1,1,4,0.9992930407611802,1.0,0.9999999795254759,0.9988740086555481,0.999437004327774
malicious_pure,3795.ps1,1,1,0.9992552612629468,1.0,0.9999999935636188,0.9980096220970154,0.9990048110485077
malicious_pure,3798.ps1,1,2,0.9991037068432103,1.0,0.9999999808605761,0.9997244477272034,0.9998622238636017
malicious_pure,3799.ps1,1,3,0.999514944366258,1.0,0.9999999918991481,0.9987394213676453,0.9993697106838226
malicious_pure,380.ps1,1,1,0.9992648800067422,1.0,0.9999999935636188,0.9978775978088379,0.998938798904419
malicious_pure,3808.ps1,1,0,0.9991458826179451,1.0,0.9999999853822292,0.9999791383743286,0.9999895691871643
malicious_pure,3814.ps1,1,1,0.9992358794828599,1.0,0.9999999935636188,0.9974984526634216,0.9987492263317108
malicious_pure,3816.ps1,1,3,0.8243276485538115,0.91,0.9994160878387791,0.9817366600036621,0.9458683300018311
malicious_pure,3822.ps1,1,2,0.9997943751442506,1.0,0.9999999908049629,0.9995306730270386,0.9997653365135193
malicious_pure,3824.ps1,1,4,0.9983844685142158,1.0,0.9999999043550893,0.998746395111084,0.999373197555542
malicious_pure,3828.ps1,1,1,0.9992689963258417,1.0,0.9999999925393627,0.9981303811073303,0.9990651905536652
malicious_pure,3830.ps1,1,0,0.9991906412957647,1.0,0.9999999801232897,0.9999822378158569,0.9999911189079285
malicious_pure,3832.ps1,1,4,0.9989992195523262,1.0,0.9999999851724672,0.9988816380500793,0.9994408190250397
malicious_pure,3833.ps1,1,2,0.9997857293789846,1.0,0.999999995581065,0.998675525188446,0.999337762594223
malicious_pure,3834.ps1,1,2,0.9991493815629786,0.9833333333333333,0.9999998537857339,0.9999057054519653,0.9916195193926494
malicious_pure,3835.ps1,1,1,0.9991899933746027,1.0,0.999999334507001,0.9988471269607544,0.9994235634803772
malicious_pure,3838.ps1,1,1,0.9992912582110757,1.0,0.9999999935636188,0.9982764720916748,0.9991382360458374
malicious_pure,3845.ps1,1,2,0.9997768938292908,1.0,0.999999995581065,0.9985926747322083,0.9992963373661041
malicious_pure,3846.ps1,1,1,0.9992350708885118,1.0,0.9999999935636188,0.997931718826294,0.998965859413147
malicious_pure,3849.ps1,1,3,0.9999760749240025,1.0,0.999999979277338,0.9997889399528503,0.9998944699764252
malicious_pure,3852.ps1,1,3,0.999471600383342,1.0,0.9999999918867685,0.9987731575965881,0.9993865787982941
malicious_pure,3856.ps1,1,0,0.9991915731507947,1.0,0.9999999801232897,0.9999828338623047,0.9999914169311523
malicious_pure,3857.ps1,1,2,0.9999741130510946,0.9966666666666667,0.9999999630650545,0.9996981620788574,0.998182414372762
malicious_pure,3858.ps1,1,1,0.9992532322671324,1.0,0.9999999935636188,0.9978432655334473,0.9989216327667236
malicious_pure,3863.ps1,1,4,0.9991926067288514,1.0,0.9999999815193269,0.9994624257087708,0.9997312128543854
malicious_pure,3865.ps1,1,1,0.9992464699840592,1.0,0.9999999935636188,0.9980442523956299,0.9990221261978149
malicious_pure,3866.ps1,1,3,0.9994950093965004,1.0,0.9999999628897083,0.9989815354347229,0.9994907677173615
malicious_pure,3868.ps1,1,4,0.9953127533324663,1.0,0.9999999739234575,0.9981704950332642,0.9990852475166321
malicious_pure,3869.ps1,1,3,0.9986036311877541,1.0,0.9999997844223824,0.994220495223999,0.9971102476119995
malicious_pure,387.ps1,1,1,0.9992573252585898,1.0,0.9999999935636188,0.9982435703277588,0.9991217851638794
malicious_pure,3874.ps1,1,2,0.9977122867338951,1.0,0.9999998928847779,0.9997221827507019,0.999861091375351
malicious_pure,3875.ps1,1,1,0.9992247109182555,1.0,0.9999999935636188,0.997462272644043,0.9987311363220215
malicious_pure,3886.ps1,1,1,0.999266423346145,1.0,0.9999999935636188,0.9977839589118958,0.9988919794559479
malicious_pure,3891.ps1,1,3,0.9986415043411144,1.0,0.9999999841027558,0.99837327003479,0.999186635017395
malicious_pure,3894.ps1,1,1,0.9992382908182583,1.0,0.9999999935636188,0.9975625276565552,0.9987812638282776
malicious_pure,3898.ps1,1,1,0.9992644505521348,1.0,0.9999999935636188,0.9979670643806458,0.9989835321903229
malicious_pure,390.ps1,1,0,0.9991411285735431,1.0,0.9999999853822292,0.9999790191650391,0.9999895095825195
malicious_pure,3902.ps1,1,1,0.9993020884906418,1.0,0.9999999935636188,0.997890293598175,0.9989451467990875
malicious_pure,3903.ps1,1,2,0.9899098068026992,0.4,0.003914166249972112,0.6854983568191528,0.5427491784095764
malicious_pure,3906.ps1,1,1,0.9992343861388667,1.0,0.9999999935636188,0.9981027245521545,0.9990513622760773
malicious_pure,3907.ps1,1,3,0.9987063980600495,1.0,0.9999999844911216,0.9984126091003418,0.9992063045501709
malicious_pure,3915.ps1,1,1,0.9992753490189421,1.0,0.9999999935636188,0.997793436050415,0.9988967180252075
malicious_pure,3918.ps1,1,3,0.9994803885649989,1.0,0.9999999628897083,0.9989064931869507,0.9994532465934753
malicious_pure,392.ps1,1,1,0.9992671034420837,1.0,0.9999999935636188,0.9982025623321533,0.9991012811660767
malicious_pure,3920.ps1,1,1,0.9992935869295474,1.0,0.9999999935636188,0.9979645013809204,0.9989822506904602
malicious_pure,3935.ps1,1,3,0.9995149636660801,1.0,0.9999999918991481,0.9988254904747009,0.9994127452373505
malicious_pure,3938.ps1,1,1,0.9992635259506354,1.0,0.9999999935636188,0.9980066418647766,0.9990033209323883
malicious_pure,3940.ps1,1,2,0.9997795436252068,1.0,0.9999999954640675,0.9986826777458191,0.9993413388729095
malicious_pure,3945.ps1,1,3,0.9994567533096287,1.0,0.9999999922959727,0.9988987445831299,0.9994493722915649
malicious_pure,3946.ps1,1,1,0.9992508064476635,1.0,0.9999999935636188,0.9978384375572205,0.9989192187786102
malicious_pure,3952.ps1,1,4,0.8560474626005655,0.9166666666666666,0.9999998284326755,0.9692691564559937,0.9429679115613301
malicious_pure,3954.ps1,1,1,0.9992544953623193,1.0,0.9999999935636188,0.9975685477256775,0.9987842738628387
malicious_pure,3956.ps1,1,3,0.9994679943093824,1.0,0.9999999922078003,0.998894989490509,0.9994474947452545
malicious_pure,3957.ps1,1,1,0.9992729609712144,1.0,0.9999999935636188,0.9979977011680603,0.9989988505840302
malicious_pure,3959.ps1,1,1,0.9992668880342733,1.0,0.9999999935636188,0.997922956943512,0.998961478471756
malicious_pure,396.ps1,1,2,0.9997918460987673,1.0,0.9999999908049629,0.9995313882827759,0.9997656941413879
malicious_pure,3963.ps1,1,2,0.999004620375992,1.0,0.9999996915557264,0.999687910079956,0.999843955039978
malicious_pure,3966.ps1,1,4,0.9991966685475173,1.0,0.9999999815193269,0.9994575381278992,0.9997287690639496
malicious_pure,3968.ps1,1,3,0.2579089241205372,0.20666666666666667,0.0002182797893568676,0.6266049742698669,0.4166358204682668
malicious_pure,397.ps1,1,1,0.9992481885961865,1.0,0.9999999935636188,0.9974364638328552,0.9987182319164276
malicious_pure,3970.ps1,1,1,0.9992093328984955,1.0,0.9999999935636188,0.9976275563240051,0.9988137781620026
malicious_pure,3973.ps1,1,1,0.9992520220226684,1.0,0.9999999935636188,0.9979225993156433,0.9989612996578217
malicious_pure,3975.ps1,1,3,0.9984275457858324,1.0,0.9999999843848786,0.9982708692550659,0.999135434627533
malicious_pure,3979.ps1,1,3,0.9994779093587339,1.0,0.9999999628897083,0.9988316893577576,0.9994158446788788
malicious_pure,3982.ps1,1,4,0.9991622609488152,1.0,0.9999999853453223,0.9987961053848267,0.9993980526924133
malicious_pure,3984.ps1,1,2,0.9999245736648447,1.0,0.9999999922967985,0.9993160963058472,0.9996580481529236
malicious_pure,3985.ps1,1,1,0.9992672884724976,1.0,0.9999999935636188,0.9979293346405029,0.9989646673202515
malicious_pure,3998.ps1,1,1,0.9992751108648918,1.0,0.9999999935636188,0.9979631900787354,0.9989815950393677
malicious_pure,3999.ps1,1,1,0.9992694726821394,1.0,0.9999999935636188,0.9976196885108948,0.9988098442554474
malicious_pure,4.ps1,1,2,0.9972620138491636,1.0,0.9999997273219003,0.996572732925415,0.9982863664627075
malicious_pure,4001.ps1,1,4,0.9868530605836896,1.0,0.9999996544083904,0.9954676628112793,0.9977338314056396
malicious_pure,4003.ps1,1,1,0.9992460426912364,1.0,0.9999999935636188,0.9976587295532227,0.9988293647766113
malicious_pure,4007.ps1,1,4,0.9992062057455772,1.0,0.9999999853453223,0.9987142086029053,0.9993571043014526
malicious_pure,402.ps1,1,0,0.9991539726919194,1.0,0.9999999853822292,0.9999831914901733,0.9999915957450867
malicious_pure,4020.ps1,1,3,0.9995082003428216,1.0,0.9999999918991481,0.9989196062088013,0.9994598031044006
malicious_pure,4021.ps1,1,1,0.9992748874969041,1.0,0.9999999935636188,0.9982364177703857,0.9991182088851929
malicious_pure,4024.ps1,1,3,0.9994756513988287,1.0,0.9999999628897083,0.9989101886749268,0.9994550943374634
malicious_pure,4025.ps1,1,2,0.9991623754872591,1.0,0.9999995302947443,0.9997193217277527,0.9998596608638763
malicious_pure,4027.ps1,1,4,0.9990442035851983,1.0,0.9999999775108467,0.9988331198692322,0.9994165599346161
malicious_pure,4029.ps1,1,3,0.9394354757371174,0.9766666666666667,0.9999982665345959,0.9925642609596252,0.9846154638131459
malicious_pure,4031.ps1,1,1,0.9992893783359243,1.0,0.9999999935636188,0.9980064034461975,0.9990032017230988
malicious_pure,4032.ps1,1,1,0.999224725073477,1.0,0.9999999935636188,0.997687578201294,0.998843789100647
malicious_pure,4033.ps1,1,2,0.9846086474130115,1.0,0.9999998123010027,0.9995307922363281,0.9997653961181641
malicious_pure,4038.ps1,1,4,0.9990024355908559,1.0,0.9999999865806544,0.9988669157028198,0.9994334578514099
malicious_pure,4040.ps1,1,1,0.9992473015913814,1.0,0.9999999935636188,0.9982840418815613,0.9991420209407806
malicious_pure,4041.ps1,1,1,0.9905668251368588,1.0,0.9999997867462211,0.9962228536605835,0.9981114268302917
malicious_pure,4045.ps1,1,3,0.9994974804369557,1.0,0.9999999675735468,0.9989420771598816,0.9994710385799408
malicious_pure,4049.ps1,1,0,0.9991696606989222,1.0,0.9999999852036028,0.9999828338623047,0.9999914169311523
malicious_pure,405.ps1,1,4,0.9992869584704205,1.0,0.9999999808632106,0.9994170665740967,0.9997085332870483
malicious_pure,4057.ps1,1,3,0.9979557628702257,1.0,0.9999999839984086,0.9985983967781067,0.9992991983890533
malicious_pure,406.ps1,1,1,0.9992379901171828,1.0,0.9999999935636188,0.9983435869216919,0.999171793460846
malicious_pure,4060.ps1,1,2,0.9819209799520756,1.0,0.9999998154037771,0.9987196922302246,0.9993598461151123
malicious_pure,4062.ps1,1,3,0.998142557009133,1.0,0.9999999644923337,0.9983874559402466,0.9991937279701233
malicious_pure,4064.ps1,1,0,0.9991381279269235,1.0,0.9999999853822292,0.9999791383743286,0.9999895691871643
malicious_pure,4065.ps1,1,1,0.9992662850599665,1.0,0.9999999935636188,0.9976615905761719,0.9988307952880859
malicious_pure,4073.ps1,1,3,0.9994866805642616,1.0,0.9999999628897083,0.9989578723907471,0.9994789361953735
malicious_pure,4074.ps1,1,3,0.9991573370545581,1.0,0.9999999868384879,0.9981812238693237,0.9990906119346619
malicious_pure,409.ps1,1,0,0.9991630273937907,1.0,0.9999999853822292,0.9999829530715942,0.9999914765357971
malicious_pure,410.ps1,1,3,0.9998831874950055,0.9966666666666667,0.9999999907980864,0.9994528889656067,0.9980597778161366
malicious_pure,413.ps1,1,0,0.9991609247751898,1.0,0.9999999853822292,0.999983549118042,0.999991774559021
malicious_pure,414.ps1,1,0,0.9991613360165565,1.0,0.9999999853822292,0.9999831914901733,0.9999915957450867
malicious_pure,416.ps1,1,3,0.9994352406943194,1.0,0.9999999918867685,0.9995726943016052,0.9997863471508026
malicious_pure,417.ps1,1,0,0.9991583527698856,1.0,0.9999999853822292,0.9999834299087524,0.9999917149543762
malicious_pure,419.ps1,1,0,0.9991725531465837,1.0,0.9999999801232897,0.999982476234436,0.999991238117218
malicious_pure,42.ps1,1,1,0.9992803125663995,1.0,0.9999999935636188,0.9972694516181946,0.9986347258090973
malicious_pure,420.ps1,1,2,0.9997924962383075,1.0,0.9999999908049629,0.9995367527008057,0.9997683763504028
malicious_pure,423.ps1,1,2,0.9999193211360936,1.0,0.999999990785912,0.9991236329078674,0.9995618164539337
malicious_pure,43.ps1,1,1,0.9992337488814638,1.0,0.9999999935636188,0.998004138469696,0.999002069234848
malicious_pure,432.ps1,1,2,0.9890615357095979,0.99,0.9999999892572701,0.9675962924957275,0.9787981462478638
malicious_pure,435.ps1,1,0,0.9991664039465137,1.0,0.9999999853822292,0.999983549118042,0.999991774559021
malicious_pure,438.ps1,1,4,0.9658182719734473,0.9933333333333333,0.9999999655750483,0.9973425269126892,0.9953379301230112
malicious_pure,44.ps1,1,1,0.999252173831223,1.0,0.9999999935636188,0.997721254825592,0.998860627412796
malicious_pure,444.ps1,1,3,0.9999174541972985,0.9966666666666667,0.9999999914869352,0.9995518326759338,0.9981092496713002
malicious_pure,445.ps1,1,3,0.9999768898269582,1.0,0.9999999746545367,0.9997997879981995,0.9998998939990997
malicious_pure,446.ps1,1,3,0.8857577489267648,1.0,0.9999999399921364,0.9972400665283203,0.9986200332641602
malicious_pure,450.ps1,1,3,0.7732214686855793,0.8766666666666667,0.9999247495461989,0.9809617400169373,0.928814203341802
malicious_pure,451.ps1,1,2,0.9997829305774734,1.0,0.9999999951244571,0.99847811460495,0.999239057302475
malicious_pure,452.ps1,1,3,0.9994355559636255,1.0,0.9999999918867685,0.9995737671852112,0.9997868835926056
malicious_pure,454.ps1,1,4,0.999215268635116,1.0,0.9999999840565656,0.9996778964996338,0.9998389482498169
malicious_pure,458.ps1,1,3,0.9999765205294514,1.0,0.999999975986024,0.9997487664222717,0.9998743832111359
malicious_pure,459.ps1,1,3,0.9983768312102548,1.0,0.9999999450440095,0.9301574230194092,0.9650787115097046
malicious_pure,462.ps1,1,0,0.9991610101805539,1.0,0.9999999853822292,0.9999836683273315,0.9999918341636658
malicious_pure,464.ps1,1,1,0.9992690174197854,1.0,0.9999999935636188,0.9979896545410156,0.9989948272705078
malicious_pure,465.ps1,1,1,0.999264263520431,1.0,0.9999999935636188,0.9969436526298523,0.9984718263149261
malicious_pure,468.ps1,1,1,0.9992008203373343,1.0,0.999999997820765,0.9988983869552612,0.9994491934776306
malicious_pure,475.ps1,1,2,0.41413920520125796,0.45,0.9991715390606504,0.1123582050204277,0.28117910251021383
malicious_pure,476.ps1,1,2,0.9697061308539535,0.93,0.999999881135346,0.9923222661018372,0.9611611330509187
malicious_pure,481.ps1,1,4,0.9991919474382724,1.0,0.9999999745297843,0.9987885355949402,0.9993942677974701
malicious_pure,484.ps1,1,4,0.9992038424609556,1.0,0.9999999840565656,0.9996747970581055,0.9998373985290527
malicious_pure,486.ps1,1,3,0.9994550462361721,1.0,0.9999999916333627,0.9993616938591003,0.9996808469295502
malicious_pure,491.ps1,1,1,0.9992474452398309,1.0,0.9999999935636188,0.9977883100509644,0.9988941550254822
malicious_pure,493.ps1,1,1,0.9992394950791895,1.0,0.9999999935636188,0.9980974793434143,0.9990487396717072
malicious_pure,505.ps1,1,4,0.9991991724696745,1.0,0.9999999840565656,0.9996792078018188,0.9998396039009094
malicious_pure,508.ps1,1,0,0.9991681365794132,1.0,0.9999999853822292,0.9999836683273315,0.9999918341636658
malicious_pure,510.ps1,1,2,0.9997937244263473,1.0,0.9999999908049629,0.9995296001434326,0.9997648000717163
malicious_pure,514.ps1,1,2,0.9772069269896597,0.84,0.999999426597966,0.9858025312423706,0.9129012656211852
malicious_pure,516.ps1,1,1,0.9992635900052237,1.0,0.9999999935636188,0.9977297186851501,0.9988648593425751
malicious_pure,519.ps1,1,0,0.999167839534648,1.0,0.9999999853822292,0.9999839067459106,0.9999919533729553
malicious_pure,52.ps1,1,2,0.9997862263129698,1.0,0.9999999926268277,0.9985942244529724,0.9992971122264862
malicious_pure,520.ps1,1,2,0.9999738490825839,0.9966666666666667,0.9999999630650545,0.9997004270553589,0.9981835468610127
malicious_pure,527.ps1,1,3,0.8948538244478591,1.0,0.9999998325812363,0.9980219602584839,0.9990109801292419
malicious_pure,530.ps1,1,3,0.9988409808394426,1.0,0.9999999714230577,0.9984252452850342,0.9992126226425171
malicious_pure,536.ps1,1,1,0.9992177008801902,1.0,0.9999999935636188,0.9972144961357117,0.9986072480678558
malicious_pure,537.ps1,1,1,0.966659356987911,1.0,0.9999999885199459,0.9980860948562622,0.9990430474281311
malicious_pure,540.ps1,1,0,0.9991645861572556,1.0,0.9999999853822292,0.9999841451644897,0.9999920725822449
malicious_pure,548.ps1,1,3,0.9977091000085304,1.0,0.9999997126476969,0.9953145980834961,0.997657299041748
malicious_pure,551.ps1,1,0,0.9991658031983646,1.0,0.9999999853822292,0.9999834299087524,0.9999917149543762
malicious_pure,552.ps1,1,0,0.9991630893120722,1.0,0.9999999853822292,0.9999834299087524,0.9999917149543762
malicious_pure,553.ps1,1,0,0.9991392613880148,1.0,0.9999999853822292,0.9999793767929077,0.9999896883964539
malicious_pure,556.ps1,1,1,0.9992632693634913,1.0,0.9999999935636188,0.9980733394622803,0.9990366697311401
malicious_pure,558.ps1,1,4,0.9999632127944285,1.0,0.9999999941284068,0.9997513890266418,0.9998756945133209
malicious_pure,56.ps1,1,1,0.9992531109370265,1.0,0.9999999935636188,0.9982728958129883,0.9991364479064941
malicious_pure,560.ps1,1,2,0.9999744278812042,0.9966666666666667,0.9999999683161612,0.999702513217926,0.9981845899422963
malicious_pure,561.ps1,1,1,0.9992516305233952,1.0,0.9999999935636188,0.9979506134986877,0.9989753067493439
malicious_pure,564.ps1,1,0,0.9991651473011282,1.0,0.9999999853822292,0.9999836683273315,0.9999918341636658
malicious_pure,569.ps1,1,3,0.9999761151321107,1.0,0.999999979277338,0.9997888207435608,0.9998944103717804
malicious_pure,57.ps1,1,3,0.9994354490678786,1.0,0.9999999918867685,0.9995748400688171,0.9997874200344086
malicious_pure,573.ps1,1,4,0.9990792851691379,1.0,0.9999999854685095,0.9988755583763123,0.9994377791881561
malicious_pure,576.ps1,1,4,0.9997490393072199,1.0,0.9999999952935579,0.9998589754104614,0.9999294877052307
malicious_pure,577.ps1,1,1,0.9992811705321302,1.0,0.9999999935636188,0.9976806640625,0.99884033203125
malicious_pure,59.ps1,1,0,0.999161891149196,1.0,0.9999999853822292,0.9999834299087524,0.9999917149543762
malicious_pure,593.ps1,1,0,0.9991632329719944,1.0,0.9999999853822292,0.9999833106994629,0.9999916553497314
malicious_pure,594.ps1,1,1,0.9992746234337222,1.0,0.9999999935636188,0.9980626702308655,0.9990313351154327
malicious_pure,597.ps1,1,0,0.9991734009313226,1.0,0.9999999853822292,0.9999837875366211,0.9999918937683105
malicious_pure,598.ps1,1,0,0.9991587563966735,1.0,0.9999999853822292,0.9999834299087524,0.9999917149543762
malicious_pure,604.ps1,1,4,0.9742160967068326,0.9966666666666667,0.9999999612134645,0.987758457660675,0.9922125621636708
malicious_pure,609.ps1,1,0,0.9991404806191498,1.0,0.9999999853822292,0.9999790191650391,0.9999895095825195
malicious_pure,61.ps1,1,2,0.9997927617077138,1.0,0.9999999908049629,0.9995272159576416,0.9997636079788208
malicious_pure,611.ps1,1,3,0.9994392305110507,1.0,0.9999999918867685,0.9995645880699158,0.9997822940349579
malicious_pure,615.ps1,1,1,0.9992505244096315,1.0,0.9999999935636188,0.9974601864814758,0.9987300932407379
malicious_pure,616.ps1,1,4,0.9946426788462678,0.9466666666666667,0.9999992231729821,0.9954413175582886,0.9710539921124777
malicious_pure,617.ps1,1,2,0.9999792207202757,1.0,0.9999999429223353,0.9995096921920776,0.9997548460960388
malicious_pure,618.ps1,1,0,0.9991406615160092,1.0,0.9999999853822292,0.9999790191650391,0.9999895095825195
malicious_pure,619.ps1,1,4,0.9991937559268351,1.0,0.9999999840565656,0.9996718168258667,0.9998359084129333
malicious_pure,629.ps1,1,0,0.9991394609854085,1.0,0.9999999853822292,0.9999793767929077,0.9999896883964539
malicious_pure,630.ps1,1,2,0.9926801822338323,1.0,0.9999998030403433,0.9993001222610474,0.9996500611305237
malicious_pure,637.ps1,1,4,0.9991646461136414,1.0,0.9999999840565656,0.9995822310447693,0.9997911155223846
malicious_pure,643.ps1,1,3,0.9994349629827558,1.0,0.9999999918867685,0.9995673298835754,0.9997836649417877
malicious_pure,649.ps1,1,0,0.9991618826703493,1.0,0.9999999853822292,0.9999836683273315,0.9999918341636658
malicious_pure,650.ps1,1,3,0.9994665379590557,1.0,0.9999999923630903,0.999573290348053,0.9997866451740265
malicious_pure,654.ps1,1,4,0.9991865960385744,1.0,0.9999999853453223,0.9989124536514282,0.9994562268257141
malicious_pure,657.ps1,1,1,0.9992678924675304,1.0,0.9999999935636188,0.9979487061500549,0.9989743530750275
malicious_pure,66.ps1,1,0,0.9991635308756743,1.0,0.9999999853822292,0.999983549118042,0.999991774559021
malicious_pure,660.ps1,1,3,0.9994646268405273,1.0,0.9999999591752339,0.9990455508232117,0.9995227754116058
malicious_pure,661.ps1,1,1,0.9992630444106501,1.0,0.9999999935636188,0.998264491558075,0.9991322457790375
malicious_pure,665.ps1,1,2,0.9085761776728368,1.0,0.9999998115381221,0.9987056255340576,0.9993528127670288
malicious_pure,666.ps1,1,3,0.9973020263480683,0.9966666666666667,0.99999857303492,0.9946322441101074,0.995649455388387
malicious_pure,67.ps1,1,0,0.9991660995838914,1.0,0.9999999853822292,0.9999836683273315,0.9999918341636658
malicious_pure,670.ps1,1,0,0.9991659887066596,1.0,0.9999999853822292,0.9999834299087524,0.9999917149543762
malicious_pure,672.ps1,1,4,0.9987068345193588,1.0,0.9999999837595164,0.998806357383728,0.999403178691864
malicious_pure,678.ps1,1,2,0.9997941117334063,1.0,0.9999999908049629,0.9995359182357788,0.9997679591178894
malicious_pure,680.ps1,1,0,0.9991650490983387,1.0,0.9999999853822292,0.9999836683273315,0.9999918341636658
malicious_pure,682.ps1,1,0,0.9991667436735564,1.0,0.9999999853822292,0.9999836683273315,0.9999918341636658
malicious_pure,683.ps1,1,0,0.9991374916812329,1.0,0.9999999853822292,0.9999791383743286,0.9999895691871643
malicious_pure,685.ps1,1,1,0.9992614002908529,1.0,0.9999999935636188,0.9974404573440552,0.9987202286720276
malicious_pure,692.ps1,1,3,0.9994360818348136,1.0,0.9999999918867685,0.9995684027671814,0.9997842013835907
malicious_pure,696.ps1,1,3,0.9010706059955726,1.0,0.9999999353458209,0.9954370856285095,0.9977185428142548
malicious_pure,700.ps1,1,0,0.9991657516134294,1.0,0.9999999853822292,0.9999833106994629,0.9999916553497314
malicious_pure,702.ps1,1,1,0.9992330132023942,1.0,0.9999999935636188,0.9980087876319885,0.9990043938159943
malicious_pure,703.ps1,1,1,0.9992479109179437,1.0,0.9999999935636188,0.9977880716323853,0.9988940358161926
malicious_pure,709.ps1,1,0,0.9991363953892735,1.0,0.9999999853822292,0.9999792575836182,0.9999896287918091
malicious_pure,71.ps1,1,0,0.9991708583719483,1.0,0.9999999853822292,0.999983549118042,0.999991774559021
malicious_pure,710.ps1,1,1,0.9507315619686336,1.0,0.9999987407334886,0.989324152469635,0.9946620762348175
malicious_pure,714.ps1,1,4,0.9640076681665195,1.0,0.9999999694199571,0.9973174929618835,0.9986587464809418
malicious_pure,719.ps1,1,0,0.9991633569413557,1.0,0.9999999853822292,0.999983549118042,0.999991774559021
malicious_pure,722.ps1,1,2,0.9881745102619356,0.97,0.9999943651238038,0.9941040873527527,0.9820520436763763
malicious_pure,728.ps1,1,4,0.9991934310055117,1.0,0.9999999840565656,0.999674916267395,0.9998374581336975
malicious_pure,730.ps1,1,0,0.9991642821971285,1.0,0.9999999853822292,0.999983549118042,0.999991774559021
malicious_pure,738.ps1,1,4,0.9992202501197808,1.0,0.9999999840565656,0.9996781349182129,0.9998390674591064
malicious_pure,740.ps1,1,2,0.9997945564659364,1.0,0.9999999908049629,0.9995285272598267,0.9997642636299133
malicious_pure,746.ps1,1,1,0.9992729345478899,1.0,0.9999999935636188,0.9982308745384216,0.9991154372692108
malicious_pure,752.ps1,1,0,0.9991589525698441,1.0,0.9999999853822292,0.9999836683273315,0.9999918341636658
malicious_pure,756.ps1,1,2,0.9997783309475945,1.0,0.9999999932816805,0.9987334609031677,0.9993667304515839
malicious_pure,763.ps1,1,1,0.9992503078277675,1.0,0.9999999935636188,0.998191773891449,0.9990958869457245
malicious_pure,765.ps1,1,4,0.8909580185519999,1.0,0.9999999199875453,0.9964652061462402,0.9982326030731201
malicious_pure,770.ps1,1,2,0.9997444217867658,1.0,0.9999999952502143,0.9986534118652344,0.9993267059326172
malicious_pure,776.ps1,1,2,0.9350615913340151,0.9833333333333333,0.9999993095556963,0.9338238835334778,0.9585786084334056
malicious_pure,777.ps1,1,0,0.9991914392858705,1.0,0.9999999801232897,0.9999818801879883,0.9999909400939941
malicious_pure,778.ps1,1,2,0.9997702407075206,1.0,0.9999999937496511,0.9987680315971375,0.9993840157985687
malicious_pure,78.ps1,1,1,0.9308204579741096,1.0,0.9999999594063996,0.9978119134902954,0.9989059567451477
malicious_pure,781.ps1,1,2,0.9997930188654992,1.0,0.9999999908049629,0.9995242357254028,0.9997621178627014
malicious_pure,784.ps1,1,1,0.732730434718576,0.86,0.999432331397529,0.8728342056274414,0.8664171028137206
malicious_pure,787.ps1,1,4,0.9885611859901653,1.0,0.9999999661670691,0.9977235198020935,0.9988617599010468
malicious_pure,793.ps1,1,1,0.9992822729586406,1.0,0.9999999935636188,0.9980350136756897,0.9990175068378448
malicious_pure,795.ps1,1,0,0.9991845108232293,1.0,0.9999999801232897,0.9999830722808838,0.9999915361404419
malicious_pure,800.ps1,1,0,0.9991658797270058,1.0,0.9999999853822292,0.9999831914901733,0.9999915957450867
malicious_pure,803.ps1,1,4,0.9997566106878034,1.0,0.9999999969427,0.9994004964828491,0.9997002482414246
malicious_pure,807.ps1,1,2,0.9997972414746671,1.0,0.9999999932816805,0.9983878135681152,0.9991939067840576
malicious_pure,812.ps1,1,2,0.9997951088832623,1.0,0.9999999908049629,0.9995248317718506,0.9997624158859253
malicious_pure,818.ps1,1,3,0.9039443554466687,1.0,0.9999999269206694,0.9967756867408752,0.9983878433704376
malicious_pure,82.ps1,1,0,0.999161121063702,1.0,0.9999999853822292,0.999983549118042,0.999991774559021
malicious_pure,823.ps1,1,0,0.99915045341347,1.0,0.9999999853822292,0.9999791383743286,0.9999895691871643
malicious_pure,824.ps1,1,0,0.9991662692432911,1.0,0.9999999853822292,0.999983549118042,0.999991774559021
malicious_pure,828.ps1,1,3,0.9725463829402999,0.9866666666666667,0.9999999798298556,0.9934403300285339,0.9900534983476004
malicious_pure,835.ps1,1,4,0.9980963458673858,0.9933333333333333,0.9999997079361647,0.9390465617179871,0.9661899475256601
malicious_pure,837.ps1,1,3,0.988754681308143,1.0,0.9999999178295925,0.9956613183021545,0.9978306591510773
malicious_pure,838.ps1,1,1,0.9992575105568151,1.0,0.9999999935636188,0.9984128475189209,0.9992064237594604
malicious_pure,840.ps1,1,2,0.9997946873282312,1.0,0.9999999908049629,0.9995300769805908,0.9997650384902954
malicious_pure,842.ps1,1,3,0.9999797744826707,0.9966666666666667,0.9999999824510425,0.9995740056037903,0.9981203361352284
malicious_pure,849.ps1,1,4,0.9997401814338213,1.0,0.999999992231782,0.9994959831237793,0.9997479915618896
malicious_pure,85.ps1,1,1,0.9992571433002377,1.0,0.9999999935636188,0.9978602528572083,0.9989301264286041
malicious_pure,852.ps1,1,0,0.9991662713617002,1.0,0.9999999853822292,0.9999833106994629,0.9999916553497314
malicious_pure,853.ps1,1,2,0.9997954253879385,1.0,0.9999999908049629,0.9995360374450684,0.9997680187225342
malicious_pure,854.ps1,1,3,0.9994716373280885,1.0,0.9999999654083153,0.9989449381828308,0.9994724690914154
malicious_pure,856.ps1,1,2,0.999778183639061,1.0,0.9999999882121452,0.9987521171569824,0.9993760585784912
malicious_pure,859.ps1,1,0,0.99916116170742,1.0,0.9999999853822292,0.9999833106994629,0.9999916553497314
malicious_pure,861.ps1,1,1,0.9992569205284247,1.0,0.9999999935636188,0.9980996251106262,0.9990498125553131
malicious_pure,866.ps1,1,4,0.9811456446226642,0.9966666666666667,0.9999999177610887,0.9978653788566589,0.9972660227616628
malicious_pure,870.ps1,1,2,0.9998168758037296,1.0,0.9999999873295754,0.999211311340332,0.999605655670166
malicious_pure,873.ps1,1,4,0.9990881986933918,1.0,0.9999999879112201,0.9988662004470825,0.9994331002235413
malicious_pure,879.ps1,1,2,0.9997919652973848,1.0,0.9999999908049629,0.9995262622833252,0.9997631311416626
malicious_pure,880.ps1,1,0,0.9991413333497893,1.0,0.9999999853822292,0.99997878074646,0.99998939037323
malicious_pure,882.ps1,1,2,0.9855494339268351,1.0,0.9999985942396123,0.9969335794448853,0.9984667897224426
malicious_pure,887.ps1,1,3,0.9994396615250336,1.0,0.9999999918867685,0.99956876039505,0.999784380197525
malicious_pure,891.ps1,1,0,0.9991356121369795,1.0,0.9999999853822292,0.9999792575836182,0.9999896287918091
malicious_pure,894.ps1,1,2,0.9997918666484433,1.0,0.9999999932816805,0.998490571975708,0.999245285987854
malicious_pure,896.ps1,1,1,0.9992343248560923,1.0,0.9999999935636188,0.9975494742393494,0.9987747371196747
malicious_pure,898.ps1,1,4,0.9992055502496249,1.0,0.9999999857565796,0.9989355206489563,0.9994677603244781
malicious_pure,899.ps1,1,1,0.9992670428109334,1.0,0.9999999935636188,0.9981517195701599,0.99907585978508
malicious_pure,903.ps1,1,3,0.8705095881050363,1.0,0.9999998650614073,0.9976710677146912,0.9988355338573456
malicious_pure,909.ps1,1,2,0.9997589259026005,1.0,0.9999999951244571,0.9986887574195862,0.9993443787097931
malicious_pure,915.ps1,1,2,0.9997949897936828,1.0,0.9999999908049629,0.9995310306549072,0.9997655153274536
malicious_pure,920.ps1,1,4,0.9877898351483199,0.9666666666666667,0.9999930786909815,0.9932059049606323,0.9799362858136496
malicious_pure,923.ps1,1,0,0.9991643651222654,1.0,0.9999999853822292,0.9999836683273315,0.9999918341636658
malicious_pure,927.ps1,1,0,0.9991643992505342,1.0,0.9999999853822292,0.999983549118042,0.999991774559021
malicious_pure,928.ps1,1,2,0.9997943032244474,1.0,0.9999999908049629,0.9995301961898804,0.9997650980949402
malicious_pure,934.ps1,1,1,0.9992668835038169,1.0,0.9999999935636188,0.9978892207145691,0.9989446103572845
malicious_pure,94.ps1,1,4,0.9992044937834534,1.0,0.9999999853453223,0.9986799359321594,0.9993399679660797
malicious_pure,942.ps1,1,0,0.9991642969833644,1.0,0.9999999853822292,0.9999831914901733,0.9999915957450867
malicious_pure,943.ps1,1,1,0.9992500130577718,1.0,0.9999999935636188,0.9977433681488037,0.9988716840744019
malicious_pure,954.ps1,1,4,0.04731821533442441,0.08333333333333333,2.5511451148888896e-07,0.0753282979130745,0.0793308156232039
malicious_pure,958.ps1,1,4,0.9992547878803217,1.0,0.9999999814865635,0.9987140893936157,0.9993570446968079
malicious_pure,960.ps1,1,4,0.9894415396327256,0.9666666666666667,0.999994989833835,0.9936065673828125,0.9801366170247396
malicious_pure,961.ps1,1,4,0.9976018780850803,1.0,0.9999986743122513,0.9932993650436401,0.9966496825218201
malicious_pure,964.ps1,1,3,0.9983365599816117,1.0,0.9999997128497814,0.9951098561286926,0.9975549280643463
malicious_pure,966.ps1,1,3,0.8986454266184529,1.0,0.9999998375573986,0.9969094395637512,0.9984547197818756
malicious_pure,967.ps1,1,2,0.9997928088467312,1.0,0.9999999908049629,0.9995326995849609,0.9997663497924805
malicious_pure,973.ps1,1,4,0.9992155175271151,1.0,0.9999999853453223,0.9989123344421387,0.9994561672210693
malicious_pure,975.ps1,1,3,0.9994405419473049,1.0,0.9999999918867685,0.9995713829994202,0.9997856914997101
malicious_pure,978.ps1,1,4,0.9993097246995515,1.0,0.9999998528068944,0.9987547397613525,0.9993773698806763
malicious_pure,986.ps1,1,4,0.9991949198211948,1.0,0.9999999815193269,0.9994584918022156,0.9997292459011078
malicious_pure,988.ps1,1,2,0.999791356564383,1.0,0.9999999908049629,0.9995238780975342,0.9997619390487671
malicious_pure,991.ps1,1,3,0.9982964373869164,1.0,0.9999997679673011,0.9956455230712891,0.9978227615356445
malicious_pure,997.ps1,1,0,0.999189828858027,1.0,0.9999999801232897,0.9999825954437256,0.9999912977218628
malicious_pure,CS1.ps1,1,3,0.994754127283519,0.7833333333333333,0.997408598320293,0.9484522938728333,0.8658928136030832
malicious_pure,CS10.ps1,1,2,0.5740911781825734,0.37333333333333335,0.005506369619711511,0.5190477967262268,0.44619056502978005
malicious_pure,CS2.ps1,1,3,0.9948078631073352,0.78,0.997408598320293,0.9483900666236877,0.8641950333118439
malicious_pure,CS3.ps1,1,3,0.9987983666077667,0.96,0.9999999450440095,0.8842572569847107,0.9221286284923553
malicious_pure,CS4.ps1,1,2,0.9958952307976613,1.0,0.999998691201668,0.8975908160209656,0.9487954080104828
malicious_pure,CS5.ps1,1,2,0.9765438789754936,0.7966666666666666,0.9999865166942424,0.9630693197250366,0.8798679931958516
malicious_pure,CS6.ps1,1,2,0.9692908524967602,0.5133333333333333,0.060062416878499704,0.5631911754608154,0.5382622543970743
malicious_pure,CS7.ps1,1,3,0.9993017126071255,0.9633333333333334,0.9999999058031797,0.903063952922821,0.9331986431280772
malicious_pure,git_1.ps1,1,4,0.608828043429882,0.5166666666666667,0.17570567247765,0.671263575553894,0.5939651211102803
malicious_pure,git_10.ps1,1,1,0.9380005024375451,0.6633333333333333,0.9988464322224956,0.9662553668022156,0.8147943500677745
malicious_pure,git_100.ps1,1,4,0.9379478233073693,0.8933333333333333,0.5069530055948532,0.8702958822250366,0.881814607779185
malicious_pure,git_101.ps1,1,3,0.8664121501671763,0.56,0.8725709892243744,0.651796281337738,0.605898140668869
malicious_pure,git_102.ps1,1,4,0.6336031339991591,0.5,0.10462674135183367,0.7155095338821411,0.6077547669410706
malicious_pure,git_103.ps1,1,2,0.038009070131436735,0.56,0.0815106632422637,0.2370070070028305,0.3985035035014153
malicious_pure,git_104.ps1,1,3,0.9996367398401191,0.6866666666666666,0.7177450369018772,0.93794846534729,0.8123075660069783
malicious_pure,git_105.ps1,1,2,0.05108294759699146,0.02,0.002058256530499147,0.40232646465301514,0.21116323232650758
malicious_pure,git_106.ps1,1,4,0.023551952563230515,0.0033333333333333335,9.372039175222084e-08,0.14166250824928284,0.07249792079130808
malicious_pure,git_107.ps1,1,4,0.9160041901570504,0.9833333333333333,0.999996987814228,0.9317088723182678,0.9575211028258006
malicious_pure,git_108.ps1,1,4,0.01483836444904979,0.0033333333333333335,2.7480063291318326e-08,0.11922901123762131,0.06128117228547732
malicious_pure,git_109.ps1,1,2,0.9693040259126882,0.98,0.9999924068655346,0.8816137909889221,0.930806895494461
malicious_pure,git_11.ps1,1,2,0.6742789649185887,0.22,0.010219930784981181,0.9850656390190125,0.6025328195095062
malicious_pure,git_110.ps1,1,3,0.9075611262471447,0.38,0.01983152635619721,0.43325290083885193,0.40662645041942597
malicious_pure,git_111.ps1,1,4,0.6341697185454492,0.61,0.6417727087819877,0.8210409283638,0.7155204641819
malicious_pure,git_112.ps1,1,3,0.06711267133122198,0.6,0.9369428176318233,0.8661881685256958,0.733094084262848
malicious_pure,git_113.ps1,1,3,0.03897442444927061,0.0,1.7240693212727494e-07,0.17381662130355835,0.08690831065177917
malicious_pure,git_114.ps1,1,2,0.00030498260397406084,0.29333333333333333,0.0004243143971355831,0.3648455739021301,0.32908945361773173
malicious_pure,git_116.ps1,1,2,0.01066537724860249,0.3,1.6665604619312167e-05,0.41039538383483887,0.35519769191741946
malicious_pure,git_117.ps1,1,3,1.0138658835969519e-09,0.31333333333333335,0.0003236975600310939,0.11739974468946457,0.21536653901139896
malicious_pure,git_118.ps1,1,3,0.9937128712966283,0.4766666666666667,0.1529092733060691,0.8876013159751892,0.6821339913209279
malicious_pure,git_119.ps1,1,4,0.7259000520576635,0.5033333333333333,0.33493532100654977,0.8812673091888428,0.6923003212610881
malicious_pure,git_12.ps1,1,4,0.9159563664781031,0.9966666666666667,0.9999967504736588,0.9467381238937378,0.9717023952802022
malicious_pure,git_120.ps1,1,3,0.8728907555263412,0.7166666666666667,0.956605441002458,0.9025263786315918,0.8095965226491293
malicious_pure,git_121.ps1,1,4,0.03037140324394049,0.43333333333333335,0.25181705555129535,0.6337593793869019,0.5335463563601176
malicious_pure,git_122.ps1,1,3,0.9446365258524636,0.4266666666666667,0.02865389808911019,0.8798330426216125,0.6532498546441396
malicious_pure,git_123.ps1,1,4,0.625716473157849,0.4866666666666667,0.22408070505996985,0.7076103091239929,0.5971384878953299
malicious_pure,git_124.ps1,1,3,0.44703298251208484,0.45,0.0017244776126958674,0.7772704362869263,0.6136352181434631
malicious_pure,git_125.ps1,1,2,0.8406283883443258,0.9766666666666667,0.9999973150071996,0.9555187225341797,0.9660926946004231
malicious_pure,git_126.ps1,1,3,0.9975302690784131,0.7666666666666667,0.9989352772452013,0.9341903328895569,0.8504284997781117
malicious_pure,git_127.ps1,1,4,0.9380071578133165,0.8133333333333334,0.44704649609275393,0.8712553977966309,0.8422943655649822
malicious_pure,git_128.ps1,1,2,0.021789601275535392,0.08,1.9339387945759393e-07,0.0531921461224556,0.0665960730612278
malicious_pure,git_129.ps1,1,4,0.9800551328445618,0.95,0.9999946474154525,0.9562230110168457,0.9531115055084228
malicious_pure,git_13.ps1,1,2,0.7093906909619242,0.5633333333333334,0.5892188844520764,0.5588608980178833,0.5610971156756084
malicious_pure,git_131.ps1,1,3,0.9973032121251194,0.7633333333333333,0.12443136480534352,0.9345136880874634,0.8489235107103983
malicious_pure,git_132.ps1,1,3,0.9845125950473134,0.9633333333333334,0.9999592190371258,0.9880958795547485,0.975714606444041
malicious_pure,git_133.ps1,1,3,0.23109682241026705,0.4033333333333333,0.008094510797898032,0.13289129734039307,0.2681123153368632
malicious_pure,git_134.ps1,1,3,0.032613103967934605,0.17,4.67536338593698e-05,0.02654867246747017,0.09827433623373509
malicious_pure,git_135.ps1,1,2,0.877644407104146,1.0,0.9999974908179442,0.9614608883857727,0.9807304441928864
malicious_pure,git_136.ps1,1,1,0.05487995658291543,0.03666666666666667,0.00018867155709064503,0.1744966357946396,0.10558165123065313
malicious_pure,git_137.ps1,1,4,0.0066152550356218184,0.043333333333333335,0.02119992593990292,0.02395590953528881,0.03364462143431107
malicious_pure,git_138.ps1,1,2,0.5292308845103012,0.4266666666666667,0.989386465596501,0.5592882037162781,0.4929774351914724
malicious_pure,git_14.ps1,1,3,0.9397637953774901,0.65,0.993563794678281,0.9802868962287903,0.8151434481143951
malicious_pure,git_15.ps1,1,4,0.6648890887864357,0.4166666666666667,0.14982911051445735,0.6294282674789429,0.5230474670728048
malicious_pure,git_16.ps1,1,3,0.89737563144226,1.0,0.9999984209601043,0.9767788648605347,0.9883894324302673
malicious_pure,git_17.ps1,1,4,0.9822012837039793,0.9,0.9999822433869034,0.7516607642173767,0.8258303821086883
malicious_pure,git_19.ps1,1,4,0.6347542796877267,0.51,0.11738717711994043,0.6898955702781677,0.5999477851390839
malicious_pure,git_2.ps1,1,2,0.9990724134417013,0.85,0.9996446570103279,0.9285129904747009,0.8892564952373505
malicious_pure,git_20.ps1,1,2,0.017739070391968797,0.04666666666666667,0.00041824003803055614,0.32039573788642883,0.18353120227654776
malicious_pure,git_21.ps1,1,2,0.026672737409640677,0.33666666666666667,0.01745978248566567,0.6464881896972656,0.49157742818196615
malicious_pure,git_22.ps1,1,4,0.9005736478250349,0.96,0.9999496295578785,0.9383509755134583,0.9491754877567291
malicious_pure,git_23.ps1,1,2,0.9990724134417013,0.85,0.9996446570103279,0.9285169243812561,0.8892584621906281
malicious_pure,git_24.ps1,1,2,0.6444991744691346,0.4033333333333333,0.5980703702393627,0.8552342653274536,0.6292837993303935
malicious_pure,git_25.ps1,1,4,0.18820723125728003,0.45,0.016386107274669152,0.5172096490859985,0.48360482454299925
malicious_pure,git_26.ps1,1,3,0.6388967266636297,0.06333333333333334,3.3074914876309065e-05,0.14678917825222015,0.10506125579277675
malicious_pure,git_27.ps1,1,2,0.8699161919978446,1.0,0.9999974484392943,0.9591735601425171,0.9795867800712585
malicious_pure,git_28.ps1,1,2,0.7823769078390822,0.37333333333333335,0.09039600421408173,0.4021398723125458,0.38773660282293954
malicious_pure,git_29.ps1,1,3,0.04243694124523725,0.04666666666666667,0.0001524570813416351,0.12335532158613205,0.08501099412639936
malicious_pure,git_3.ps1,1,4,0.6830106700311456,0.85,0.9996155627961811,0.9605700969696045,0.9052850484848023
malicious_pure,git_30.ps1,1,2,0.21780233810695598,0.11666666666666667,1.023392857790691e-05,0.7317997813224792,0.42423322399457297
malicious_pure,git_31.ps1,1,2,0.823052817798985,0.5833333333333334,0.4124631066620101,0.8939064741134644,0.7386199037233989
malicious_pure,git_32.ps1,1,3,0.06267359642052651,0.19333333333333333,0.011387635770360966,0.6906521320343018,0.44199273268381756
malicious_pure,git_33.ps1,1,3,0.9943615561021064,0.68,0.6937751628975729,0.9379796385765076,0.8089898192882539
malicious_pure,git_34.ps1,1,2,0.7054471931393607,0.5633333333333334,0.5359672185884351,0.550777018070221,0.5570551757017772
malicious_pure,git_35.ps1,1,2,0.2690532945477026,0.32666666666666666,0.00011500902389042284,0.4730435609817505,0.3998551138242086
malicious_pure,git_36.ps1,1,4,0.9998374419033427,0.6133333333333333,0.9997047427350351,0.8862149119377136,0.7497741226355235
malicious_pure,git_37.ps1,1,4,0.022560025318140588,0.0033333333333333335,2.928921878048964e-08,0.026486163958907127,0.01490974864612023
malicious_pure,git_38.ps1,1,2,0.04527167802301361,0.15,1.3770451561723606e-05,0.48770251870155334,0.3188512593507767
malicious_pure,git_39.ps1,1,2,0.014714619089675975,0.29333333333333333,0.08155589012388896,0.5466578602790833,0.4199955968062083
malicious_pure,git_4.ps1,1,3,0.007596761436249242,0.39666666666666667,0.0009527432430008998,0.16510017216205597,0.28088341941436135
malicious_pure,git_40.ps1,1,2,0.8627107270914592,0.52,0.977861541627327,0.7892519235610962,0.6546259617805481
malicious_pure,git_41.ps1,1,2,0.13579588271391713,0.25,0.002263070964301574,0.5627145171165466,0.4063572585582733
malicious_pure,git_42.ps1,1,3,0.021047677735276306,0.16,4.263871143085548e-05,0.2884751558303833,0.22423757791519167
malicious_pure,git_43.ps1,1,3,0.5131755941137712,0.8533333333333334,0.9999028718549396,0.9603256583213806,0.9068294958273571
malicious_pure,git_44.ps1,1,2,0.008428124522793762,0.0033333333333333335,5.577609111587802e-08,0.030046813189983368,0.01669007326165835
malicious_pure,git_45.ps1,1,4,0.0691618795353048,0.24333333333333335,0.22709006542039437,0.3254906237125397,0.28441197852293654
malicious_pure,git_46.ps1,1,4,0.6587766730056452,0.4166666666666667,0.14982911051445735,0.62909996509552,0.5228833158810934
malicious_pure,git_47.ps1,1,2,0.4702608134888336,0.4066666666666667,0.9804948705984848,0.6187164187431335,0.5126915427049001
malicious_pure,git_48.ps1,1,4,0.9135459967506662,0.9966666666666667,0.9999961966016399,0.9456818103790283,0.9711742385228475
malicious_pure,git_5.ps1,1,2,0.037933332168264944,0.17333333333333334,0.0031805651003483713,0.03555748611688614,0.10444540972510974
malicious_pure,git_50.ps1,1,2,0.5000127005123234,0.6033333333333334,0.11032412191860953,0.8552887439727783,0.7293110386530559
malicious_pure,git_52.ps1,1,4,0.057461168863135584,0.3333333333333333,0.0001527904041398665,0.7223888635635376,0.5278610984484354
malicious_pure,git_53.ps1,1,2,0.39527284814462454,0.33666666666666667,0.37318035438661773,0.4803289473056793,0.408497806986173
malicious_pure,git_55.ps1,1,4,0.37439415925278285,0.52,0.33788944294710027,0.7005738615989685,0.6102869307994843
malicious_pure,git_56.ps1,1,1,0.21511629839730123,0.29,0.011303627406134454,0.8026123642921448,0.5463061821460724
malicious_pure,git_57.ps1,1,4,0.6686476805504129,0.6833333333333333,0.9999286074935615,0.9329879879951477,0.8081606606642405
malicious_pure,git_58.ps1,1,2,0.007791947743629588,0.0,1.0028591093969077e-06,0.12238667905330658,0.06119333952665329
malicious_pure,git_59.ps1,1,2,0.02961632965219601,0.01,1.5525112830792945e-05,0.12161967158317566,0.06580983579158783
malicious_pure,git_6.ps1,1,4,0.6348456288404005,0.51,0.11738717711994043,0.6930739879608154,0.6015369939804077
malicious_pure,git_61.ps1,1,3,0.9976875386501174,0.7566666666666667,0.972441129518118,0.936826765537262,0.8467467161019644
malicious_pure,git_62.ps1,1,2,0.027236021481510074,0.37666666666666665,0.013355544008317607,0.5817099809646606,0.4791883238156637
malicious_pure,git_63.ps1,1,3,0.0714889066632806,0.12666666666666668,0.00013397502953292853,0.0906568169593811,0.10866174181302389
malicious_pure,git_64.ps1,1,4,0.8829228096755944,0.6566666666666666,0.9584867277433261,0.8824450373649597,0.7695558520158132
malicious_pure,git_65.ps1,1,2,0.011902397484208887,0.13,0.0002586944272148956,0.03552626445889473,0.08276313222944737
malicious_pure,git_66.ps1,1,1,0.9977322120038916,0.48333333333333334,0.8005942848317952,0.7945122122764587,0.6389227728048961
malicious_pure,git_67.ps1,1,2,0.9990618609932752,0.85,0.9996446570103279,0.928898274898529,0.8894491374492646
malicious_pure,git_68.ps1,1,2,0.04807649569223825,0.15,1.499577810176763e-05,0.4787502884864807,0.31437514424324037
malicious_pure,git_69.ps1,1,2,0.008129598001117006,0.06666666666666667,0.00013801582815391582,0.5731570720672607,0.3199118693669637
malicious_pure,git_70.ps1,1,4,0.6545726864303768,0.6966666666666667,0.9887680963923179,0.7499163150787354,0.7232914908727011
malicious_pure,git_71.ps1,1,3,0.16464631741796573,0.25,0.00446186946370872,0.09953618794679642,0.1747680939733982
malicious_pure,git_72.ps1,1,4,0.9955970089620629,0.78,0.9997847881243853,0.6807337999343872,0.7303668999671936
malicious_pure,git_73.ps1,1,4,0.02746953692355985,0.02,3.579529945432305e-07,0.027911808341741562,0.023955904170870783
malicious_pure,git_74.ps1,1,2,0.37594945113482253,0.09666666666666666,4.922367788528138e-06,0.6684136986732483,0.3825401826699575
malicious_pure,git_75.ps1,1,2,0.9959568413834999,0.5966666666666667,0.9933901247940081,0.9816795587539673,0.789173112710317
malicious_pure,git_76.ps1,1,3,0.8973874682577513,0.9966666666666667,0.9999987028751783,0.977220356464386,0.9869435115655263
malicious_pure,git_77.ps1,1,3,0.9661190842489434,0.8533333333333334,0.9999505289423338,0.8131179809570312,0.8332256571451824
malicious_pure,git_78.ps1,1,2,0.12293579632598711,0.24,0.00047544180093815445,0.5862112641334534,0.4131056320667267
malicious_pure,git_79.ps1,1,2,0.9969768689143477,0.81,0.9916509616433874,0.8941358327865601,0.8520679163932801
malicious_pure,git_8.ps1,1,3,0.8654742598283968,0.6533333333333333,0.9994416675217667,0.9620447754859924,0.8076890544096629
malicious_pure,git_80.ps1,1,4,0.6780677948464952,0.6833333333333333,0.9999856560762236,0.9346356987953186,0.808984516064326
malicious_pure,git_81.ps1,1,3,0.9527425140076171,0.8933333333333333,0.9999889959307253,0.9865880608558655,0.9399606970945994
malicious_pure,git_83.ps1,1,3,0.9212734849677969,0.46,0.5488890922229829,0.7765262722969055,0.6182631361484527
malicious_pure,git_84.ps1,1,3,0.8659826429042117,0.8133333333333334,0.9998016580853898,0.9048072099685669,0.8590702716509502
malicious_pure,git_85.ps1,1,2,0.019103507919596585,0.26666666666666666,1.7040051200099264e-05,0.3528080880641937,0.30973737736543017
malicious_pure,git_86.ps1,1,4,0.49740387822987914,0.2733333333333333,0.0019701110738024573,0.12298943847417831,0.19816138590375582
malicious_pure,git_87.ps1,1,3,0.002701201453984177,0.15,3.998269611931729e-07,0.09382498264312744,0.12191249132156372
malicious_pure,git_88.ps1,1,1,0.0457400949408267,0.05,0.05024735074980066,0.07346802204847336,0.06173401102423668
malicious_pure,git_89.ps1,1,2,0.8924980084313783,0.27666666666666667,0.0012240756346533776,0.9650682806968689,0.6208674736817678
malicious_pure,git_90.ps1,1,3,0.8734412464968824,0.72,0.9585981997398401,0.905937671661377,0.8129688358306885
malicious_pure,git_91.ps1,1,4,0.8249092290162097,0.6933333333333334,0.9988241252329437,0.7358900308609009,0.7146116820971171
malicious_pure,git_92.ps1,1,3,0.00672087031440636,0.35333333333333333,8.363737637568696e-05,0.18026034533977509,0.2667968393365542
malicious_pure,git_93.ps1,1,2,0.1765090744589642,0.26666666666666666,0.525307186519284,0.6387852430343628,0.4527259548505147
malicious_pure,git_94.ps1,1,4,0.7543824103835522,0.7066666666666667,0.9995948337408075,0.7722654342651367,0.7394660504659016
malicious_pure,git_95.ps1,1,4,0.8213384160811176,0.91,0.9999728806010729,0.7367104291915894,0.8233552145957947
malicious_pure,git_96.ps1,1,2,0.09468702771548883,0.2866666666666667,5.0037481079785894e-05,0.09671889990568161,0.19169278328617415
malicious_pure,git_97.ps1,1,4,0.18574360515327917,0.41,0.09025415923694985,0.8947842121124268,0.6523921060562133
malicious_pure,git_98.ps1,1,2,0.09592938457169198,0.14,4.86461116102438e-05,0.24178826808929443,0.19089413404464722
malicious_pure,git_99.ps1,1,4,0.9035223167251634,0.9566666666666667,0.9999505034585106,0.9395965337753296,0.9481316002209981
powershell_benign_dataset,1.ps1,0,1,0.011337336580503517,0.13666666666666666,4.509871178358378e-06,0.013892948627471924,0.07527980764706929
powershell_benign_dataset,10.ps1,0,2,0.001152798351952958,0.05,1.291856283297924e-07,0.006974999327212572,0.028487499663606287
powershell_benign_dataset,100.ps1,0,1,0.0373029628381809,0.0033333333333333335,1.025880558449708e-07,0.0036091117653995752,0.0034712225493664546
powershell_benign_dataset,1000.ps1,0,3,0.09724104416527356,0.013333333333333334,1.456455577057659e-07,0.006177045404911041,0.009755189369122189
powershell_benign_dataset,1001.ps1,0,0,0.07325734493719332,0.02,4.454356449049088e-07,0.041608747094869614,0.03080437354743481
powershell_benign_dataset,1002.ps1,0,1,0.025452501928125905,0.0,2.3981076779759342e-09,0.00334116630256176,0.00167058315128088
powershell_benign_dataset,1003.ps1,0,0,0.01528802448820018,0.0,3.501055941031125e-09,0.010151118040084839,0.005075559020042419
powershell_benign_dataset,1004.ps1,0,3,0.010054811666562493,0.0033333333333333335,8.792627223937417e-09,0.0021915514953434467,0.0027624424143383904
powershell_benign_dataset,1005.ps1,0,0,0.0509772454808397,0.0,3.681028032658895e-08,0.025489501655101776,0.012744750827550888
powershell_benign_dataset,1006.ps1,0,1,0.028294450139815283,0.0033333333333333335,1.1063622859815645e-08,0.004363809246569872,0.003848571289951603
powershell_benign_dataset,1007.ps1,0,0,0.024454773100075305,0.0,1.4221877775618149e-08,0.021115433424711227,0.010557716712355614
powershell_benign_dataset,1008.ps1,0,3,0.016558362913472454,0.0,6.759099869476216e-08,0.0033339522778987885,0.0016669761389493942
powershell_benign_dataset,1009.ps1,0,3,0.008348693383032638,0.006666666666666667,1.433942693507978e-07,0.004708428401499987,0.005687547534083327
powershell_benign_dataset,101.ps1,0,3,0.006985145316775364,0.006666666666666667,2.6889473605462266e-08,0.003475438803434372,0.00507105273505052
powershell_benign_dataset,1010.ps1,0,4,0.009017667122623953,0.0033333333333333335,1.1247609794490369e-07,0.0037247897125780582,0.003529061522955696
powershell_benign_dataset,1011.ps1,0,0,0.03442451081676821,0.0033333333333333335,1.0341756373517081e-07,0.010456393472850323,0.006894863403091828
powershell_benign_dataset,1012.ps1,0,3,0.0970881914272129,0.013333333333333334,1.0145004272458641e-07,0.0041161696426570415,0.008724751487995189
powershell_benign_dataset,1013.ps1,0,4,0.007698615879372924,0.0033333333333333335,1.1290791532577765e-06,0.001691848156042397,0.0025125907446878655
powershell_benign_dataset,1014.ps1,0,2,0.01738691508592579,0.006666666666666667,2.2714862161678906e-07,0.0031032292172312737,0.004884947941948971
powershell_benign_dataset,1015.ps1,0,0,0.0813148094834607,0.016666666666666666,4.512555975235104e-05,0.014932118356227875,0.01579939251144727
powershell_benign_dataset,1016.ps1,0,0,0.018215438111167805,0.0,8.565366979913493e-09,0.020550437271595,0.0102752186357975
powershell_benign_dataset,1017.ps1,0,3,0.033322563989677624,0.0,3.18459341945154e-08,0.0024967268109321594,0.0012483634054660797
powershell_benign_dataset,1018.ps1,0,4,0.0039461685097392125,0.01,1.184002843378367e-07,0.0017138744005933404,0.00585693720029667
powershell_benign_dataset,1019.ps1,0,0,0.2995645390883761,0.016666666666666666,3.3972506229967206e-05,0.01530060637742281,0.015983636522044736
powershell_benign_dataset,102.ps1,0,2,0.019961516072322567,0.0033333333333333335,8.842094012490526e-09,0.002823379123583436,0.003078356228458385
powershell_benign_dataset,1020.ps1,0,0,0.016173053882547115,0.006666666666666667,5.576153081608344e-06,0.00973302498459816,0.008199845825632414
powershell_benign_dataset,1021.ps1,0,3,0.10262012810917971,0.03,3.3637758908634183e-06,0.002866351744160056,0.016433175872080028
powershell_benign_dataset,1022.ps1,0,1,0.2387393815659097,0.043333333333333335,2.604001477048304e-07,0.014387772418558598,0.028860552875945966
powershell_benign_dataset,1023.ps1,0,3,0.013411004523967415,0.0,1.7515444475192724e-07,0.005254607647657394,0.002627303823828697
powershell_benign_dataset,1024.ps1,0,1,0.0750114675001413,0.05,1.4844552083394365e-06,0.012744965963065624,0.031372482981532814
powershell_benign_dataset,1025.ps1,0,1,0.05813491309179029,0.006666666666666667,5.059609119029243e-08,0.0018531458918005228,0.004259906279233595
powershell_benign_dataset,1026.ps1,0,4,0.03715402549132527,0.03333333333333333,1.6403287707136868e-06,0.005943316966295242,0.019638325149814288
powershell_benign_dataset,1027.ps1,0,0,0.008657867393659468,0.0,3.508391696520999e-09,0.025708649307489395,0.012854324653744698
powershell_benign_dataset,1028.ps1,0,4,0.011610308863474875,0.0033333333333333335,7.899763512744058e-09,0.00741844717413187,0.005375890253732602
powershell_benign_dataset,1029.ps1,0,4,0.028957464274239997,0.0,4.689068598416963e-09,0.005090608727186918,0.002545304363593459
powershell_benign_dataset,103.ps1,0,2,0.011986440189488847,0.0,6.17793585710744e-09,0.003602420212700963,0.0018012101063504815
powershell_benign_dataset,1030.ps1,0,2,0.020623508541268848,0.01,2.9094200387849822e-08,0.0050823320634663105,0.007541166031733155
powershell_benign_dataset,1031.ps1,0,1,0.026800761749084353,0.0033333333333333335,2.0650220653429783e-07,0.011838614009320736,0.007585973671327035
powershell_benign_dataset,1032.ps1,0,1,0.03461401756995281,0.013333333333333334,1.879099406532866e-06,0.005357636604458094,0.009345484968895715
powershell_benign_dataset,1033.ps1,0,1,0.05204328519497489,0.01,1.480553185281269e-06,0.00390762509778142,0.00695381254889071
powershell_benign_dataset,1034.ps1,0,1,0.049608238916722974,0.01,2.39800774872216e-08,0.008246788755059242,0.009123394377529622
powershell_benign_dataset,1035.ps1,0,1,0.04193849236175272,0.0,3.4766842207904434e-08,0.00375101319514215,0.001875506597571075
powershell_benign_dataset,1036.ps1,0,4,0.033654807838878795,0.0,1.9605217502008875e-08,0.0028394798282533884,0.0014197399141266942
powershell_benign_dataset,1037.ps1,0,1,0.02144925932077124,0.0,2.871083271335691e-07,0.012961390428245068,0.006480695214122534
powershell_benign_dataset,1038.ps1,0,2,0.12837943667464619,0.08333333333333333,1.699179371737631e-05,0.06429973989725113,0.07381653661529222
powershell_benign_dataset,1039.ps1,0,1,0.03246400365066006,0.0,8.322515922952633e-08,0.024196557700634003,0.012098278850317001
powershell_benign_dataset,104.ps1,0,4,0.024440621749022822,0.01,5.621184869676827e-09,0.0059464359655976295,0.007973217982798816
powershell_benign_dataset,1040.ps1,0,2,0.009790867025197155,0.006666666666666667,2.1125390196680747e-08,0.0028427490033209324,0.0047547078349938
powershell_benign_dataset,1041.ps1,0,0,0.05438403981524326,0.0033333333333333335,4.578935337166908e-08,0.019591568037867546,0.01146245068560044
powershell_benign_dataset,1042.ps1,0,4,0.0036863479368852183,0.006666666666666667,6.745402341502106e-08,0.0018792410846799612,0.004272953875673315
powershell_benign_dataset,1043.ps1,0,1,0.0006187448333193427,0.0033333333333333335,1.2231222571450606e-08,0.0013708103215321898,0.002352071827432762
powershell_benign_dataset,1044.ps1,0,2,0.026953342574827545,0.03,8.421381185917727e-08,0.014037507586181164,0.02201875379309058
powershell_benign_dataset,1045.ps1,0,2,0.0021200823753572927,0.0,7.020419089278745e-09,0.0014936868101358414,0.0007468434050679207
powershell_benign_dataset,1046.ps1,0,1,0.010041205622033613,0.0,2.065714443554267e-05,0.0030143617186695337,0.0015071808593347669
powershell_benign_dataset,1047.ps1,0,0,0.0037199079943013294,0.0033333333333333335,7.375441285977805e-08,0.042230114340782166,0.02278172383705775
powershell_benign_dataset,1048.ps1,0,1,0.0022012322131589866,0.0,2.4226327478125445e-08,0.004093795083463192,0.002046897541731596
powershell_benign_dataset,1049.ps1,0,0,0.0047602363899172835,0.006666666666666667,1.1574269856523952e-06,0.019949181005358696,0.013307923836012682
powershell_benign_dataset,105.ps1,0,1,0.010999095373683722,0.0,5.951304775090459e-09,0.0027288522105664015,0.0013644261052832007
powershell_benign_dataset,1050.ps1,0,0,0.012205068189356749,0.0033333333333333335,5.345481247081222e-07,0.01814858242869377,0.010740957881013553
powershell_benign_dataset,1051.ps1,0,2,0.05281891504892887,0.043333333333333335,1.1312278008178512e-07,0.0051071299239993095,0.024220231628666322
powershell_benign_dataset,1052.ps1,0,4,0.014814298667399613,0.02,2.096520495541302e-08,0.06290990114212036,0.04145495057106018
powershell_benign_dataset,1053.ps1,0,1,0.004723132745829453,0.0033333333333333335,1.9247896410627777e-08,0.003973083104938269,0.0036532082191358013
powershell_benign_dataset,1054.ps1,0,3,0.011682525125550312,0.0033333333333333335,2.4984689372057403e-07,0.004703996703028679,0.0040186650181810064
powershell_benign_dataset,1055.ps1,0,3,0.005021230738922545,0.016666666666666666,2.6966224376992054e-08,0.00477847782894969,0.010722572247808178
powershell_benign_dataset,1056.ps1,0,1,0.009073399344770557,0.006666666666666667,2.5702388287158193e-06,0.0016224479768425226,0.004144557321754595
powershell_benign_dataset,1057.ps1,0,1,0.006003991461620096,0.0033333333333333335,6.38454371373138e-09,0.0036749928258359432,0.0035041630795846386
powershell_benign_dataset,1058.ps1,0,3,0.005279497038798585,0.0,2.0152678058102392e-08,0.002879341831430793,0.0014396709157153964
powershell_benign_dataset,1059.ps1,0,2,0.0016803525235479025,0.0,2.2509270006516244e-08,0.0007930358406156301,0.0003965179203078151
powershell_benign_dataset,106.ps1,0,4,0.006050963911305219,0.0,1.4832783539132694e-09,0.003160052467137575,0.0015800262335687876
powershell_benign_dataset,1060.ps1,0,3,0.016437136423859012,0.0,5.4260886621309885e-09,0.0014750732807442546,0.0007375366403721273
powershell_benign_dataset,1061.ps1,0,1,0.01418590565672378,0.0,1.994000739356802e-09,0.0038334978744387627,0.0019167489372193813
powershell_benign_dataset,1062.ps1,0,4,0.002349836281176865,0.0,1.2857117330772438e-07,0.0029261282179504633,0.0014630641089752316
powershell_benign_dataset,1063.ps1,0,3,0.0046540819280529175,0.01,6.278634462783752e-08,0.008602512069046497,0.00930125603452325
powershell_benign_dataset,1064.ps1,0,4,0.011303580279231028,0.016666666666666666,4.5421993535527484e-08,0.007958590984344482,0.012312628825505574
powershell_benign_dataset,1065.ps1,0,4,0.0014502879394717471,0.0033333333333333335,1.7536550539503963e-08,0.0010829897364601493,0.0022081615348967416
powershell_benign_dataset,1066.ps1,0,0,0.002730367549355686,0.0,3.2609480463303403e-07,0.005974954925477505,0.0029874774627387524
powershell_benign_dataset,1067.ps1,0,2,0.0011482907292910808,0.0,4.578319488102138e-08,0.0011326487874612212,0.0005663243937306106
powershell_benign_dataset,1068.ps1,0,0,0.00888098148773594,0.006666666666666667,9.446989735189286e-08,0.018927525728940964,0.012797096197803816
powershell_benign_dataset,1069.ps1,0,4,0.003024516553463661,0.016666666666666666,3.3634456027814246e-07,0.0017610270297154784,0.009213846848191072
powershell_benign_dataset,107.ps1,0,4,0.019274172651247527,0.0033333333333333335,4.189542344525801e-09,0.003976001404225826,0.00365466736877958
powershell_benign_dataset,1070.ps1,0,2,0.009037419313200784,0.01,3.213979328918323e-07,0.004217772278934717,0.007108886139467359
powershell_benign_dataset,1071.ps1,0,0,0.0012811805066785043,0.01,2.1605924525888337e-08,0.006835372652858496,0.008417686326429249
powershell_benign_dataset,1072.ps1,0,3,0.006958694899996606,0.0,9.753958142705109e-09,0.0008744410006329417,0.00043722050031647086
powershell_benign_dataset,1073.ps1,0,0,0.008043619884424128,0.0033333333333333335,1.980904144305841e-08,0.035260964184999466,0.0192971487591664
powershell_benign_dataset,1074.ps1,0,1,0.0078097904510287305,0.01,2.131418482117604e-06,0.0014202691381797194,0.00571013456908986
powershell_benign_dataset,1075.ps1,0,1,0.004720981248098852,0.0033333333333333335,1.890853857932499e-08,0.0013563379179686308,0.0023448356256509824
powershell_benign_dataset,1076.ps1,0,1,0.009004079544642092,0.0,8.258820043409074e-08,0.0026298246812075377,0.0013149123406037688
powershell_benign_dataset,1077.ps1,0,4,0.010197984112123264,0.0033333333333333335,4.5080658886186106e-07,0.0034528407268226147,0.0033930870300779743
powershell_benign_dataset,1078.ps1,0,2,0.0025662553471531247,0.05333333333333334,3.8983963118338594e-09,0.001938764238730073,0.027636048786031705
powershell_benign_dataset,1079.ps1,0,0,0.01140759392024446,0.04,3.196324506097853e-07,0.008574963547289371,0.024287481773644686
powershell_benign_dataset,108.ps1,0,1,0.01063382432242577,0.0033333333333333335,4.6721265744754374e-09,0.0032706561032682657,0.0033019947183008
powershell_benign_dataset,1080.ps1,0,3,0.0016572126841626054,0.03666666666666667,3.146828657723189e-05,0.002830485813319683,0.019748576239993175
powershell_benign_dataset,1081.ps1,0,3,0.000622119994074632,0.04666666666666667,2.239430904015135e-07,0.0020702385809272528,0.02436845262379696
powershell_benign_dataset,1082.ps1,0,1,0.0022403128938538477,0.0033333333333333335,2.810386161076015e-08,0.01511304546147585,0.009223189397404592
powershell_benign_dataset,1083.ps1,0,4,0.023073401561267654,0.11,0.0004391382668163141,0.0020945279393345118,0.056047263969667256
powershell_benign_dataset,1084.ps1,0,2,0.027619667963043305,0.0,7.060074629372664e-09,0.0025531360879540443,0.0012765680439770222
powershell_benign_dataset,1085.ps1,0,4,0.0021336802623083046,0.0,1.9193433925229196e-07,0.0010855725267902017,0.0005427862633951008
powershell_benign_dataset,1086.ps1,0,2,0.006861187176005432,0.0,1.1917643546398943e-08,0.001841790392063558,0.000920895196031779
powershell_benign_dataset,1087.ps1,0,3,0.006971609657929951,0.0,2.7908011780115794e-08,0.001304220873862505,0.0006521104369312525
powershell_benign_dataset,1088.ps1,0,4,0.006624252233101105,0.006666666666666667,4.0178946404572616e-06,0.0020574587397277355,0.004362062703197202
powershell_benign_dataset,1089.ps1,0,4,0.010097675652863314,0.006666666666666667,2.1732924693521843e-08,0.0014060408575460315,0.00403635376210635
powershell_benign_dataset,109.ps1,0,2,0.013509029879951019,0.0,6.434170254916678e-09,0.0031461946200579405,0.0015730973100289702
powershell_benign_dataset,1090.ps1,0,0,0.006163207238129346,0.01,1.9235178394945662e-08,0.0041109598241746426,0.007055479912087321
powershell_benign_dataset,1091.ps1,0,2,0.0018508001140933523,0.0,3.0197086979581106e-08,0.0022990971338003874,0.0011495485669001937
powershell_benign_dataset,1092.ps1,0,2,0.003178503660615987,0.0,2.5992723078901336e-09,0.0003942368784919381,0.00019711843924596906
powershell_benign_dataset,1093.ps1,0,2,0.008896143459792422,0.0033333333333333335,5.036471538492381e-08,0.005441486369818449,0.0043874098515758915
powershell_benign_dataset,1094.ps1,0,2,0.005063748619498393,0.0,9.445984803859945e-09,0.005987497046589851,0.0029937485232949257
powershell_benign_dataset,1095.ps1,0,1,0.006027022231103642,0.0,6.496971750766385e-09,0.010741676203906536,0.005370838101953268
powershell_benign_dataset,1096.ps1,0,0,0.011018116151452985,0.0,6.634734573492202e-08,0.01305137388408184,0.00652568694204092
powershell_benign_dataset,1097.ps1,0,3,0.0033891122472203264,0.0,1.8828223579732613e-08,0.002441697521135211,0.0012208487605676055
powershell_benign_dataset,1098.ps1,0,3,0.00054946542078508,0.0,1.756207724461517e-08,0.011739066801965237,0.005869533400982618
powershell_benign_dataset,1099.ps1,0,0,0.00042533221394984514,0.0,5.407857262144093e-09,0.011119558475911617,0.005559779237955809
powershell_benign_dataset,11.ps1,0,2,0.04356786891836145,0.03,4.0580764762052996e-06,0.015431614592671394,0.022715807296335697
powershell_benign_dataset,110.ps1,0,0,0.04823700882657696,0.0,3.515926965196047e-09,0.011911850422620773,0.005955925211310387
powershell_benign_dataset,1100.ps1,0,0,0.00752595456161359,0.0,1.5595386489943556e-08,0.010827280580997467,0.0054136402904987335
powershell_benign_dataset,1101.ps1,0,3,0.007518149410859863,0.0033333333333333335,3.0707751839741364e-07,0.00402846559882164,0.003680899466077487
powershell_benign_dataset,1102.ps1,0,3,0.030684640907031515,0.006666666666666667,1.7912544575668654e-07,0.01701805554330349,0.011842361104985079
powershell_benign_dataset,1103.ps1,0,4,1.312948974021656e-05,0.013333333333333334,8.929876020082212e-08,0.0102955037727952,0.011814418553064268
powershell_benign_dataset,1104.ps1,0,1,0.0011979607061607515,0.0,6.194576202218001e-09,0.0016367736971005797,0.0008183868485502899
powershell_benign_dataset,1105.ps1,0,3,0.020492169345103364,0.08,0.000379490634139452,0.00840150099247694,0.04420075049623847
powershell_benign_dataset,1106.ps1,0,3,0.0054748064690956005,0.0,4.863861284462043e-08,0.003687863238155842,0.001843931619077921
powershell_benign_dataset,1107.ps1,0,0,0.004030060787779728,0.006666666666666667,4.369623089324195e-08,0.018098272383213043,0.012382469524939856
powershell_benign_dataset,1108.ps1,0,2,0.0008402228945977531,0.0,3.792535593092513e-09,0.003997632302343845,0.0019988161511719227
powershell_benign_dataset,1109.ps1,0,0,0.0020856103473516274,0.0,6.651758107189542e-08,0.013320032507181168,0.006660016253590584
powershell_benign_dataset,111.ps1,0,1,0.01854323700490968,0.03666666666666667,4.9171822527933773e-08,0.002350395545363426,0.019508531106015047
powershell_benign_dataset,1110.ps1,0,3,0.002751917012265847,0.0,3.3416689320712526e-08,0.003229396417737007,0.0016146982088685036
powershell_benign_dataset,1111.ps1,0,3,0.0004880169645690167,0.0,1.5412012194614478e-09,0.0031637586653232574,0.0015818793326616287
powershell_benign_dataset,1112.ps1,0,4,0.0006349576540340862,0.0,5.888564923865574e-09,0.00281656626611948,0.00140828313305974
powershell_benign_dataset,1113.ps1,0,0,0.010673457240483316,0.0,6.661665303509503e-08,0.02841963618993759,0.014209818094968796
powershell_benign_dataset,1114.ps1,0,4,0.006476455983819545,0.0033333333333333335,1.2947297301784682e-07,0.005417418200522661,0.004375375766927998
powershell_benign_dataset,1115.ps1,0,2,0.001266611196856065,0.0,1.987358670656591e-08,0.0016078799962997437,0.0008039399981498718
powershell_benign_dataset,1116.ps1,0,1,0.008526467776666923,0.0,9.249797913962792e-09,0.00175249925814569,0.000876249629072845
powershell_benign_dataset,1117.ps1,0,0,0.0006773503422610972,0.0,1.982853718997026e-09,0.016661999747157097,0.008330999873578548
powershell_benign_dataset,1118.ps1,0,3,0.0009940848045093824,0.0,1.6606957547235207e-09,0.005143410991877317,0.0025717054959386587
powershell_benign_dataset,1119.ps1,0,2,0.0022129631758659066,0.0,2.6022488607390534e-08,0.0008638460421934724,0.0004319230210967362
powershell_benign_dataset,112.ps1,0,2,0.011098868928976924,0.0,7.32649341153086e-09,0.0024057708214968443,0.0012028854107484221
powershell_benign_dataset,1120.ps1,0,0,0.006041523509379964,0.0,1.9373468485055867e-08,0.01356066856533289,0.006780334282666445
powershell_benign_dataset,1121.ps1,0,3,0.0003742746903050299,0.0,3.462963328287421e-09,0.005834924057126045,0.0029174620285630226
powershell_benign_dataset,1122.ps1,0,3,0.0001499416083130321,0.0,7.117927170713778e-09,0.008753716945648193,0.004376858472824097
powershell_benign_dataset,1123.ps1,0,3,0.18876722840138954,0.05333333333333334,1.3940026861200376e-06,0.008526873774826527,0.03093010355407993
powershell_benign_dataset,1124.ps1,0,4,0.01382250280455742,0.0,2.2881220648499167e-05,0.0018985585775226355,0.0009492792887613177
powershell_benign_dataset,1125.ps1,0,4,0.004883996485022862,0.016666666666666666,1.4071512327776182e-07,0.0009161094203591347,0.0087913880435129
powershell_benign_dataset,1126.ps1,0,2,0.005343687757081299,0.006666666666666667,1.3619003842441897e-08,0.00039428536547347903,0.003530476016070073
powershell_benign_dataset,1127.ps1,0,4,0.006672563565212143,0.0033333333333333335,3.6813194550170904e-09,0.0017234997358173132,0.0025284165345753236
powershell_benign_dataset,1128.ps1,0,2,0.0014655780625323018,0.0,1.5760830551943775e-08,0.0011504862923175097,0.0005752431461587548
powershell_benign_dataset,1129.ps1,0,1,0.0028742001795853253,0.0,1.0359006662023607e-09,0.008856450207531452,0.004428225103765726
powershell_benign_dataset,113.ps1,0,1,0.023328904539741117,0.0033333333333333335,2.870054307761882e-09,0.0031497948803007603,0.003241564106817047
powershell_benign_dataset,1130.ps1,0,0,0.005752234927721729,0.0,1.3004141018078505e-09,0.019487958401441574,0.009743979200720787
powershell_benign_dataset,1131.ps1,0,3,0.004928962593250231,0.0033333333333333335,3.936326185725112e-09,0.009658870287239552,0.006496101810286443
powershell_benign_dataset,1132.ps1,0,2,0.005718981106899111,0.0033333333333333335,3.489512898693735e-07,0.005105676595121622,0.004219504964227478
powershell_benign_dataset,1133.ps1,0,2,0.006356109043640169,0.0,6.133743984280971e-09,0.00514392601326108,0.00257196300663054
powershell_benign_dataset,1134.ps1,0,1,0.0008671864105456406,0.0,1.1706062347182383e-08,0.005100999027490616,0.002550499513745308
powershell_benign_dataset,1135.ps1,0,0,0.002788859629004447,0.0,2.2905252573819692e-07,0.010383982211351395,0.005191991105675697
powershell_benign_dataset,1136.ps1,0,0,0.008083044958692151,0.0033333333333333335,4.49771204919557e-08,0.0103856036439538,0.006859468488643567
powershell_benign_dataset,1137.ps1,0,4,0.0037281696262328823,0.006666666666666667,3.4524146272321945e-08,0.0010390655370429158,0.0038528661018547915
powershell_benign_dataset,1138.ps1,0,0,0.004090458711557808,0.0,1.794436647506155e-08,0.0028868140652775764,0.0014434070326387882
powershell_benign_dataset,1139.ps1,0,3,0.008664939709108883,0.0,7.826076621027427e-09,0.0008009482407942414,0.0004004741203971207
powershell_benign_dataset,114.ps1,0,2,0.011447852906347984,0.0,2.338182017360629e-09,0.0040719895623624325,0.0020359947811812162
powershell_benign_dataset,1140.ps1,0,3,0.017541709610533973,0.09333333333333334,3.502361540686243e-05,0.004532035905867815,0.048932684619600576
powershell_benign_dataset,1141.ps1,0,0,0.0063153982032603945,0.0,2.4229068575027265e-08,0.013221497647464275,0.006610748823732138
powershell_benign_dataset,1142.ps1,0,1,0.005396355538448934,0.0033333333333333335,2.990843584161695e-08,0.013863151893019676,0.008598242613176505
powershell_benign_dataset,1143.ps1,0,4,0.004739751956792716,0.0,2.3585488440053538e-09,0.008415739051997662,0.004207869525998831
powershell_benign_dataset,1144.ps1,0,3,0.005270198466790152,0.0,1.5407819826090977e-08,0.005352386739104986,0.002676193369552493
powershell_benign_dataset,1145.ps1,0,0,0.012781807417414168,0.0033333333333333335,2.395420278483169e-07,0.018959881737828255,0.011146607535580794
powershell_benign_dataset,1146.ps1,0,0,0.002374425776815137,0.013333333333333334,1.985321319917226e-05,0.016025086864829063,0.0146792100990812
powershell_benign_dataset,1147.ps1,0,0,0.00822534132510463,0.0,4.951101391761914e-09,0.012560193426907063,0.006280096713453531
powershell_benign_dataset,1148.ps1,0,1,0.0028643939167721944,0.0033333333333333335,1.495530132422659e-08,0.003096209838986397,0.0032147715861598654
powershell_benign_dataset,1149.ps1,0,2,0.006791320103520388,0.0033333333333333335,3.818481080067268e-08,0.006847515236586332,0.005090424284959833
powershell_benign_dataset,115.ps1,0,1,0.0058067183570151655,0.0,2.5444656526795493e-09,0.0030509675852954388,0.0015254837926477194
powershell_benign_dataset,1150.ps1,0,0,0.007945524749670627,0.0,1.01612982772954e-06,0.020883679389953613,0.010441839694976807
powershell_benign_dataset,1151.ps1,0,2,0.003818994972962406,0.0,3.013966732333584e-09,0.001305822399444878,0.000652911199722439
powershell_benign_dataset,1152.ps1,0,2,0.0009045223024950903,0.0,7.80360208434877e-09,0.0007408030796796083,0.00037040153983980417
powershell_benign_dataset,1153.ps1,0,3,0.00017655855273122277,0.0033333333333333335,8.946301506301372e-09,0.0033585121855139732,0.0033459227594236536
powershell_benign_dataset,1154.ps1,0,1,0.0013591358475996765,0.0,6.402667747273656e-09,0.005625784397125244,0.002812892198562622
powershell_benign_dataset,1155.ps1,0,3,0.0011127434921148788,0.0033333333333333335,1.927235188767844e-08,0.0033247594255954027,0.0033290463794643683
powershell_benign_dataset,1156.ps1,0,3,0.01817051424414318,0.016666666666666666,5.374114885380927e-06,0.0039117420092225075,0.010289204337944587
powershell_benign_dataset,1157.ps1,0,0,0.01544209877058528,0.0033333333333333335,4.4297794883803855e-07,0.013091301545500755,0.008212317439417045
powershell_benign_dataset,1158.ps1,0,3,0.0009316060517928065,0.0033333333333333335,2.7982677415715803e-08,0.0017664461629465222,0.002549889748139928
powershell_benign_dataset,1159.ps1,0,4,0.0015353501876329747,0.0,1.0014794411418862e-08,0.0017269727541133761,0.0008634863770566881
powershell_benign_dataset,116.ps1,0,0,0.0020322935920278253,0.0,8.565030834184104e-08,0.013503058813512325,0.006751529406756163
powershell_benign_dataset,1160.ps1,0,3,0.003728395967136877,0.0,6.1336510327662165e-09,0.0057261185720562935,0.0028630592860281467
powershell_benign_dataset,1161.ps1,0,4,0.0015941888663291897,0.0,1.502013894891187e-08,0.0031141897197812796,0.0015570948598906398
powershell_benign_dataset,1162.ps1,0,0,0.0014660529606395,0.0033333333333333335,5.468033775255963e-09,0.008477916941046715,0.005905625137190024
powershell_benign_dataset,1163.ps1,0,4,0.0003875740714464727,0.0,5.820932432344604e-08,0.0025840215384960175,0.0012920107692480087
powershell_benign_dataset,1164.ps1,0,1,0.004899312101178153,0.0033333333333333335,4.7250628256267324e-07,0.0011986208846792579,0.002265977109006296
powershell_benign_dataset,1165.ps1,0,4,0.01199171953083826,0.006666666666666667,2.8635463719884337e-07,0.0019042305648326874,0.004285448615749678
powershell_benign_dataset,1166.ps1,0,4,0.001230965666782679,0.0033333333333333335,1.0280137688557906e-07,0.0021099387668073177,0.002721636050070326
powershell_benign_dataset,1167.ps1,0,2,0.0007310817411322982,0.006666666666666667,2.4535844026821482e-08,0.0007865105872042477,0.0037265886269354574
powershell_benign_dataset,1168.ps1,0,3,0.0063902408020837945,0.0,3.476820195108458e-08,0.0025994242168962955,0.0012997121084481478
powershell_benign_dataset,1169.ps1,0,0,0.0050004657671511195,0.006666666666666667,9.997126440012801e-08,0.030713681131601334,0.018690173899134
powershell_benign_dataset,117.ps1,0,3,6.396138728106471e-05,0.0033333333333333335,1.631888683437079e-08,0.0027456500101834536,0.0030394916717583938
powershell_benign_dataset,1170.ps1,0,0,0.002333171704388462,0.0,2.368978686789151e-07,0.01727388985455036,0.00863694492727518
powershell_benign_dataset,1171.ps1,0,3,0.0015945818634146662,0.0,2.0191009584200528e-08,0.01136508397758007,0.005682541988790035
powershell_benign_dataset,1172.ps1,0,4,0.00353473077602985,0.0,5.447979384500835e-09,0.006242581643164158,0.003121290821582079
powershell_benign_dataset,1173.ps1,0,4,0.0063023666939366,0.0,1.813470714426559e-08,0.0020366557873785496,0.0010183278936892748
powershell_benign_dataset,1174.ps1,0,4,0.039445952556139335,0.0033333333333333335,1.2033505734849454e-06,0.0018693463644012809,0.0026013398488673074
powershell_benign_dataset,1175.ps1,0,1,0.004321928435889683,0.0,4.3267047215200696e-08,0.0015090464148670435,0.0007545232074335217
powershell_benign_dataset,1176.ps1,0,1,0.004727744319205276,0.006666666666666667,2.4225148980352043e-07,0.0015762653201818466,0.004121465993424257
powershell_benign_dataset,1177.ps1,0,0,0.012735764877644681,0.0,3.973829078112893e-06,0.00914769247174263,0.004573846235871315
powershell_benign_dataset,1178.ps1,0,0,0.0010549254579623492,0.01,1.7925293398812624e-07,0.013292036019265652,0.011646018009632827
powershell_benign_dataset,1179.ps1,0,4,0.006507810005092746,0.0,8.37053133154913e-06,0.0016994550824165344,0.0008497275412082672
powershell_benign_dataset,118.ps1,0,0,0.004671756642002295,0.0,2.065971102319864e-08,0.013107718899846077,0.0065538594499230385
powershell_benign_dataset,1180.ps1,0,3,0.0031810497395112296,0.02666666666666667,3.263437171286772e-07,0.002813377883285284,0.014740022274975976
powershell_benign_dataset,1181.ps1,0,3,0.011195036740323685,0.08666666666666667,3.3211411411196295e-07,0.011609322391450405,0.04913799452905854
powershell_benign_dataset,1182.ps1,0,0,0.0021402166418569516,0.0,1.0701136842409558e-07,0.011009473353624344,0.005504736676812172
powershell_benign_dataset,1183.ps1,0,3,0.0014993351409331255,0.013333333333333334,4.024006468422683e-07,0.007849558256566525,0.01059144579494993
powershell_benign_dataset,1184.ps1,0,1,0.008300119100411023,0.01,8.110961580702048e-08,0.008380397222936153,0.009190198611468078
powershell_benign_dataset,1185.ps1,0,1,0.002520461343575697,0.0,6.8552506692936235e-09,0.0020364949014037848,0.0010182474507018924
powershell_benign_dataset,1186.ps1,0,1,0.0017402588561641573,0.0,1.2573448218767522e-07,0.0013746735639870167,0.0006873367819935083
powershell_benign_dataset,1187.ps1,0,1,0.0006257767552600329,0.0,2.4443128597228024e-09,0.004441066645085812,0.002220533322542906
powershell_benign_dataset,1188.ps1,0,2,0.0003019729963372002,0.0,4.630126047042443e-09,0.0045462846755981445,0.0022731423377990723
powershell_benign_dataset,1189.ps1,0,2,0.009068801827332607,0.0,4.541656853110023e-08,0.0019447855884209275,0.0009723927942104638
powershell_benign_dataset,119.ps1,0,3,0.01488728790707592,0.0,5.995097956444941e-09,0.0025548525154590607,0.0012774262577295303
powershell_benign_dataset,1190.ps1,0,2,0.006562416969989192,0.01,1.7878884987016554e-08,0.00031266649602912366,0.005156333248014562
powershell_benign_dataset,1191.ps1,0,2,0.0051605830449488466,0.0,4.1855308488628884e-09,0.0013496854808181524,0.0006748427404090762
powershell_benign_dataset,1192.ps1,0,4,0.006610591768769983,0.0,1.3797508652188507e-06,0.0013026455417275429,0.0006513227708637714
powershell_benign_dataset,1193.ps1,0,1,0.00646478776433923,0.0,7.210762688358732e-08,0.001260383171029389,0.0006301915855146945
powershell_benign_dataset,1194.ps1,0,2,0.0016530676386620668,0.0,8.322992101662122e-09,0.0014395054895430803,0.0007197527447715402
powershell_benign_dataset,1195.ps1,0,2,0.0019426467029684702,0.0033333333333333335,9.550147977698404e-08,0.0026868886779993773,0.0030101110056663556
powershell_benign_dataset,1196.ps1,0,1,0.0032919362351295322,0.0,4.0152121436409695e-08,0.0034335320815443993,0.0017167660407721996
powershell_benign_dataset,1197.ps1,0,4,0.002057153484717034,0.0,8.196476708824033e-08,0.0028770959470421076,0.0014385479735210538
powershell_benign_dataset,1198.ps1,0,3,0.0015909952775019502,0.0,2.686971510073966e-09,0.0072981505654752254,0.0036490752827376127
powershell_benign_dataset,1199.ps1,0,1,0.008762167904229099,0.0,4.287664058197445e-09,0.0010177079821005464,0.0005088539910502732
powershell_benign_dataset,12.ps1,0,0,0.013599834611005949,0.006666666666666667,1.4159749073209685e-07,0.02747560665011406,0.017071136658390364
powershell_benign_dataset,120.ps1,0,1,0.003183456291452166,0.006666666666666667,3.2256250485002966e-09,0.0037568588741123676,0.005211762770389518
powershell_benign_dataset,1200.ps1,0,1,0.0030840816215286795,0.0,1.5819586254848943e-07,0.0012419772101566195,0.0006209886050783098
powershell_benign_dataset,1201.ps1,0,2,0.00020656147995591227,0.006666666666666667,7.72773325547686e-09,0.0019003466004505754,0.004283506633558622
powershell_benign_dataset,1202.ps1,0,2,0.0007594141338931874,0.0033333333333333335,3.107524737788095e-07,0.0020538766402751207,0.0026936049868042274
powershell_benign_dataset,1203.ps1,0,1,0.035050113868844754,0.0033333333333333335,4.650729468153641e-07,0.014168809168040752,0.008751071250687043
powershell_benign_dataset,1204.ps1,0,2,0.0011696400255325641,0.0,4.553083028009704e-09,0.00231193657964468,0.00115596828982234
powershell_benign_dataset,1205.ps1,0,4,0.001775781904740413,0.0,7.3242278443565865e-09,0.006549489684402943,0.0032747448422014713
powershell_benign_dataset,1206.ps1,0,4,0.01384813478447253,0.0033333333333333335,3.3457161972067274e-08,0.0067174481227993965,0.005025390728066365
powershell_benign_dataset,1207.ps1,0,2,0.010048561470854336,0.0,1.6382889935424643e-08,0.004897112492471933,0.0024485562462359667
powershell_benign_dataset,1208.ps1,0,4,0.0007961133277417974,0.006666666666666667,6.304367112843081e-09,0.002268084790557623,0.0044673757286121454
powershell_benign_dataset,1209.ps1,0,2,0.0004025423297354342,0.01,4.0674770816092255e-08,0.0005773871671408415,0.005288693583570421
powershell_benign_dataset,121.ps1,0,0,0.011732391744817952,0.0,1.1884246769967537e-08,0.01157113816589117,0.005785569082945585
powershell_benign_dataset,1210.ps1,0,3,0.00034714434444170397,0.03333333333333333,1.25530126311922e-07,0.006978514138609171,0.020155923735971252
powershell_benign_dataset,1211.ps1,0,4,0.0039479560252363415,0.0,6.899598583536776e-09,0.0034375761169940233,0.0017187880584970117
powershell_benign_dataset,1212.ps1,0,0,0.01371034378609094,0.0,4.0109725932515183e-07,0.012970837764441967,0.0064854188822209835
powershell_benign_dataset,1213.ps1,0,2,0.012090143137720801,0.0033333333333333335,8.5536052744309e-08,0.012816959992051125,0.00807514666269223
powershell_benign_dataset,1214.ps1,0,0,0.020104801009200892,0.0,0.0009701823726696098,0.0034528407268226147,0.0017264203634113073
powershell_benign_dataset,1215.ps1,0,1,0.006304991018741852,0.0033333333333333335,1.0991412118661847e-07,0.002586094196885824,0.002959713765109579
powershell_benign_dataset,1216.ps1,0,4,0.008247678982166065,0.0,9.947957997748623e-08,0.0006858821143396199,0.00034294105716980994
powershell_benign_dataset,1217.ps1,0,0,0.006313805296904822,0.0033333333333333335,1.924318738658414e-08,0.013229313306510448,0.008281323319921891
powershell_benign_dataset,1218.ps1,0,3,0.023659318781622692,0.01,3.2784073958943454e-07,0.0022650526370853186,0.006132526318542659
powershell_benign_dataset,1219.ps1,0,3,0.026857354585717932,0.0,1.3963200393617172e-08,0.0027387177105993032,0.0013693588552996516
powershell_benign_dataset,122.ps1,0,1,0.004368866912976558,0.0,4.371194612219426e-09,0.0029249361250549555,0.0014624680625274777
powershell_benign_dataset,1220.ps1,0,1,0.0021256189333899267,0.006666666666666667,5.030953697124174e-08,0.001056188135407865,0.003861427401037266
powershell_benign_dataset,1221.ps1,0,0,0.0010586266457744786,0.0033333333333333335,3.346789831308643e-08,0.00457277474924922,0.003953054041291277
powershell_benign_dataset,1222.ps1,0,3,0.0034791018941718378,0.0,1.9804257337989657e-08,0.0011384652461856604,0.0005692326230928302
powershell_benign_dataset,1223.ps1,0,2,0.00024045572647922382,0.0,1.4349165391329235e-08,0.000989580643363297,0.0004947903216816485
powershell_benign_dataset,1224.ps1,0,4,0.005994515929183079,0.04666666666666667,9.946962179283738e-08,0.0021076370030641556,0.024387151834865412
powershell_benign_dataset,1225.ps1,0,0,0.011106579195786387,0.03333333333333333,4.041950935022174e-06,0.010977448895573616,0.022155391114453474
powershell_benign_dataset,1226.ps1,0,0,0.007680945326339783,0.0,3.4509933717575824e-09,0.014887127093970776,0.007443563546985388
powershell_benign_dataset,1227.ps1,0,1,0.002630017043608185,0.006666666666666667,8.382707149462114e-08,0.001641811802983284,0.004154239234824976
powershell_benign_dataset,1228.ps1,0,0,0.027183070950858756,0.12333333333333334,0.00017084729624406813,0.007420909125357866,0.06537712122934561
powershell_benign_dataset,1229.ps1,0,2,0.007665405667747697,0.02666666666666667,4.212970863293372e-05,0.0008143329177983105,0.01374049979223249
powershell_benign_dataset,123.ps1,0,2,0.04217812009632598,0.023333333333333334,3.034694752989619e-08,0.005257175303995609,0.014295254318664472
powershell_benign_dataset,1230.ps1,0,2,0.012289614575777989,0.0,2.7054176913016008e-08,0.0018370775505900383,0.0009185387752950191
powershell_benign_dataset,1231.ps1,0,3,0.017858003895027137,0.006666666666666667,2.853497794511584e-08,0.0007224906585179269,0.003694578662592297
powershell_benign_dataset,1232.ps1,0,2,0.004499165307526084,0.0,1.1741332101275968e-08,0.001733560930006206,0.000866780465003103
powershell_benign_dataset,1233.ps1,0,4,0.09695339888166397,0.03666666666666667,2.096104452975644e-05,0.0029780666809529066,0.019822366673809787
powershell_benign_dataset,1234.ps1,0,0,0.08330526703800532,0.02666666666666667,9.183527971629938e-08,0.024316996335983276,0.025491831501324974
powershell_benign_dataset,1235.ps1,0,3,0.1718784170604456,0.08,0.0005860655635382229,0.043841637670993805,0.0619208188354969
powershell_benign_dataset,1236.ps1,0,0,0.1244807839317578,0.03,6.641771755767275e-08,0.01759573258459568,0.02379786629229784
powershell_benign_dataset,1237.ps1,0,4,0.11151308301812797,0.07,1.0785025912498427e-05,0.016490688547492027,0.04324534427374602
powershell_benign_dataset,1238.ps1,0,3,0.2613331921532418,0.06666666666666667,7.737395873651657e-06,0.07151567935943604,0.06909117301305134
powershell_benign_dataset,1239.ps1,0,4,0.0914836162091905,0.06,1.9978664546959533e-07,0.035825323313474655,0.047912661656737326
powershell_benign_dataset,124.ps1,0,2,0.00814834578209395,0.0033333333333333335,8.197614059623547e-09,0.0040600914508104324,0.003696712392071883
powershell_benign_dataset,1240.ps1,0,2,0.05185138039817275,0.03,5.73770191590488e-07,0.03265002369880676,0.03132501184940338
powershell_benign_dataset,1241.ps1,0,1,0.024275131411336845,0.0033333333333333335,2.3264325125043507e-08,0.0026999819092452526,0.0030166576212892933
powershell_benign_dataset,1242.ps1,0,1,0.13917918197510296,0.1,0.00025281401150619576,0.027131646871566772,0.06356582343578339
powershell_benign_dataset,1243.ps1,0,4,0.013417431775612035,0.0033333333333333335,1.7011671849868262e-07,0.001823721220716834,0.002578527277025084
powershell_benign_dataset,1244.ps1,0,3,0.007061451451567395,0.006666666666666667,2.4758631047766747e-07,0.0014270085375756025,0.004046837602121135
powershell_benign_dataset,1245.ps1,0,3,0.021660329034681448,0.0,2.803867931741762e-08,0.00470393244177103,0.002351966220885515
powershell_benign_dataset,1246.ps1,0,4,0.0612758941126216,0.013333333333333334,1.6092914188311805e-06,0.004920619074255228,0.009126976203794282
powershell_benign_dataset,1247.ps1,0,0,0.013621731289334967,0.0,1.8672934174974895e-08,0.007862488739192486,0.003931244369596243
powershell_benign_dataset,1248.ps1,0,2,0.019696540148263733,0.013333333333333334,2.5771109562042605e-06,0.006355968303978443,0.00984465081865589
powershell_benign_dataset,1249.ps1,0,0,0.007033609856189387,0.0,5.2898571782341906e-08,0.005241680424660444,0.002620840212330222
powershell_benign_dataset,125.ps1,0,0,0.013057650640036476,0.0033333333333333335,1.651963862838795e-08,0.01296432688832283,0.008148830110828082
powershell_benign_dataset,1250.ps1,0,3,0.007380591568070627,0.01,1.6172094830689232e-08,0.004477314651012421,0.00723865732550621
powershell_benign_dataset,1251.ps1,0,1,0.02031396296985516,0.0033333333333333335,2.262624591295121e-08,0.0008442207472398877,0.002088777040286611
powershell_benign_dataset,1252.ps1,0,2,0.0022811006554479354,0.01,2.5245442635987865e-07,0.0006139050237834454,0.005306952511891723
powershell_benign_dataset,1253.ps1,0,0,0.03630243775184421,0.0,6.553701979168476e-09,0.03388167917728424,0.01694083958864212
powershell_benign_dataset,1254.ps1,0,0,0.008678175446576175,0.0,2.200549021511356e-08,0.006032519042491913,0.0030162595212459564
powershell_benign_dataset,1255.ps1,0,0,0.008079541264437674,0.016666666666666666,3.7941259194283837e-08,0.015974098816514015,0.01632038274159034
powershell_benign_dataset,1256.ps1,0,3,0.01576048449517059,0.0,9.137860530612336e-07,0.00630272226408124,0.00315136113204062
powershell_benign_dataset,1257.ps1,0,1,0.005296057769135281,0.0,4.219222101419793e-08,0.004540842957794666,0.002270421478897333
powershell_benign_dataset,1258.ps1,0,2,0.01104355731486268,0.0,1.1081050179786173e-07,0.001525872154161334,0.000762936077080667
powershell_benign_dataset,1259.ps1,0,2,0.1913782386767618,0.006666666666666667,3.7633925814692544e-07,0.005357563029974699,0.0060121148483206835
powershell_benign_dataset,126.ps1,0,4,0.003684727768642268,0.22,1.9773166520373884e-05,0.01580021344125271,0.11790010672062635
powershell_benign_dataset,1260.ps1,0,1,0.01566062187350863,0.0,3.5017376379941534e-09,0.020456865429878235,0.010228432714939117
powershell_benign_dataset,1261.ps1,0,2,0.008616525718493967,0.0,7.572435168350599e-07,0.0016613906482234597,0.0008306953241117299
powershell_benign_dataset,1262.ps1,0,2,0.014070077788787601,0.016666666666666666,8.855613988765074e-07,0.003525814972817898,0.010096240819742282
powershell_benign_dataset,1263.ps1,0,3,0.016393610971202215,0.0033333333333333335,1.8456085442444885e-08,0.0017876166384667158,0.002560474985900025
powershell_benign_dataset,1264.ps1,0,1,0.029953623011774844,0.0,5.383997415040586e-07,0.0013753243256360292,0.0006876621628180146
powershell_benign_dataset,1265.ps1,0,2,0.041606973709170714,0.0,5.927642733315774e-07,0.0014452359173446894,0.0007226179586723447
powershell_benign_dataset,1266.ps1,0,3,0.08283244609521219,0.09333333333333334,0.0003597580403902367,0.03176058828830719,0.06254696081082026
powershell_benign_dataset,1267.ps1,0,3,0.010074670766437921,0.0,1.5395072140272256e-08,0.0022992088925093412,0.0011496044462546706
powershell_benign_dataset,1268.ps1,0,2,0.1064997142990241,0.02666666666666667,6.834173117481957e-07,0.01840917579829693,0.0225379212324818
powershell_benign_dataset,1269.ps1,0,0,0.010825410578799276,0.0,5.724559215858589e-08,0.008406663313508034,0.004203331656754017
powershell_benign_dataset,127.ps1,0,1,0.05530936593617079,0.38333333333333336,0.008292685675546781,0.019845683127641678,0.20158950823048752
powershell_benign_dataset,1270.ps1,0,2,0.011034495649147323,0.006666666666666667,6.100735015298234e-09,0.0007210533949546516,0.0036938600308106593
powershell_benign_dataset,1271.ps1,0,1,0.02109522682100509,0.0,1.1831201852168981e-08,0.002719665877521038,0.001359832938760519
powershell_benign_dataset,1272.ps1,0,0,0.023594423332781892,0.023333333333333334,2.1129007220301853e-07,0.015315880067646503,0.019324606700489917
powershell_benign_dataset,1273.ps1,0,4,0.00955421390239979,0.0,3.8606162854068467e-07,0.0026282069738954306,0.0013141034869477153
powershell_benign_dataset,1274.ps1,0,4,0.030963796168174445,0.0,3.089741621121815e-07,0.0023424190003424883,0.0011712095001712441
powershell_benign_dataset,1275.ps1,0,3,0.057256034876852865,0.01,3.055964626624017e-07,0.06550796329975128,0.03775398164987564
powershell_benign_dataset,1276.ps1,0,3,0.009459493867118755,0.0,8.998628374633412e-09,0.000802556867711246,0.000401278433855623
powershell_benign_dataset,1277.ps1,0,0,0.02795904292288895,0.0,7.329127445068807e-08,0.00751793896779418,0.00375896948389709
powershell_benign_dataset,1278.ps1,0,1,0.03894865960300233,0.0,2.6214905935590192e-08,0.056540023535490036,0.028270011767745018
powershell_benign_dataset,1279.ps1,0,2,0.01128409752465108,0.0,1.3639309351638586e-08,0.0010189726017415524,0.0005094863008707762
powershell_benign_dataset,128.ps1,0,3,0.012689516946241201,0.0033333333333333335,7.1259153187408305e-09,0.001828423235565424,0.002580878284449379
powershell_benign_dataset,1280.ps1,0,0,0.039068836257136655,0.0033333333333333335,2.5964593792982765e-05,0.020106669515371323,0.011720001424352328
powershell_benign_dataset,1281.ps1,0,3,0.0033924116743468224,0.0,6.572370001193521e-09,0.0007763348403386772,0.0003881674201693386
powershell_benign_dataset,1282.ps1,0,0,0.016765138627268975,0.0,5.8696617533482393e-08,0.008054879494011402,0.004027439747005701
powershell_benign_dataset,1283.ps1,0,3,0.018787186011573347,0.0,6.348832727916978e-08,0.004525416996330023,0.0022627084981650114
powershell_benign_dataset,1284.ps1,0,4,0.004045099932737186,0.023333333333333334,1.853578318102315e-07,0.0063062733970582485,0.014819803365195791
powershell_benign_dataset,1285.ps1,0,1,0.019145134693953465,0.01,2.0139391892549633e-06,0.008524375036358833,0.009262187518179418
powershell_benign_dataset,1286.ps1,0,3,0.009970076185081092,0.0,1.5970947932649635e-07,0.004766711499541998,0.002383355749770999
powershell_benign_dataset,1287.ps1,0,2,0.04101095743104544,0.0,4.5931255588584605e-09,0.0027746323030442,0.0013873161515221
powershell_benign_dataset,1288.ps1,0,0,0.020229809337775094,0.0,1.604963140951974e-08,0.010259920731186867,0.005129960365593433
powershell_benign_dataset,1289.ps1,0,1,0.010468134166107004,0.0,7.401677053422228e-08,0.0010932007571682334,0.0005466003785841167
powershell_benign_dataset,129.ps1,0,1,0.003367330835078893,0.006666666666666667,8.540918200037804e-09,0.0044813379645347595,0.005574002315600714
powershell_benign_dataset,1290.ps1,0,3,0.03961440296825219,0.02666666666666667,1.4583947564086467e-06,0.0017966056475415826,0.014231636157104125
powershell_benign_dataset,1291.ps1,0,3,0.009243716608125688,0.0,6.686465964884455e-08,0.002092317445203662,0.001046158722601831
powershell_benign_dataset,1292.ps1,0,4,0.2566410889854578,0.03,5.648256729595888e-07,0.017050080001354218,0.023525040000677108
powershell_benign_dataset,1293.ps1,0,1,0.016344806723158908,0.006666666666666667,2.3905390217637474e-06,0.004144810605794191,0.00540573863623043
powershell_benign_dataset,1294.ps1,0,4,0.011959899196915466,0.0,1.8897797228650992e-08,0.0008227061480283737,0.00041135307401418686
powershell_benign_dataset,1295.ps1,0,4,0.0412012016467974,0.0,8.84037700748802e-08,0.01657663658261299,0.008288318291306496
powershell_benign_dataset,1296.ps1,0,3,0.006668660156446626,0.013333333333333334,6.008162464120741e-07,0.00716049037873745,0.010246911856035393
powershell_benign_dataset,1297.ps1,0,0,0.015795201899305545,0.0,5.453061549203077e-09,0.007067608647048473,0.0035338043235242367
powershell_benign_dataset,1298.ps1,0,1,0.005064202114708023,0.0,1.6987256716405075e-08,0.0012352654011920094,0.0006176327005960047
powershell_benign_dataset,1299.ps1,0,3,0.0031717706731656135,0.006666666666666667,2.8879579374469853e-07,0.0047478219494223595,0.005707244308044514
powershell_benign_dataset,13.ps1,0,3,0.0005843835110884637,0.0033333333333333335,3.037231159921591e-08,0.005937780719250441,0.004635557026291887
powershell_benign_dataset,130.ps1,0,1,0.018690600685101248,0.0,2.219533063861941e-09,0.003183743916451931,0.0015918719582259655
powershell_benign_dataset,1300.ps1,0,1,0.004739849851120523,0.016666666666666666,1.4396005876201606e-07,0.0017709460807964206,0.009218806373731544
powershell_benign_dataset,1301.ps1,0,2,0.003936400416461805,0.0,9.275884348337659e-08,0.0032891191076487303,0.0016445595538243651
powershell_benign_dataset,1302.ps1,0,4,0.027972502643904988,0.0,7.319696956798537e-09,0.005303172394633293,0.0026515861973166466
powershell_benign_dataset,1303.ps1,0,2,0.03837308147804638,0.0,1.7337513518413056e-09,0.007859018631279469,0.003929509315639734
powershell_benign_dataset,1304.ps1,0,2,0.007782131525457803,0.0,8.855850634399914e-09,0.0009143779752776027,0.00045718898763880134
powershell_benign_dataset,1305.ps1,0,4,0.003572883123401408,0.0033333333333333335,3.4108421907679985e-08,0.0010641422122716904,0.002198737772802512
powershell_benign_dataset,1306.ps1,0,1,0.017211669066224063,0.0,4.266249819657355e-08,0.0006839787238277495,0.00034198936191387475
powershell_benign_dataset,1307.ps1,0,2,0.009865526314300481,0.12333333333333334,5.395182067799137e-07,0.0030161694157868624,0.0631747513745601
powershell_benign_dataset,1308.ps1,0,2,0.010515217124395841,0.0033333333333333335,1.2766339950824019e-06,0.004638982936739922,0.003986158135036628
powershell_benign_dataset,1309.ps1,0,1,0.01282087772227216,0.0,2.1346912132215731e-07,0.00341249187476933,0.001706245937384665
powershell_benign_dataset,131.ps1,0,3,0.004183762190815596,0.0,4.7888481695383075e-09,0.002810779958963394,0.001405389979481697
powershell_benign_dataset,1310.ps1,0,1,0.006190653109029698,0.0033333333333333335,6.284399825166853e-08,0.002008396200835705,0.0026708647670845194
powershell_benign_dataset,1311.ps1,0,0,0.02666467008559776,0.0,3.4480904012735363e-09,0.01622837781906128,0.00811418890953064
powershell_benign_dataset,1312.ps1,0,3,0.01161447304301403,0.023333333333333334,8.867776048217474e-06,0.016893858090043068,0.0201135957116882
powershell_benign_dataset,1313.ps1,0,3,0.015638909212209368,0.006666666666666667,1.212663120666087e-06,0.008170208893716335,0.007418437780191502
powershell_benign_dataset,1314.ps1,0,0,0.0011829725362139012,0.02,2.65056001687002e-07,0.011521924287080765,0.015760962143540384
powershell_benign_dataset,1315.ps1,0,1,0.01615368955393121,0.0,2.772893549826629e-08,0.0008323423680849373,0.00041617118404246867
powershell_benign_dataset,1316.ps1,0,0,0.005568056936306115,0.0033333333333333335,5.2787623833439615e-09,0.00736136082559824,0.005347347079465787
powershell_benign_dataset,1317.ps1,0,0,0.006208076975402379,0.006666666666666667,6.244197886996846e-09,0.0052395174279809,0.005953092047323784
powershell_benign_dataset,1318.ps1,0,3,0.021571892725862376,0.043333333333333335,0.0006505538074720871,0.009641612879931927,0.02648747310663263
powershell_benign_dataset,1319.ps1,0,3,0.013932909385030005,0.0033333333333333335,3.7426331925205985e-08,0.0033073369413614273,0.0033203351373473806
powershell_benign_dataset,132.ps1,0,1,0.026049003818201976,0.0033333333333333335,9.072837738261211e-10,0.002051735296845436,0.002692534315089385
powershell_benign_dataset,1320.ps1,0,1,0.009416457862676312,0.0,1.270507320213745e-08,0.002435233211144805,0.0012176166055724025
powershell_benign_dataset,1321.ps1,0,4,0.013687052922009757,0.04,2.211378769783381e-07,0.009584574960172176,0.02479228748008609
powershell_benign_dataset,1322.ps1,0,2,0.009371134192586617,0.0,2.034423191206633e-08,0.003981848247349262,0.001990924123674631
powershell_benign_dataset,1323.ps1,0,1,0.061485974590963645,0.0033333333333333335,2.6699013021772345e-07,0.016906557604670525,0.01011994546900193
powershell_benign_dataset,1324.ps1,0,4,0.010463796640128049,0.0,1.1544107461251636e-08,0.0021566818468272686,0.0010783409234136343
powershell_benign_dataset,1325.ps1,0,1,0.012769973832190498,0.0,4.5214312121116406e-07,0.0008442468824796379,0.00042212344123981893
powershell_benign_dataset,1326.ps1,0,2,0.0393174797870154,0.0,1.8006291036095534e-07,0.0048860409297049046,0.0024430204648524523
powershell_benign_dataset,1327.ps1,0,4,0.021973748350847207,0.0,3.270672920267581e-09,0.002421218901872635,0.0012106094509363174
powershell_benign_dataset,1328.ps1,0,4,0.03861946016785707,0.0,3.8528782989275856e-08,0.0019494727021083236,0.0009747363510541618
powershell_benign_dataset,1329.ps1,0,4,0.03230157697366177,0.0,1.942949405289151e-08,0.001303381402976811,0.0006516907014884055
powershell_benign_dataset,133.ps1,0,0,0.0016105081986416303,0.0,1.9266030689282274e-08,0.014850919134914875,0.0074254595674574375
powershell_benign_dataset,1330.ps1,0,2,0.03855587436712428,0.0,2.9280385265790553e-08,0.0014970987103879452,0.0007485493551939726
powershell_benign_dataset,1331.ps1,0,2,0.015012813783950058,0.0,4.949532685819371e-09,0.0130325797945261,0.00651628989726305
powershell_benign_dataset,1332.ps1,0,2,0.006566869268648416,0.05,5.074961786673729e-07,0.015349925495684147,0.032674962747842075
powershell_benign_dataset,1333.ps1,0,0,0.016720565106562443,0.0,2.3186564925605084e-08,0.015295017510652542,0.007647508755326271
powershell_benign_dataset,1334.ps1,0,1,0.06090898812358376,0.006666666666666667,3.962206934797274e-08,0.001924692653119564,0.004295679659893116
powershell_benign_dataset,1335.ps1,0,4,0.017122226443685853,0.0,8.109030438150561e-08,0.0018414485966786742,0.0009207242983393371
powershell_benign_dataset,1336.ps1,0,3,0.007703036528126219,0.0,4.555115607967895e-09,0.0008880794630385935,0.00044403973151929677
powershell_benign_dataset,1337.ps1,0,4,0.010751689032634229,0.0033333333333333335,1.61737743223644e-05,0.0046168044209480286,0.003975068877140681
powershell_benign_dataset,1338.ps1,0,4,0.02893312442912511,0.0,9.598415573057006e-09,0.0025832669343799353,0.0012916334671899676
powershell_benign_dataset,1339.ps1,0,0,0.019201730387865282,0.006666666666666667,5.0375452368664524e-08,0.010408123023808002,0.008537394845237335
powershell_benign_dataset,134.ps1,0,1,0.03837721966226279,0.05333333333333334,6.056948499928585e-07,0.004077013116329908,0.028705173224831623
powershell_benign_dataset,1340.ps1,0,2,0.0030129215234337907,0.013333333333333334,4.226780164053331e-06,0.0015932484529912472,0.007463290893162291
powershell_benign_dataset,1341.ps1,0,4,0.017666798609975363,0.0,4.5705397629354826e-08,0.0017179707065224648,0.0008589853532612324
powershell_benign_dataset,1342.ps1,0,0,0.02776054199659255,0.0033333333333333335,1.8514697320454942e-07,0.01725929230451584,0.010296312818924586
powershell_benign_dataset,1343.ps1,0,4,0.00766099110661658,0.0033333333333333335,5.3158088922664016e-08,0.003368406556546688,0.003350869944940011
powershell_benign_dataset,1344.ps1,0,2,0.020517797175350246,0.006666666666666667,2.2680806671526615e-07,0.0012493678368628025,0.003958017251764735
powershell_benign_dataset,1345.ps1,0,1,0.05096940786842807,0.0033333333333333335,1.9592664031511743e-07,0.0019673926290124655,0.0026503629811728997
powershell_benign_dataset,1346.ps1,0,1,0.03904817954020895,0.013333333333333334,2.9077924427896207e-07,0.003359160153195262,0.008346246743264299
powershell_benign_dataset,1347.ps1,0,0,0.007843898880661154,0.01,3.0653178144918256e-07,0.011692216619849205,0.010846108309924603
powershell_benign_dataset,1348.ps1,0,0,0.009244215763264027,0.0,7.917816791286896e-08,0.018806423991918564,0.009403211995959282
powershell_benign_dataset,1349.ps1,0,4,0.01388458591403981,0.0,1.1794460007319634e-08,0.002522070659324527,0.0012610353296622634
powershell_benign_dataset,135.ps1,0,2,0.016381413202583132,0.0,1.3231546887365681e-08,0.0019092898583039641,0.0009546449291519821
powershell_benign_dataset,1350.ps1,0,2,0.011546672010882022,0.0,3.7412550938378e-08,0.0015672410372644663,0.0007836205186322331
powershell_benign_dataset,1351.ps1,0,4,0.016495710909191632,0.0,1.4788246020308428e-07,0.0011864501284435391,0.0005932250642217696
powershell_benign_dataset,1352.ps1,0,2,0.011637400576459981,0.0,3.711775125335978e-09,0.0016081816283985972,0.0008040908141992986
powershell_benign_dataset,1353.ps1,0,0,0.011367842592387349,0.02666666666666667,8.43317102972419e-08,0.011446550488471985,0.01905660857756933
powershell_benign_dataset,1354.ps1,0,4,0.0383261579963192,0.0033333333333333335,4.429226469253143e-08,0.00279062008485198,0.003061976709092657
powershell_benign_dataset,1355.ps1,0,1,0.007522209755907707,0.006666666666666667,2.2845623968798358e-08,0.005028382875025272,0.00584752477084597
powershell_benign_dataset,1356.ps1,0,4,0.0065015943544498135,0.006666666666666667,3.5495387619460494e-07,0.006214783526957035,0.0064407250968118515
powershell_benign_dataset,1357.ps1,0,2,0.03814050620175086,0.0,8.988792819354397e-09,0.002333503682166338,0.001166751841083169
powershell_benign_dataset,1358.ps1,0,0,0.038463749261707994,0.15666666666666668,0.0006498338030196097,0.028201991692185402,0.09243432917942604
powershell_benign_dataset,1359.ps1,0,3,0.005932403523972967,0.006666666666666667,2.600031613843005e-08,0.004437222611159086,0.005551944638912877
powershell_benign_dataset,136.ps1,0,2,0.01484975147862588,0.0,4.064848867467836e-09,0.004720416385680437,0.0023602081928402185
powershell_benign_dataset,1360.ps1,0,4,0.012036919407841939,0.0,4.978131223513409e-09,0.003283604048192501,0.0016418020240962505
powershell_benign_dataset,1361.ps1,0,2,0.018073824181948653,0.0033333333333333335,1.8085755552594023e-08,0.004551747348159552,0.003942540340746443
powershell_benign_dataset,1362.ps1,0,1,0.012476688671647414,0.0,1.6397799032505565e-08,0.0037152289878576994,0.0018576144939288497
powershell_benign_dataset,1363.ps1,0,4,0.03719850119765725,0.0033333333333333335,4.995229656170557e-08,0.0032241572625935078,0.003278745297963421
powershell_benign_dataset,1364.ps1,0,0,0.006585011244435996,0.016666666666666666,1.0930968021124682e-06,0.015389304608106613,0.016027985637386638
powershell_benign_dataset,1365.ps1,0,0,0.01857180555123654,0.03666666666666667,2.42223040186928e-05,0.049520839005708694,0.04309375283618768
powershell_benign_dataset,1366.ps1,0,1,0.01856193924458921,0.0,2.195265142835622e-07,0.009912864305078983,0.004956432152539492
powershell_benign_dataset,1367.ps1,0,3,0.04480296387631115,0.0,1.8907720575415567e-07,0.014659693464636803,0.007329846732318401
powershell_benign_dataset,1368.ps1,0,2,0.013615603173214808,0.0,1.3017651983793255e-07,0.003071836894378066,0.001535918447189033
powershell_benign_dataset,1369.ps1,0,1,0.013900138867452115,0.05,1.8291661509548173e-05,0.0024371996987611055,0.026218599849380554
powershell_benign_dataset,137.ps1,0,1,0.019577631969108875,0.0,2.0586650590516835e-09,0.0038254011888056993,0.0019127005944028497
powershell_benign_dataset,1370.ps1,0,0,0.011307863940922367,0.0033333333333333335,4.1573065772201393e-08,0.018765008077025414,0.011049170705179374
powershell_benign_dataset,1371.ps1,0,0,0.04093233927649353,0.0,1.669538583330003e-06,0.006887510418891907,0.0034437552094459534
powershell_benign_dataset,1372.ps1,0,4,0.028468309728644392,0.0,1.0188904114876367e-08,0.001454230397939682,0.000727115198969841
powershell_benign_dataset,1373.ps1,0,2,0.0090165161691957,0.0,1.468854845918015e-07,0.0015047143679112196,0.0007523571839556098
powershell_benign_dataset,1374.ps1,0,0,0.0030874803194860098,0.0,2.3600102314762741e-07,0.01543231587857008,0.00771615793928504
powershell_benign_dataset,1375.ps1,0,1,0.019990160868088875,0.0033333333333333335,7.535799706490872e-08,0.0009359653340652585,0.0021346493336992962
powershell_benign_dataset,1376.ps1,0,1,0.015531734492343099,0.0,2.406191836712883e-08,0.0008446392021141946,0.0004223196010570973
powershell_benign_dataset,1377.ps1,0,3,0.019208929660571864,0.0,7.930517248594458e-07,0.0015283398097380996,0.0007641699048690498
powershell_benign_dataset,1378.ps1,0,4,0.0033649960615469176,0.03666666666666667,1.3445084205488903e-06,0.006417036056518555,0.02154185136159261
powershell_benign_dataset,1379.ps1,0,0,0.018801313918354483,0.0033333333333333335,2.655827597648326e-08,0.010942068882286549,0.007137701107809941
powershell_benign_dataset,138.ps1,0,3,3.084569724207969e-05,0.006666666666666667,2.134136293422833e-08,0.0022666414733976126,0.00446665407003214
powershell_benign_dataset,1380.ps1,0,4,0.015967912114831333,0.0,1.0968046388113942e-07,0.0008262083865702152,0.0004131041932851076
powershell_benign_dataset,1381.ps1,0,3,0.022479586527532656,0.0,3.2391331264970793e-07,0.006380589213222265,0.0031902946066111326
powershell_benign_dataset,1382.ps1,0,0,0.1320671114472662,0.05,2.5495472287001766e-06,0.006855162791907787,0.028427581395953895
powershell_benign_dataset,1383.ps1,0,4,0.03536392575409005,0.0033333333333333335,7.43904723515682e-08,0.0018611557316035032,0.0025972445324684186
powershell_benign_dataset,1384.ps1,0,3,0.011476522336248048,0.006666666666666667,3.393095120230728e-07,0.0029047802090644836,0.004785723437865576
powershell_benign_dataset,1385.ps1,0,0,0.0034543471633516087,0.023333333333333334,6.661659098031108e-08,0.00715638929978013,0.015244861316556732
powershell_benign_dataset,1386.ps1,0,2,0.008813573652955374,0.0,7.133631244091134e-09,0.004259862937033176,0.002129931468516588
powershell_benign_dataset,1387.ps1,0,2,0.020135086099897424,0.0,4.5311836940620946e-07,0.0013555849436670542,0.0006777924718335271
powershell_benign_dataset,1388.ps1,0,2,0.002893921475091049,0.0033333333333333335,3.961268959692468e-09,0.0017567931208759546,0.0025450632271046443
powershell_benign_dataset,1389.ps1,0,1,0.004073751363634506,0.016666666666666666,2.105774322018732e-07,0.004586316645145416,0.010626491655906041
powershell_benign_dataset,139.ps1,0,3,0.0019968398247081865,0.0033333333333333335,6.967347857849572e-09,0.002571818418800831,0.0029525758760670824
powershell_benign_dataset,1390.ps1,0,1,0.0105360592547495,0.006666666666666667,3.085274295594312e-06,0.006886020768433809,0.006776343717550239
powershell_benign_dataset,1391.ps1,0,3,0.004945782382976807,0.0,1.7077285479673064e-07,0.0019996738992631435,0.0009998369496315718
powershell_benign_dataset,1392.ps1,0,4,0.02388758275865293,0.01,1.488145576934475e-06,0.004839533939957619,0.0074197669699788095
powershell_benign_dataset,1393.ps1,0,3,0.08288118464384649,0.023333333333333334,3.38299524852625e-07,0.0065392618998885155,0.014936297616610925
powershell_benign_dataset,1394.ps1,0,4,0.011168213940129615,0.0,6.9267479508770675e-09,0.002102590398862958,0.001051295199431479
powershell_benign_dataset,1395.ps1,0,1,0.005157100233085142,0.023333333333333334,1.5496292338874921e-06,0.007912912406027317,0.015623122869680326
powershell_benign_dataset,1396.ps1,0,1,0.017246666129528177,0.0,1.5322179200411235e-07,0.0005126696778461337,0.00025633483892306685
powershell_benign_dataset,1397.ps1,0,3,0.010729696618626668,0.0,1.9976054812650015e-07,0.0067828865721821785,0.0033914432860910892
powershell_benign_dataset,1398.ps1,0,4,0.012829740748573166,0.0,8.964262862229034e-08,0.0011488173622637987,0.0005744086811318994
powershell_benign_dataset,1399.ps1,0,1,0.007784230906570296,0.0,4.6233943728145075e-07,0.015286710113286972,0.007643355056643486
powershell_benign_dataset,14.ps1,0,0,0.06348516583739891,0.0,8.244295461932491e-07,0.032843999564647675,0.016421999782323837
powershell_benign_dataset,140.ps1,0,2,0.009025367578854759,0.0,8.106080453716369e-09,0.00269519560970366,0.00134759780485183
powershell_benign_dataset,1400.ps1,0,1,0.012150619683118126,0.006666666666666667,3.050094030766152e-08,0.0018493764800950885,0.004258021573380878
powershell_benign_dataset,1401.ps1,0,2,0.007066700102971613,0.01,5.515438315283453e-08,0.003976541571319103,0.006988270785659552
powershell_benign_dataset,1402.ps1,0,1,0.04303739574536691,0.0,1.1516956361216792e-07,0.0031094695441424847,0.0015547347720712423
powershell_benign_dataset,1403.ps1,0,0,0.04220308468485037,0.0,2.3610821467073596e-08,0.013599512167274952,0.006799756083637476
powershell_benign_dataset,1404.ps1,0,3,0.022440384216059286,0.006666666666666667,1.2255763730048267e-07,0.005606342572718859,0.006136504619692763
powershell_benign_dataset,1405.ps1,0,1,0.04970043710587182,0.0033333333333333335,8.479629638271125e-08,0.002978092059493065,0.0031557126964131994
powershell_benign_dataset,1406.ps1,0,0,0.03422779449219816,0.0,1.5050192559635453e-07,0.006005722098052502,0.003002861049026251
powershell_benign_dataset,1407.ps1,0,3,0.015214073329141792,0.0,3.3969482012447007e-07,0.002781032118946314,0.001390516059473157
powershell_benign_dataset,1408.ps1,0,4,0.011119445562287755,0.0,2.2355678252627266e-07,0.0018395616207271814,0.0009197808103635907
powershell_benign_dataset,1409.ps1,0,2,0.004110799687461719,0.04666666666666667,5.108574925142443e-07,0.01580110378563404,0.031233885226150355
powershell_benign_dataset,141.ps1,0,2,0.0273327374601006,0.0033333333333333335,3.03064121380759e-08,0.002663083840161562,0.002998208586747448
powershell_benign_dataset,1410.ps1,0,1,0.07213860155885517,0.0033333333333333335,1.2774739901408723e-08,0.003526238724589348,0.003429786028961341
powershell_benign_dataset,1411.ps1,0,0,0.010354451206091589,0.0,3.602373947551023e-08,0.007657271809875965,0.0038286359049379826
powershell_benign_dataset,1412.ps1,0,3,0.01917174084704619,0.0,3.220192538549869e-08,0.005390748847275972,0.002695374423637986
powershell_benign_dataset,1413.ps1,0,3,0.031244411722091085,0.0,1.7362393105811698e-07,0.005308462306857109,0.0026542311534285545
powershell_benign_dataset,1414.ps1,0,3,0.006582943508300115,0.0,3.483254529076742e-08,0.00424573989585042,0.00212286994792521
powershell_benign_dataset,1415.ps1,0,0,0.04609941762391263,0.04666666666666667,2.2096044602282932e-06,0.014920885674655437,0.030793776170661053
powershell_benign_dataset,1416.ps1,0,4,0.010785514441918527,0.0,1.943956997640543e-08,0.0009787705494090915,0.0004893852747045457
powershell_benign_dataset,1417.ps1,0,3,0.03821824788342324,0.0033333333333333335,2.1061934264160526e-07,0.002416890114545822,0.002875111723939578
powershell_benign_dataset,1418.ps1,0,2,0.00260582438126523,0.016666666666666666,7.39456959337003e-08,0.004896294325590134,0.0107814804961284
powershell_benign_dataset,1419.ps1,0,2,0.003926053037029401,0.11333333333333333,1.0930422081864571e-06,0.015716759487986565,0.06452504641065995
powershell_benign_dataset,142.ps1,0,4,0.019012879506316433,0.0,1.6852956270543661e-09,0.0031161769293248653,0.0015580884646624327
powershell_benign_dataset,1420.ps1,0,1,0.029543484135228323,0.02,4.185186523076241e-08,0.002176393521949649,0.011088196760974825
powershell_benign_dataset,1421.ps1,0,4,0.01701838640428883,0.0,5.585546546695186e-08,0.004337593447417021,0.0021687967237085104
powershell_benign_dataset,1422.ps1,0,3,0.013705547388836418,0.0,2.9215074773981373e-08,0.0022883552592247725,0.0011441776296123862
powershell_benign_dataset,1423.ps1,0,3,0.02172535654216676,0.0033333333333333335,4.576153051473227e-08,0.004272786434739828,0.003803059884036581
powershell_benign_dataset,1424.ps1,0,0,0.007873900835681874,0.0,7.215233384449308e-08,0.00822496972978115,0.004112484864890575
powershell_benign_dataset,1425.ps1,0,2,0.0036961812943948967,0.0,4.3961612332555535e-09,0.0017715144203975797,0.0008857572101987898
powershell_benign_dataset,1426.ps1,0,2,0.011728766466810555,0.03666666666666667,1.665899374596189e-05,0.004235684406012297,0.020451175536339482
powershell_benign_dataset,1427.ps1,0,1,0.03752311976539239,0.0,2.1118875369852814e-07,0.0018173973076045513,0.0009086986538022757
powershell_benign_dataset,1428.ps1,0,4,0.014045988474458707,0.0033333333333333335,4.987140318494817e-09,0.002323595806956291,0.0028284645701448126
powershell_benign_dataset,1429.ps1,0,3,0.006870030390428771,0.0,1.1980389907328605e-06,0.00478392094373703,0.002391960471868515
powershell_benign_dataset,143.ps1,0,4,0.0004523896950662962,0.0033333333333333335,1.1107645369290952e-07,0.003560632234439254,0.003446982783886294
powershell_benign_dataset,1430.ps1,0,0,0.032318867431320356,0.0033333333333333335,1.2444937435898494e-06,0.009514870122075081,0.006424101727704207
powershell_benign_dataset,1431.ps1,0,4,0.0056117058839090855,0.0,4.474903495807411e-09,0.011666687205433846,0.005833343602716923
powershell_benign_dataset,1432.ps1,0,4,0.0023715962038695915,0.0033333333333333335,1.959085096702244e-08,0.004935476928949356,0.004134405131141345
powershell_benign_dataset,1433.ps1,0,0,0.013123382243909385,0.0,7.238782203991746e-05,0.03347376361489296,0.01673688180744648
powershell_benign_dataset,1434.ps1,0,1,0.02450798198180461,0.0,7.946744932638373e-08,0.0013231869088485837,0.0006615934544242918
powershell_benign_dataset,1435.ps1,0,0,0.0062549246223157036,0.006666666666666667,6.680793857152792e-08,0.012546049430966377,0.009606358048816523
powershell_benign_dataset,1436.ps1,0,2,0.014341655808977383,0.0,9.906113021347087e-08,0.0022069623228162527,0.0011034811614081264
powershell_benign_dataset,1437.ps1,0,3,0.03026842837743268,0.0,7.1154446788060774e-09,0.0034298677928745747,0.0017149338964372873
powershell_benign_dataset,1438.ps1,0,3,0.017237830218263448,0.0033333333333333335,2.2034153884350706e-07,0.004826385993510485,0.004079859663421909
powershell_benign_dataset,1439.ps1,0,3,0.004461811357693556,0.013333333333333334,2.6076373985288816e-06,0.0023216865956783295,0.007827509964505833
powershell_benign_dataset,144.ps1,0,1,0.009026328557010412,0.0,4.7041435096237945e-08,0.0028799441643059254,0.0014399720821529627
powershell_benign_dataset,1440.ps1,0,1,0.015593915609642418,0.0,5.5051346021791384e-08,0.0028003198094666004,0.0014001599047333002
powershell_benign_dataset,1441.ps1,0,2,0.003982590582195586,0.13666666666666666,0.00028706388642982955,0.008519724942743778,0.07259319580470522
powershell_benign_dataset,1442.ps1,0,1,0.016120650497675817,0.0,4.818016731861726e-07,0.0024930420331656933,0.0012465210165828466
powershell_benign_dataset,1443.ps1,0,0,0.023041440933080012,0.0,1.0192232693113421e-06,0.012906085699796677,0.006453042849898338
powershell_benign_dataset,1444.ps1,0,4,0.02147398472075346,0.07,1.7431215084811301e-07,0.012575525790452957,0.04128776289522648
powershell_benign_dataset,1445.ps1,0,0,0.012305535467232297,0.0,2.719712924949227e-08,0.012734188698232174,0.006367094349116087
powershell_benign_dataset,1446.ps1,0,1,0.01395765657320582,0.02666666666666667,4.491236868827453e-06,0.003354245563969016,0.015010456115317842
powershell_benign_dataset,1447.ps1,0,4,0.022594840712443085,0.0,5.525045667937299e-08,0.0012374960351735353,0.0006187480175867677
powershell_benign_dataset,1448.ps1,0,3,0.0032622099946949213,0.0,6.400399038953953e-06,0.008167373016476631,0.004083686508238316
powershell_benign_dataset,1449.ps1,0,3,0.04391762737887624,0.0,6.769195095334418e-08,0.006741425488144159,0.0033707127440720797
powershell_benign_dataset,145.ps1,0,3,0.014517814407332854,0.0,3.796726406290716e-09,0.0024695952888578176,0.0012347976444289088
powershell_benign_dataset,1450.ps1,0,4,0.006612060166331494,0.0,7.259981029006018e-07,0.002139281714335084,0.001069640857167542
powershell_benign_dataset,1451.ps1,0,2,0.01487743926779028,0.013333333333333334,4.4663892900620564e-07,0.001446848502382636,0.007390090917857985
powershell_benign_dataset,1452.ps1,0,1,0.022081277027472833,0.0033333333333333335,1.2357564306033487e-07,0.00477375416085124,0.004053543747092287
powershell_benign_dataset,1453.ps1,0,2,0.010566723680230242,0.0,1.0550415094065977e-08,0.0005128974444232881,0.00025644872221164405
powershell_benign_dataset,1454.ps1,0,1,0.010300304512764346,0.023333333333333334,1.9888283181054374e-05,0.007352794520556927,0.01534306392694513
powershell_benign_dataset,1455.ps1,0,4,0.024399184553897977,0.0,5.276254999793406e-09,0.0027359998784959316,0.0013679999392479658
powershell_benign_dataset,1456.ps1,0,3,0.009413385490813593,0.0,6.478481802384691e-08,0.001049874583259225,0.0005249372916296124
powershell_benign_dataset,1457.ps1,0,1,0.01832752425727514,0.0,2.9586113236871603e-08,0.010689772665500641,0.0053448863327503204
powershell_benign_dataset,1458.ps1,0,0,0.03126352231770047,0.2833333333333333,0.013161971242503945,0.03582887724041939,0.15958110528687636
powershell_benign_dataset,1459.ps1,0,2,0.020407848881816286,0.023333333333333334,8.979406843433275e-06,0.003993305843323469,0.013663319588328402
powershell_benign_dataset,146.ps1,0,2,0.018254001470404475,0.0,4.044013623188639e-08,0.004983366467058659,0.0024916832335293293
powershell_benign_dataset,1460.ps1,0,4,0.012443710554735605,0.013333333333333334,8.494317289275073e-06,0.0019128406420350075,0.007623086987684171
powershell_benign_dataset,1461.ps1,0,0,0.009148299887719143,0.006666666666666667,7.193720943517497e-07,0.0045222132466733456,0.005594439956670007
powershell_benign_dataset,1462.ps1,0,0,0.06302695110911583,0.16666666666666666,6.094018384516463e-05,0.024829568341374397,0.09574811750402053
powershell_benign_dataset,1463.ps1,0,2,0.044649405765555476,0.0,4.5572937327974066e-08,0.004068906884640455,0.0020344534423202276
powershell_benign_dataset,1464.ps1,0,1,0.013760071682638457,0.0,1.0935961253155381e-08,0.0019893848802894354,0.0009946924401447177
powershell_benign_dataset,1465.ps1,0,0,0.06059779670515937,0.0033333333333333335,1.7064551813049125e-07,0.03141336888074875,0.01737335110704104
powershell_benign_dataset,1466.ps1,0,1,0.011834439165034055,0.03,5.98932155473642e-07,0.0033170951064676046,0.016658547553233802
powershell_benign_dataset,1467.ps1,0,0,0.0005439644485360912,0.023333333333333334,4.940496150017039e-06,0.0828445553779602,0.05308894435564677
powershell_benign_dataset,1468.ps1,0,1,0.0294802989757457,0.01,1.0637007616015098e-05,0.0013086243998259306,0.005654312199912965
powershell_benign_dataset,1469.ps1,0,4,0.007598206502494493,0.0,5.041293574942899e-08,0.0014510307228192687,0.0007255153614096344
powershell_benign_dataset,147.ps1,0,2,0.0133570270479109,0.0033333333333333335,6.7660154443764084e-09,0.004523789044469595,0.0039285611889014645
powershell_benign_dataset,1470.ps1,0,1,0.013662150021207145,0.07333333333333333,1.8488224376633703e-06,0.007483969908207655,0.040408651620770494
powershell_benign_dataset,1471.ps1,0,0,0.014694736309189233,0.013333333333333334,3.089453626458399e-06,0.02064625918865204,0.016989796260992687
powershell_benign_dataset,1472.ps1,0,1,0.0007863402326999936,0.03333333333333333,1.0311823699613347e-05,0.026983022689819336,0.030158178011576334
powershell_benign_dataset,1473.ps1,0,2,0.008221004641116442,0.0,5.230997049754568e-09,0.0022465887013822794,0.0011232943506911397
powershell_benign_dataset,1474.ps1,0,4,0.006010260625915827,0.0,4.690205996937072e-08,0.0026406743563711643,0.0013203371781855822
powershell_benign_dataset,1475.ps1,0,4,0.013205386924643637,0.02,2.782914043566786e-07,0.0022001999896019697,0.011100099994800985
powershell_benign_dataset,1476.ps1,0,3,0.01738127360285085,0.0033333333333333335,2.9818160960972796e-08,0.03730449825525284,0.020318915794293086
powershell_benign_dataset,1477.ps1,0,2,0.007247744901892316,0.013333333333333334,2.293240665950791e-06,0.0032923799008131027,0.00831285661707322
powershell_benign_dataset,1478.ps1,0,1,0.009758316250479994,0.08,9.86699874006873e-06,0.004794823471456766,0.042397411735728384
powershell_benign_dataset,1479.ps1,0,1,0.005092489541069357,0.006666666666666667,1.2648453691024188e-07,0.0067861322313547134,0.006726399449010691
powershell_benign_dataset,148.ps1,0,3,1.2378774634771137e-05,0.0,6.719058274942046e-09,0.003481167135760188,0.001740583567880094
powershell_benign_dataset,1480.ps1,0,2,0.004740998596849737,0.0,2.5103444816859727e-08,0.0017434366745874286,0.0008717183372937143
powershell_benign_dataset,1481.ps1,0,0,0.006141454516522143,0.0033333333333333335,1.689217589223736e-07,0.013169724494218826,0.00825152891377608
powershell_benign_dataset,1482.ps1,0,3,0.00786763077291768,0.01,3.976552683106306e-07,0.0017354052979499102,0.005867702648974955
powershell_benign_dataset,1483.ps1,0,2,0.018157295165025247,0.0033333333333333335,1.8552829211747105e-07,0.004515374545007944,0.003924353939170639
powershell_benign_dataset,1485.ps1,0,2,0.003129377654916975,0.0033333333333333335,2.875162293263619e-07,0.0028639636002480984,0.003098648466790716
powershell_benign_dataset,1486.ps1,0,2,0.0037259684865386046,0.02666666666666667,7.096236299823148e-08,0.0030142387840896845,0.014840452725378176
powershell_benign_dataset,1487.ps1,0,0,0.008541442344043698,0.016666666666666666,1.344498007546077e-06,0.008687730878591537,0.012677198772629102
powershell_benign_dataset,1488.ps1,0,3,0.0013515632169555695,0.016666666666666666,2.8660991412731874e-07,0.0026139961555600166,0.009640331411113342
powershell_benign_dataset,1489.ps1,0,3,0.025410457090702214,0.0,1.755718839865004e-09,0.001703122048638761,0.0008515610243193805
powershell_benign_dataset,149.ps1,0,2,0.00038235009274517194,0.07333333333333333,2.2443868811235603e-06,0.005205781199038029,0.03926955726618568
powershell_benign_dataset,1490.ps1,0,4,0.02677002110654326,0.0,2.0513830319941847e-08,0.0027469531632959843,0.0013734765816479921
powershell_benign_dataset,1491.ps1,0,2,0.004937352232328651,0.0033333333333333335,1.7851584066141735e-08,0.005745572969317436,0.004539453151325385
powershell_benign_dataset,1492.ps1,0,1,0.0008803774129572649,0.01,1.5641113253174962e-08,0.00976903922855854,0.009884519614279271
powershell_benign_dataset,1493.ps1,0,4,0.029576233225130522,0.006666666666666667,1.2594239280112633e-07,0.0039008287712931633,0.005283747718979916
powershell_benign_dataset,1494.ps1,0,2,0.03323881564030108,0.0033333333333333335,3.3921921395108447e-08,0.0049796514213085175,0.004156492377320926
powershell_benign_dataset,1495.ps1,0,1,0.01731302672128062,0.016666666666666666,6.577801421241759e-07,0.0014443672262132168,0.009055516946439942
powershell_benign_dataset,1496.ps1,0,0,0.007065953557660151,0.1,1.1230422288821683e-05,0.02710072137415409,0.06355036068707705
powershell_benign_dataset,1497.ps1,0,4,0.019133081617910847,0.0,1.349415720274793e-07,0.0025847686920315027,0.0012923843460157514
powershell_benign_dataset,1498.ps1,0,4,0.018730140534258248,0.0033333333333333335,4.596135557677542e-08,0.004531459417194128,0.003932396375263731
powershell_benign_dataset,1499.ps1,0,4,0.004625676363418748,0.0033333333333333335,3.806597635229596e-09,0.006701976992189884,0.005017655162761609
powershell_benign_dataset,15.ps1,0,0,0.0040699760184260015,0.006666666666666667,1.3547929923169844e-08,0.02995246835052967,0.01830956750859817
powershell_benign_dataset,150.ps1,0,4,0.0006402357071965719,0.0,1.7686247151456224e-08,0.010601178742945194,0.005300589371472597
powershell_benign_dataset,1500.ps1,0,4,0.036202677343716086,0.01,2.1951690276691335e-07,0.0034490935504436493,0.006724546775221825
powershell_benign_dataset,1501.ps1,0,3,0.01614097222357433,0.0033333333333333335,7.558637893079122e-07,0.0032577253878116608,0.0032955293605724974
powershell_benign_dataset,1502.ps1,0,4,0.01950722567066248,0.01,4.581309078761512e-07,0.004380081780254841,0.0071900408901274205
powershell_benign_dataset,1503.ps1,0,1,0.012132529749839903,0.006666666666666667,1.1926775576415644e-08,0.0011746840318664908,0.003920675349266579
powershell_benign_dataset,1504.ps1,0,2,0.02288749793782092,0.0,7.097996214000345e-08,0.0015963673358783126,0.0007981836679391563
powershell_benign_dataset,1505.ps1,0,0,0.021244498485720967,0.0,1.087927092464787e-06,0.008557473309338093,0.004278736654669046
powershell_benign_dataset,1506.ps1,0,0,0.029326942841030164,0.0033333333333333335,5.717357876088835e-07,0.018377739936113358,0.010855536634723346
powershell_benign_dataset,1507.ps1,0,4,0.03402355164525142,0.0,2.7311813049137995e-07,0.008613486774265766,0.004306743387132883
powershell_benign_dataset,1508.ps1,0,4,0.011652100483196589,0.0,2.3055723364527275e-08,0.0018643316579982638,0.0009321658289991319
powershell_benign_dataset,1509.ps1,0,0,0.01953400129449963,0.0033333333333333335,8.38108535973789e-08,0.013327687047421932,0.008330510190377633
powershell_benign_dataset,151.ps1,0,1,0.0024349668621985437,0.013333333333333334,5.036045806639789e-08,0.005863948259502649,0.009598640796417993
powershell_benign_dataset,1510.ps1,0,2,0.030495477585725836,0.0033333333333333335,1.1976787684595787e-06,0.010811046697199345,0.007072190015266339
powershell_benign_dataset,1511.ps1,0,4,0.012099797428894159,0.0,4.700087714741362e-09,0.003891074564307928,0.001945537282153964
powershell_benign_dataset,1512.ps1,0,1,0.0022223428264667795,0.016666666666666666,1.9475150340808773e-06,0.004031700547784567,0.010349183607225617
powershell_benign_dataset,1513.ps1,0,0,0.014216494108322441,0.0033333333333333335,4.2719621597100295e-08,0.01989772915840149,0.011615531245867412
powershell_benign_dataset,1514.ps1,0,2,0.016258937356242505,0.0033333333333333335,5.443472164546808e-07,0.0024466270115226507,0.0028899801724279923
powershell_benign_dataset,1515.ps1,0,1,0.03693740106732903,0.0,3.473899517736419e-08,0.006366797722876072,0.003183398861438036
powershell_benign_dataset,1516.ps1,0,2,0.0024391162149125347,0.0,6.323272639626227e-09,0.0030169510282576084,0.0015084755141288042
powershell_benign_dataset,1517.ps1,0,4,0.0217275881531761,0.0033333333333333335,2.079015192213439e-08,0.0026036137714982033,0.0029684735524157686
powershell_benign_dataset,1518.ps1,0,3,0.010461069107227779,0.0,6.722446017012664e-09,0.008802168071269989,0.0044010840356349945
powershell_benign_dataset,1519.ps1,0,0,0.018935938216420367,0.0,5.8355993861407895e-08,0.01270514726638794,0.00635257363319397
powershell_benign_dataset,152.ps1,0,0,0.016035870043921333,0.016666666666666666,1.8244246530212033e-07,0.012581240385770798,0.014623953526218732
powershell_benign_dataset,1520.ps1,0,2,0.015491255312268212,0.0033333333333333335,2.221002699255673e-07,0.003182606305927038,0.003257969819630186
powershell_benign_dataset,1521.ps1,0,2,0.006182491844865725,0.0033333333333333335,3.7623646904496205e-09,0.004410705994814634,0.003872019664073984
powershell_benign_dataset,1522.ps1,0,4,0.04214426259792274,0.0033333333333333335,3.416665825472211e-08,0.0036709564737975597,0.003502144903565447
powershell_benign_dataset,1523.ps1,0,3,0.031398483016277484,0.0,1.28954745545022e-07,0.007167259231209755,0.0035836296156048775
powershell_benign_dataset,1524.ps1,0,3,0.018999543837104647,0.0,3.5663344588142074e-06,0.0031801837030798197,0.0015900918515399098
powershell_benign_dataset,1525.ps1,0,2,0.010646997076803546,0.006666666666666667,2.1349146532525344e-08,0.012423141859471798,0.009544904263069233
powershell_benign_dataset,1526.ps1,0,2,0.0033136597098467804,0.0,3.3671297244050434e-09,0.0037700564134866,0.0018850282067433
powershell_benign_dataset,1527.ps1,0,1,0.02759175472587012,0.013333333333333334,9.545528465202528e-08,0.003929596394300461,0.008631464863816898
powershell_benign_dataset,1528.ps1,0,1,0.007676958599217703,0.01,1.3704669678295297e-08,0.0016180790262296796,0.00580903951311484
powershell_benign_dataset,1529.ps1,0,1,0.004194389732066062,0.0,3.890276162353882e-09,0.0017180255381390452,0.0008590127690695226
powershell_benign_dataset,153.ps1,0,3,0.008677816405909795,0.013333333333333334,2.3243812821163346e-08,0.017282772809267044,0.01530805307130019
powershell_benign_dataset,1530.ps1,0,0,0.03514667929827619,0.016666666666666666,2.0629219083385677e-07,0.028836794197559357,0.02275173043211301
powershell_benign_dataset,1531.ps1,0,1,0.013924378697758222,0.0,8.228956590505435e-09,0.006253349129110575,0.0031266745645552874
powershell_benign_dataset,1532.ps1,0,0,1.8674867035107944e-06,0.04666666666666667,2.9673421105621526e-07,0.008935082703828812,0.02780087468524774
powershell_benign_dataset,1533.ps1,0,4,0.009017493520093362,0.013333333333333334,1.197722458205871e-07,0.003840843215584755,0.008587088274459045
powershell_benign_dataset,1534.ps1,0,3,0.010026262690133505,0.006666666666666667,2.481363546621944e-08,0.009470161981880665,0.008068414324273666
powershell_benign_dataset,1535.ps1,0,0,0.050612355391875787,0.0033333333333333335,4.033130094382995e-08,0.02297331392765045,0.013153323630491893
powershell_benign_dataset,1536.ps1,0,0,0.02739304663594927,0.0,1.8992856683589356e-07,0.028411131352186203,0.014205565676093102
powershell_benign_dataset,1537.ps1,0,3,0.007640640501890994,0.0,5.44480433558747e-08,0.00871968176215887,0.004359840881079435
powershell_benign_dataset,1538.ps1,0,4,0.003601760304486637,0.03333333333333333,2.5852420419645505e-06,0.0015250841388478875,0.01742920873609061
powershell_benign_dataset,1539.ps1,0,0,0.014388540404064482,0.0,1.8117764934267863e-08,0.03501051664352417,0.017505258321762085
powershell_benign_dataset,154.ps1,0,0,0.01181141088171705,0.03666666666666667,1.3647546926818563e-07,0.04869033023715019,0.04267849845190843
powershell_benign_dataset,1540.ps1,0,4,0.11172590223772225,0.04666666666666667,3.6661280353780516e-06,0.01724199391901493,0.031954330292840796
powershell_benign_dataset,1541.ps1,0,3,0.0461903017217598,0.01,3.029906128017579e-08,0.01632961630821228,0.013164808154106141
powershell_benign_dataset,1542.ps1,0,1,0.012615785955835256,0.0,2.485829602273666e-08,0.0035229362547397614,0.0017614681273698807
powershell_benign_dataset,1543.ps1,0,2,0.0078169341831119,0.0033333333333333335,7.526205096488866e-08,0.007988829165697098,0.005661081249515216
powershell_benign_dataset,1544.ps1,0,2,0.007026651772846113,0.04,1.1140942688213738e-05,0.0031249599996954203,0.02156247999984771
powershell_benign_dataset,1545.ps1,0,0,0.004173275293319671,0.0,3.354468489897877e-08,0.03639941290020943,0.018199706450104713
powershell_benign_dataset,1546.ps1,0,0,0.008270872657348998,0.0033333333333333335,9.480485506006047e-07,0.04981903359293938,0.026576183463136355
powershell_benign_dataset,1547.ps1,0,1,0.2699221882614317,0.05333333333333334,7.768923294549464e-07,0.025146299973130226,0.039239816653231785
powershell_benign_dataset,1548.ps1,0,2,0.004032047315172469,0.11333333333333333,6.969800398994184e-07,0.010948418639600277,0.0621408759864668
powershell_benign_dataset,1549.ps1,0,4,0.11044735429533345,0.11333333333333333,1.8525040975272301e-06,0.050399575382471085,0.08186645435790221
powershell_benign_dataset,155.ps1,0,1,0.015293993501185665,0.0,1.576077456672094e-08,0.003195657394826412,0.001597828697413206
powershell_benign_dataset,1550.ps1,0,2,0.10319657858330358,0.03333333333333333,5.065297303420029e-07,0.021715614944696426,0.02752447413901488
powershell_benign_dataset,1551.ps1,0,1,0.007094671191697417,0.0,3.97516296796126e-08,0.01308328378945589,0.006541641894727945
powershell_benign_dataset,1552.ps1,0,1,0.039493747488586695,0.02,3.1653808988676355e-06,0.005810280796140432,0.012905140398070216
powershell_benign_dataset,1553.ps1,0,3,0.013518611082324805,0.0033333333333333335,2.6403902185255292e-08,0.02042182721197605,0.011877580272654693
powershell_benign_dataset,1554.ps1,0,1,0.007194204470631635,0.0,8.513720655452469e-07,0.00494886189699173,0.002474430948495865
powershell_benign_dataset,1555.ps1,0,2,0.003038240766022054,0.0,3.4882268603819176e-08,0.01102715078741312,0.00551357539370656
powershell_benign_dataset,1556.ps1,0,2,0.00377818306527531,0.03,2.5838227370048e-07,0.0161906685680151,0.02309533428400755
powershell_benign_dataset,1557.ps1,0,4,0.0060293487230240524,0.0033333333333333335,2.3673072390148014e-08,0.009947852231562138,0.006640592782447736
powershell_benign_dataset,1558.ps1,0,3,0.04617476251745131,0.0,4.016032860778993e-08,0.009023396298289299,0.0045116981491446495
powershell_benign_dataset,1559.ps1,0,1,0.047618343292982014,0.0,1.2184753730355887e-06,0.0055931382812559605,0.0027965691406279802
powershell_benign_dataset,156.ps1,0,2,0.002521149061283138,0.0,4.6660049560886214e-08,0.005374370142817497,0.0026871850714087486
powershell_benign_dataset,1560.ps1,0,1,0.048350194789772365,0.0,9.713100340907526e-08,0.0016112078446894884,0.0008056039223447442
powershell_benign_dataset,1561.ps1,0,1,0.03661632992686954,0.08666666666666667,3.4635860661572774e-07,0.031629528850317,0.059148097758491835
powershell_benign_dataset,1562.ps1,0,4,0.022695562338606846,0.0,1.414500387916155e-07,0.009746131487190723,0.004873065743595362
powershell_benign_dataset,1564.ps1,0,3,0.003665217530074257,0.0,4.832213719219632e-09,0.0050004953518509865,0.0025002476759254932
powershell_benign_dataset,1565.ps1,0,0,0.029076958244421112,0.006666666666666667,6.196979790050827e-05,0.02049071714282036,0.013578691904743513
powershell_benign_dataset,1566.ps1,0,4,0.023633016250157422,0.0,2.2507898501577633e-08,0.029982220381498337,0.014991110190749168
powershell_benign_dataset,1567.ps1,0,1,0.04118346014567871,0.0,3.2231895273237004e-07,0.0019537245389074087,0.0009768622694537044
powershell_benign_dataset,1568.ps1,0,0,0.022637128251802457,0.006666666666666667,1.1678046809587224e-06,0.029979323968291283,0.018322995317478975
powershell_benign_dataset,1569.ps1,0,3,0.007166007742879262,0.006666666666666667,2.2819467722296312e-08,0.003439196851104498,0.005052931758885583
powershell_benign_dataset,157.ps1,0,0,0.0034587017625267043,0.0,4.808743500330125e-09,0.12033148109912872,0.06016574054956436
powershell_benign_dataset,1570.ps1,0,3,0.021607622685342408,0.0033333333333333335,5.328808578092275e-09,0.01014970988035202,0.006741521606842677
powershell_benign_dataset,1571.ps1,0,4,0.015003279798529794,0.006666666666666667,1.555425992330358e-07,0.008950186893343925,0.007808426780005297
powershell_benign_dataset,1572.ps1,0,3,0.009380602104404891,0.0,1.6003151695318354e-08,0.020339839160442352,0.010169919580221176
powershell_benign_dataset,1573.ps1,0,3,0.02900361737042046,0.006666666666666667,1.8294524819016602e-05,0.002639239188283682,0.004652952927475175
powershell_benign_dataset,1574.ps1,0,2,0.0071476159107571316,0.006666666666666667,1.1715315406745271e-07,0.02752118930220604,0.017093927984436354
powershell_benign_dataset,1575.ps1,0,1,0.022161894342751426,0.013333333333333334,2.61264786092913e-07,0.01879415474832058,0.016063744040826958
powershell_benign_dataset,1576.ps1,0,0,0.009967268855636983,0.023333333333333334,2.2471586113573816e-06,0.023051412776112556,0.023192373054722944
powershell_benign_dataset,1577.ps1,0,0,0.011974897510480465,0.01,1.0278496268863147e-08,0.0222223661839962,0.0161111830919981
powershell_benign_dataset,1578.ps1,0,4,0.027977089753545677,0.0,1.0034393418812192e-07,0.0051765586249530315,0.0025882793124765158
powershell_benign_dataset,1579.ps1,0,3,0.018237219371461385,0.0,7.06863455941569e-09,0.03188890963792801,0.015944454818964005
powershell_benign_dataset,158.ps1,0,1,0.010539371899766795,0.01,2.312050570094518e-07,0.006765699479728937,0.00838284973986447
powershell_benign_dataset,1580.ps1,0,3,0.11040040112376233,0.02,3.23080446613552e-08,0.039064567536115646,0.029532283768057825
powershell_benign_dataset,1581.ps1,0,4,0.20259748768965627,0.04,4.595026780526554e-06,0.018437741324305534,0.029218870662152768
powershell_benign_dataset,1582.ps1,0,1,0.007300093783432709,0.02,6.339507612913075e-07,0.0029232592787593603,0.01146162963937968
powershell_benign_dataset,1584.ps1,0,2,0.008811822832880305,0.0,1.981367868177768e-08,0.003257646458223462,0.001628823229111731
powershell_benign_dataset,1585.ps1,0,1,0.07877115293155561,0.0,8.685805641623884e-07,0.002299453830346465,0.0011497269151732326
powershell_benign_dataset,1586.ps1,0,2,0.04133295704077033,0.10666666666666667,0.010858798477680263,0.014084595255553722,0.0603756309611102
powershell_benign_dataset,1587.ps1,0,4,0.03830111048389662,0.03,8.423953540601615e-07,0.6300489902496338,0.3300244951248169
powershell_benign_dataset,1588.ps1,0,2,0.03519934093882428,0.043333333333333335,8.199254488477421e-06,0.021330442279577255,0.032331887806455295
powershell_benign_dataset,1589.ps1,0,3,0.7612026356992566,0.5733333333333334,0.4310475700664989,0.5697945952415466,0.5715639642874399
powershell_benign_dataset,159.ps1,0,0,0.027969842504241997,0.12,4.3523418110918785e-06,0.2646445035934448,0.1923222517967224
powershell_benign_dataset,1590.ps1,0,4,0.9518788949726196,0.29333333333333333,0.006304858817168361,0.1420535445213318,0.21769343892733256
powershell_benign_dataset,1591.ps1,0,0,0.06887407801088632,0.023333333333333334,1.0010235992166954e-05,0.042904455214738846,0.03311889427403609
powershell_benign_dataset,1592.ps1,0,1,0.0030654310948551406,0.01,1.428562090606677e-06,0.022351069375872612,0.016175534687936307
powershell_benign_dataset,1593.ps1,0,3,0.08773112215412758,0.013333333333333334,1.3077236179556774e-07,0.016258368268609047,0.014795850800971191
powershell_benign_dataset,1594.ps1,0,1,0.09448187780935915,0.016666666666666666,4.5610357020325745e-06,0.012849858030676842,0.014758262348671754
powershell_benign_dataset,1595.ps1,0,3,0.0068715050110091805,0.006666666666666667,1.2486722055697015e-07,0.01133347861468792,0.009000072640677294
powershell_benign_dataset,1596.ps1,0,4,0.008591105155494666,0.006666666666666667,2.9147383156701315e-07,0.03178173303604126,0.019224199851353964
powershell_benign_dataset,1597.ps1,0,3,0.02201485093623773,0.02,3.401897972422936e-06,0.018852831795811653,0.01942641589790583
powershell_benign_dataset,1598.ps1,0,2,0.03165341226106187,0.09,2.5309444350989505e-06,0.03451728820800781,0.062258644104003905
powershell_benign_dataset,1599.ps1,0,3,0.022683081571686543,0.09333333333333334,0.0002355958032929818,0.028463343158364296,0.06089833824584882
powershell_benign_dataset,16.ps1,0,2,0.002400470419650431,0.0033333333333333335,1.8233762094425287e-08,0.0049254498444497585,0.004129391588891546
powershell_benign_dataset,160.ps1,0,4,0.01460130817711904,0.02666666666666667,4.002093801973443e-08,0.019420156255364418,0.023043411461015545
powershell_benign_dataset,1600.ps1,0,0,0.032614775127470165,0.0033333333333333335,1.3770125458393302e-07,0.08688335865736008,0.0451083459953467
powershell_benign_dataset,1601.ps1,0,1,0.03743674399625566,0.07666666666666666,1.1502853603745015e-07,0.0791887491941452,0.07792770793040593
powershell_benign_dataset,1602.ps1,0,3,0.008175439516191567,0.0,1.4526335502003661e-08,0.012211733497679234,0.006105866748839617
powershell_benign_dataset,1603.ps1,0,2,0.004988187534790552,0.03333333333333333,1.445920279406694e-06,0.017570676282048225,0.02545200480769078
powershell_benign_dataset,1604.ps1,0,1,0.0047797001933923555,0.0,1.1998676949707488e-08,0.02949637547135353,0.014748187735676765
powershell_benign_dataset,1605.ps1,0,2,0.026534020226780766,0.07666666666666666,7.90211490404708e-07,0.006517782807350159,0.04159222473700841
powershell_benign_dataset,1606.ps1,0,2,0.0010800646772153473,0.0033333333333333335,1.1759416592998574e-06,0.018324056640267372,0.010828694986800353
powershell_benign_dataset,1607.ps1,0,0,0.08554742059540196,0.006666666666666667,1.7280377413870301e-06,0.07246806472539902,0.03956736569603284
powershell_benign_dataset,1608.ps1,0,4,0.00618926386513657,0.01,2.3611576608915574e-07,0.04673256352543831,0.028366281762719155
powershell_benign_dataset,1609.ps1,0,0,0.07049436797472892,0.06,1.1720282071268593e-05,0.06294671446084976,0.06147335723042488
powershell_benign_dataset,1610.ps1,0,4,0.0033488847082719726,0.02666666666666667,1.239757580805517e-07,0.030535340309143066,0.02860100348790487
powershell_benign_dataset,1611.ps1,0,1,0.03761574811554018,0.013333333333333334,7.846281755449491e-06,0.03845896199345589,0.02589614766339461
powershell_benign_dataset,1612.ps1,0,1,0.007992863526607804,0.0033333333333333335,2.982802011021167e-08,0.05562194436788559,0.029477638850609462
powershell_benign_dataset,1613.ps1,0,4,0.1448048489141882,0.03333333333333333,1.855993569390447e-08,0.013023566454648972,0.023178449893991152
powershell_benign_dataset,1614.ps1,0,0,0.034850221900039065,0.0033333333333333335,9.312760327192997e-09,0.10801239311695099,0.05567286322514216
powershell_benign_dataset,1615.ps1,0,4,0.06546935278219336,0.0,7.374226700095303e-08,0.02071981690824032,0.01035990845412016
powershell_benign_dataset,1616.ps1,0,4,0.04615715784534221,0.023333333333333334,9.308225081988497e-06,0.033332791179418564,0.028333062256375947
powershell_benign_dataset,1617.ps1,0,3,0.7276231824542233,0.03333333333333333,8.355672524161666e-07,0.030502893030643463,0.031918113181988395
powershell_benign_dataset,1618.ps1,0,4,0.012065146019032623,0.07,6.310829891183893e-06,0.021064231172204018,0.04553211558610201
powershell_benign_dataset,1619.ps1,0,2,0.006776699864091892,0.08,1.2676586885721121e-06,0.009260800667107105,0.04463040033355355
powershell_benign_dataset,1620.ps1,0,2,0.0012924917555542875,0.01,2.3943627191904624e-06,0.02304825559258461,0.016524127796292306
powershell_benign_dataset,1621.ps1,0,4,0.006569468817628488,0.04,2.66985041614938e-07,0.01486117672175169,0.027430588360875845
powershell_benign_dataset,1622.ps1,0,2,0.005295644686083473,0.02,2.4944397532336268e-08,0.008107581175863743,0.014053790587931872
powershell_benign_dataset,1623.ps1,0,3,0.01185480181594398,0.0,2.7890903700211495e-09,0.017456594854593277,0.008728297427296638
powershell_benign_dataset,1624.ps1,0,2,0.0035943156045051723,0.24333333333333335,1.7619992368457558e-06,0.06467213481664658,0.15400273407498996
powershell_benign_dataset,1625.ps1,0,4,0.08745803274295087,0.2,0.005587874475034475,0.10311964154243469,0.15155982077121735
powershell_benign_dataset,1626.ps1,0,1,0.9991550082615841,0.16666666666666666,0.0001095150834029892,0.03608830273151398,0.10137748469909032
powershell_benign_dataset,1627.ps1,0,2,0.2959786579434558,0.09666666666666666,0.0001479065118039148,0.1124039962887764,0.10453533147772154
powershell_benign_dataset,1628.ps1,0,4,0.043306352913997335,0.09333333333333334,4.278324874315232e-06,0.007761381100863218,0.05054735721709828
powershell_benign_dataset,1629.ps1,0,4,0.01934150050693369,0.05,6.0493098560627106e-05,0.027620408684015274,0.03881020434200764
powershell_benign_dataset,1630.ps1,0,1,0.008417994801669233,0.0033333333333333335,8.189084868334534e-07,0.012405246496200562,0.007869289914766948
powershell_benign_dataset,1631.ps1,0,1,0.01289774012110162,0.006666666666666667,8.74307120264703e-09,0.016223398968577385,0.011445032817622026
powershell_benign_dataset,1632.ps1,0,0,0.0064174110757212,0.02,2.946592363578794e-07,0.027680503204464912,0.023840251602232458
powershell_benign_dataset,1633.ps1,0,3,0.05353484262780875,0.03333333333333333,1.2716591671517655e-07,0.051582176238298416,0.04245775478581587
powershell_benign_dataset,1634.ps1,0,0,0.006926767798902245,0.02666666666666667,2.161176735842032e-06,0.03443099930882454,0.030548832987745606
powershell_benign_dataset,1635.ps1,0,4,0.8451778489680898,0.27,0.0003048979119912126,0.04167543351650238,0.1558377167582512
powershell_benign_dataset,1636.ps1,0,2,0.023547910097914803,0.013333333333333334,7.11971863823272e-07,0.02614707313477993,0.019740203234056633
powershell_benign_dataset,1637.ps1,0,4,0.013113420761950264,0.006666666666666667,5.85079141631542e-07,0.01094205304980278,0.008804359858234724
powershell_benign_dataset,1638.ps1,0,2,0.32300138368382075,0.08333333333333333,7.024594663032526e-06,0.02699863165616989,0.05516598249475161
powershell_benign_dataset,1639.ps1,0,2,0.02323827194926941,0.03333333333333333,2.6538575816644125e-06,0.012975056655704975,0.023154194994519154
powershell_benign_dataset,164.ps1,0,1,0.019658394897777893,0.056666666666666664,2.2289412984866247e-06,0.049435798078775406,0.05305123237272104
powershell_benign_dataset,1640.ps1,0,2,0.03218607594269988,0.02,7.821143151620786e-07,0.028940515592694283,0.024470257796347143
powershell_benign_dataset,1641.ps1,0,3,0.3806439487415133,0.10666666666666667,0.029971954617671097,0.3433621823787689,0.2250144245227178
powershell_benign_dataset,1642.ps1,0,3,0.05337378364068527,0.0,5.583625241181957e-09,0.07712239772081375,0.038561198860406876
powershell_benign_dataset,1643.ps1,0,2,0.07222662714505843,0.01,4.980580748997148e-07,0.03922567144036293,0.024612835720181466
powershell_benign_dataset,1644.ps1,0,2,0.004305143796241862,0.006666666666666667,1.4141248867089186e-08,0.006779809482395649,0.0067232380745311585
powershell_benign_dataset,1645.ps1,0,1,0.007581991104187793,0.0033333333333333335,3.3323540737480006e-07,0.014883792027831078,0.009108562680582206
powershell_benign_dataset,1646.ps1,0,4,0.006938926199097099,0.10333333333333333,8.896429745082641e-07,0.050953809171915054,0.0771435712526242
powershell_benign_dataset,1647.ps1,0,2,0.05069972481136091,0.15666666666666668,0.011108439654385202,0.1674351692199707,0.1620509179433187
powershell_benign_dataset,1648.ps1,0,1,0.05453977534077489,0.006666666666666667,2.358391505659551e-05,0.010720862075686455,0.008693764371176561
powershell_benign_dataset,1649.ps1,0,1,0.9907011371545136,0.16666666666666666,4.9407482787841085e-06,0.036069102585315704,0.10136788462599118
powershell_benign_dataset,165.ps1,0,2,0.0018255768902800844,0.0,7.676796842536653e-09,0.005502535030245781,0.0027512675151228905
powershell_benign_dataset,1650.ps1,0,2,0.0738695785038589,0.09,1.1138208655826013e-05,0.05751178413629532,0.07375589206814766
powershell_benign_dataset,1651.ps1,0,1,0.009576650438637615,0.07,6.864301026882828e-07,0.047761913388967514,0.05888095669448376
powershell_benign_dataset,1652.ps1,0,4,0.9241453635998479,0.09,2.104032432145238e-05,0.02592587284743786,0.05796293642371893
powershell_benign_dataset,1653.ps1,0,3,0.005214815740434582,0.0,1.509970070406823e-08,0.027660898864269257,0.013830449432134628
powershell_benign_dataset,1654.ps1,0,3,0.0020781086022064036,0.09,2.613494389270873e-07,0.02007833682000637,0.055039168410003184
powershell_benign_dataset,1655.ps1,0,2,0.023956809582106713,0.0,8.364803424440602e-07,0.021929120644927025,0.010964560322463512
powershell_benign_dataset,1656.ps1,0,4,0.0479212087409593,0.013333333333333334,6.229752945063566e-07,0.06703148782253265,0.040182410577932995
powershell_benign_dataset,1657.ps1,0,3,0.025031181334599726,0.0,1.1245444635935188e-06,0.016057254746556282,0.008028627373278141
powershell_benign_dataset,1658.ps1,0,4,0.05221243635219842,0.0,8.501458742110726e-08,0.023472296074032784,0.011736148037016392
powershell_benign_dataset,1659.ps1,0,4,0.0002088721725996946,0.01,3.783964345625496e-08,0.01040380634367466,0.01020190317183733
powershell_benign_dataset,1660.ps1,0,4,0.112688342286547,0.04,4.111606889680824e-06,0.09935665875673294,0.06967832937836647
powershell_benign_dataset,1661.ps1,0,2,0.0015697325426119295,0.14,7.705174476158107e-07,0.01488152053207159,0.0774407602660358
powershell_benign_dataset,1662.ps1,0,3,0.021645680071388097,0.006666666666666667,5.819943609847663e-07,0.04017912968993187,0.02342289817829927
powershell_benign_dataset,1663.ps1,0,1,0.025930739555481502,0.02666666666666667,5.038613883663723e-06,0.010639076121151447,0.01865287139390906
powershell_benign_dataset,1664.ps1,0,3,0.006667449670415522,0.006666666666666667,8.838467082662201e-09,0.025475338101387024,0.016071002384026846
powershell_benign_dataset,1665.ps1,0,3,0.07901216362655877,0.07,1.2033556825398429e-05,0.01950262300670147,0.04475131150335074
powershell_benign_dataset,1666.ps1,0,2,0.12858807266594896,0.07,2.9518271411745527e-05,0.2347833514213562,0.1523916757106781
powershell_benign_dataset,1667.ps1,0,4,0.05945650975551258,0.006666666666666667,1.13939393068523e-08,0.02808508276939392,0.017375874718030294
powershell_benign_dataset,1668.ps1,0,4,0.2694749877690966,0.10333333333333333,1.2730044278158295e-07,0.03676995635032654,0.07005164484182994
powershell_benign_dataset,1669.ps1,0,4,0.0008089327970999832,0.0,9.826781031012731e-08,0.04222917929291725,0.021114589646458626
powershell_benign_dataset,167.ps1,0,2,0.05077950703828838,0.03333333333333333,5.472211933961353e-07,0.011511940509080887,0.02242263692120711
powershell_benign_dataset,1670.ps1,0,2,0.015986144791241597,0.03333333333333333,1.251348786627888e-06,0.016695979982614517,0.025014656657973925
powershell_benign_dataset,1671.ps1,0,4,0.0035718867748818087,0.0,2.1398490344020444e-08,0.07005856186151505,0.03502928093075752
powershell_benign_dataset,1672.ps1,0,3,0.025644857602173818,0.0033333333333333335,4.00560567047738e-09,0.040884871035814285,0.02210910218457381
powershell_benign_dataset,1673.ps1,0,2,0.0001262273133124796,0.013333333333333334,7.879568692062105e-08,0.006215198431164026,0.009774265882248681
powershell_benign_dataset,1674.ps1,0,0,0.0161141691928642,0.03,1.0422073008349184e-06,0.07839974761009216,0.05419987380504608
powershell_benign_dataset,1675.ps1,0,2,0.001792287027539109,0.0033333333333333335,1.977156084287564e-07,0.004133752081543207,0.0037335427074382706
powershell_benign_dataset,1676.ps1,0,2,0.010469931322787812,0.0,2.2120991712388926e-07,0.019851304590702057,0.009925652295351028
powershell_benign_dataset,1677.ps1,0,4,0.05866199134357321,0.0033333333333333335,3.858942409773482e-09,0.03175555169582367,0.0175444425145785
powershell_benign_dataset,1678.ps1,0,1,0.008856764837836609,0.056666666666666664,1.8550790378951278e-06,0.020395034924149513,0.03853085079540809
powershell_benign_dataset,1679.ps1,0,4,0.009983351702192233,0.13,4.958397095779825e-05,0.06422636657953262,0.09711318328976631
powershell_benign_dataset,168.ps1,0,4,0.8041464712189246,0.4166666666666667,0.00016268400914191104,0.0608648806810379,0.2387657736738523
powershell_benign_dataset,1680.ps1,0,0,0.8438165534718418,0.3933333333333333,5.847785132954954e-05,0.213617742061615,0.30347553769747415
powershell_benign_dataset,1681.ps1,0,2,0.04214843433850717,0.02,2.9469049724080914e-07,0.007250054739415646,0.013625027369707823
powershell_benign_dataset,1682.ps1,0,2,0.0033758109905187585,0.04,1.2583721648625135e-06,0.017432231456041336,0.02871611572802067
powershell_benign_dataset,1683.ps1,0,2,0.09697244852553034,0.2,0.00016937685660758074,0.15737929940223694,0.17868964970111847
powershell_benign_dataset,1684.ps1,0,0,0.06618896171567763,0.023333333333333334,8.876663674162821e-06,0.03512342646718025,0.02922837990025679
powershell_benign_dataset,1685.ps1,0,0,0.03045453246656252,0.11333333333333333,2.5343228217828026e-06,0.06428302824497223,0.08880818078915279
powershell_benign_dataset,1686.ps1,0,0,0.04771574543822329,0.016666666666666666,5.858882151725736e-07,0.09281598031520844,0.05474132349093755
powershell_benign_dataset,1687.ps1,0,2,0.0027200431458197566,0.016666666666666666,1.5961398826436657e-08,0.018585480749607086,0.017626073708136875
powershell_benign_dataset,1688.ps1,0,4,0.051895796505551435,0.023333333333333334,2.0313536730517585e-06,0.035007771104574203,0.029170552218953767
powershell_benign_dataset,1689.ps1,0,2,0.014346149822237904,0.09666666666666666,1.1496105280987398e-07,0.24476267397403717,0.17071467032035192
powershell_benign_dataset,1690.ps1,0,4,0.4433274638976333,0.10333333333333333,7.17330177823294e-06,0.1074497252702713,0.10539152930180232
powershell_benign_dataset,1691.ps1,0,2,0.013056661618503556,0.013333333333333334,1.9314221533864288e-06,0.038867026567459106,0.02610017995039622
powershell_benign_dataset,1692.ps1,0,2,0.007631885830591642,0.13666666666666666,2.5837760915530858e-06,0.02245303802192211,0.07955985234429439
powershell_benign_dataset,1693.ps1,0,0,0.06311365917290405,0.02,8.537835258435599e-06,0.039920203387737274,0.02996010169386864
powershell_benign_dataset,1694.ps1,0,0,0.04232529659873734,0.006666666666666667,8.626868664484644e-08,0.04545113816857338,0.026058902417620024
powershell_benign_dataset,1695.ps1,0,3,0.0016400473106782246,0.05333333333333334,8.968025685044704e-07,0.023824729025363922,0.03857903117934863
powershell_benign_dataset,1696.ps1,0,0,0.031057425498005692,0.0,3.5411118915572434e-08,0.05440257862210274,0.02720128931105137
powershell_benign_dataset,1697.ps1,0,2,0.0030540952370483043,0.0,5.0495796667170476e-08,0.0012576405424624681,0.0006288202712312341
powershell_benign_dataset,1698.ps1,0,0,0.012858414988555063,0.006666666666666667,1.832160536070656e-07,0.007304471917450428,0.006985569292058548
powershell_benign_dataset,1699.ps1,0,1,0.00743935613922832,0.0033333333333333335,9.359752657887226e-07,0.0015082856407389045,0.0024208094870361192
powershell_benign_dataset,17.ps1,0,3,0.005801020976542958,0.0033333333333333335,1.4013453287133596e-07,0.007689269725233316,0.005511301529283325
powershell_benign_dataset,1700.ps1,0,1,0.008473198052697245,0.006666666666666667,1.7110226594372445e-06,0.0011487971059978008,0.003907731886332234
powershell_benign_dataset,1701.ps1,0,3,0.009025832709198047,0.0033333333333333335,6.460277792257584e-08,0.0017903142143040895,0.0025618237738187118
powershell_benign_dataset,1702.ps1,0,4,0.00461829429191572,0.0033333333333333335,8.838776052592106e-09,0.001614527078345418,0.002473930205839376
powershell_benign_dataset,1703.ps1,0,2,0.00991425657945637,0.023333333333333334,4.231672856878314e-07,0.004561376292258501,0.013947354812795918
powershell_benign_dataset,1704.ps1,0,2,0.008841312657726532,0.0,6.0926796472307565e-09,0.004235700238496065,0.0021178501192480326
powershell_benign_dataset,1705.ps1,0,2,0.02385513160538367,0.03,0.00013888182900427575,0.006452053785324097,0.018226026892662048
powershell_benign_dataset,1706.ps1,0,3,0.007435591248065772,0.01,3.333802405564291e-07,0.014447425492107868,0.012223712746053935
powershell_benign_dataset,1707.ps1,0,4,0.01860226286878721,0.0,4.430432281880502e-06,0.005894012749195099,0.0029470063745975494
powershell_benign_dataset,1708.ps1,0,0,0.08284777030892577,0.0033333333333333335,2.0268207543334632e-06,0.027867253869771957,0.015600293601552646
powershell_benign_dataset,1709.ps1,0,4,0.10907684625267668,0.0033333333333333335,3.781862799339534e-06,0.0072316271252930164,0.005282480229313175
powershell_benign_dataset,171.ps1,0,3,0.06706821682378272,0.08666666666666667,1.1504011155347784e-06,0.21386928856372833,0.1502679776151975
powershell_benign_dataset,1710.ps1,0,2,0.02807484090096569,0.0,1.5011140241308718e-08,0.0037255240604281425,0.0018627620302140713
powershell_benign_dataset,1711.ps1,0,4,0.1424831959592429,0.013333333333333334,1.988690072225984e-07,0.0122480234131217,0.012790678373227518
powershell_benign_dataset,1712.ps1,0,3,0.017188575535946847,0.0,2.633365229204902e-08,0.004628355614840984,0.002314177807420492
powershell_benign_dataset,1713.ps1,0,3,0.026702902871194197,0.006666666666666667,2.2466872559091027e-07,0.004660667851567268,0.005663667259116968
powershell_benign_dataset,1714.ps1,0,3,0.01674382371784047,0.0,3.341582848620196e-08,0.004679210018366575,0.0023396050091832876
powershell_benign_dataset,1715.ps1,0,2,0.013289922586693837,0.0,9.326441667126254e-08,0.004379088059067726,0.002189544029533863
powershell_benign_dataset,1716.ps1,0,1,0.0034095532266716693,0.0,1.1910306937064543e-08,0.0036077643744647503,0.0018038821872323751
powershell_benign_dataset,1717.ps1,0,0,0.01239562150016536,0.0033333333333333335,6.295018370213598e-08,0.021577751263976097,0.012455542298654716
powershell_benign_dataset,1718.ps1,0,1,0.030952915279685012,0.0,1.8989305713330195e-06,0.006998468190431595,0.0034992340952157974
powershell_benign_dataset,1719.ps1,0,2,0.040810500675913845,0.0033333333333333335,5.6046045804057e-07,0.0030271527357399464,0.00318024303453664
powershell_benign_dataset,172.ps1,0,0,0.14324804514994965,0.0033333333333333335,2.597560673689678e-08,0.2691287696361542,0.13623105148474376
powershell_benign_dataset,1720.ps1,0,4,0.013232516194116924,0.0,7.380260389406483e-08,0.004501613788306713,0.0022508068941533566
powershell_benign_dataset,1721.ps1,0,0,0.19710536654258806,0.01,1.4426603244157156e-06,0.023024432361125946,0.016512216180562974
powershell_benign_dataset,1722.ps1,0,0,0.07960729549601493,0.08333333333333333,6.100776550741845e-05,0.018121853470802307,0.05072759340206782
powershell_benign_dataset,1724.ps1,0,2,0.013412693544958495,0.0,7.840224204976044e-08,0.005141410976648331,0.0025707054883241653
powershell_benign_dataset,1725.ps1,0,3,0.01799945032938764,0.0,3.1914590583321964e-08,0.0051846737042069435,0.0025923368521034718
powershell_benign_dataset,1726.ps1,0,0,0.02615350929166321,0.0,1.1071189822325608e-07,0.01862821727991104,0.00931410863995552
powershell_benign_dataset,1727.ps1,0,1,0.19189709700888571,0.006666666666666667,2.5966311514602086e-07,0.006924910936504602,0.006795788801585635
powershell_benign_dataset,1728.ps1,0,0,0.010750694108531115,0.006666666666666667,1.6155305179889862e-07,0.04804345592856407,0.02735506129761537
powershell_benign_dataset,1729.ps1,0,0,0.008624655145179697,0.0033333333333333335,2.2808522673535723e-07,0.016129270195961,0.009731301764647166
powershell_benign_dataset,173.ps1,0,3,0.5484663319579794,0.16333333333333333,4.5950259214870237e-05,0.021022450178861618,0.09217789175609747
powershell_benign_dataset,1730.ps1,0,2,0.0404920891923094,0.0,1.7724984866927147e-08,0.0035354660358279943,0.0017677330179139972
powershell_benign_dataset,1731.ps1,0,1,0.1694087586325995,0.01,4.457400146071114e-07,0.007898827083408833,0.008949413541704417
powershell_benign_dataset,1732.ps1,0,1,0.02122741366724047,0.0,3.473025148972982e-08,0.003752967109903693,0.0018764835549518466
powershell_benign_dataset,1733.ps1,0,1,0.035568609715269615,0.0,3.199535234877561e-08,0.0018734827172011137,0.0009367413586005569
powershell_benign_dataset,1734.ps1,0,3,0.0031903811057028145,0.01,3.566037336607169e-07,0.07359287142753601,0.041796435713768
powershell_benign_dataset,1735.ps1,0,3,0.5762720599407324,0.16,4.0309860142355666e-05,0.11066866666078568,0.13533433333039285
powershell_benign_dataset,1736.ps1,0,0,0.0006821870534749441,0.06,4.2990978640957795e-07,0.01940951682627201,0.039704758413136004
powershell_benign_dataset,1737.ps1,0,4,0.022859666454562055,0.0,1.9203654244737703e-08,0.002229507314041257,0.0011147536570206285
powershell_benign_dataset,1738.ps1,0,2,0.011381282860200612,0.0033333333333333335,3.1170398768592323e-07,0.003674900159239769,0.0035041167462865515
powershell_benign_dataset,1739.ps1,0,3,0.01731918428088901,0.006666666666666667,2.5163219888515727e-06,0.005931609310209751,0.0062991379884382095
powershell_benign_dataset,174.ps1,0,2,0.010664619419072046,0.08666666666666667,9.167023634159539e-07,0.01226873230189085,0.04946769948427876
powershell_benign_dataset,1740.ps1,0,4,0.013462240759586446,0.0,7.2319175189708216e-09,0.010807931423187256,0.005403965711593628
powershell_benign_dataset,1741.ps1,0,3,0.013901745683194902,0.0,5.218993459762652e-08,0.003960302099585533,0.0019801510497927666
powershell_benign_dataset,1742.ps1,0,0,0.008181267824048386,0.0,3.4644228143878377e-09,0.016354113817214966,0.008177056908607483
powershell_benign_dataset,1743.ps1,0,4,0.012704270788968656,0.0,1.647404285713712e-08,0.003386064199730754,0.001693032099865377
powershell_benign_dataset,1744.ps1,0,1,0.012540529637288533,0.0,1.9469694165350036e-08,0.008440149948000908,0.004220074974000454
powershell_benign_dataset,1745.ps1,0,0,0.07057315796491187,0.07333333333333333,6.702816682332827e-08,0.03171432018280029,0.05252382675806681
powershell_benign_dataset,1746.ps1,0,4,0.0324387987971727,0.0033333333333333335,2.0743436984359586e-08,0.021395742893218994,0.012364538113276164
powershell_benign_dataset,1747.ps1,0,3,0.011940816551755655,0.0033333333333333335,5.584483939768562e-08,0.01430649682879448,0.008819915081063907
powershell_benign_dataset,1748.ps1,0,3,0.0019542989730138055,0.043333333333333335,3.71005923824518e-07,0.00930902361869812,0.026321178476015727
powershell_benign_dataset,1749.ps1,0,4,0.011332720358521182,0.0033333333333333335,1.344781907308068e-07,0.02207307331264019,0.012703203322986762
powershell_benign_dataset,175.ps1,0,0,0.02053619132738087,0.05333333333333334,7.91730626161093e-06,0.011628054082393646,0.032480693707863495
powershell_benign_dataset,1750.ps1,0,4,0.041519184072665825,0.0033333333333333335,5.380678986514774e-06,0.02163163386285305,0.012482483598093192
powershell_benign_dataset,1751.ps1,0,4,0.023437881420654793,0.013333333333333334,1.6939876381917804e-06,0.009841070510447025,0.01158720192189018
powershell_benign_dataset,1752.ps1,0,2,0.004820840238806361,0.01,1.3815560778778162e-08,0.017809826880693436,0.013904913440346719
powershell_benign_dataset,1754.ps1,0,0,0.04708064039789978,0.02,9.855993197963489e-08,0.030169755220413208,0.025084877610206606
powershell_benign_dataset,1755.ps1,0,1,0.1172059842842904,0.02666666666666667,1.5312447005567937e-06,0.01825382560491562,0.022460246135791145
powershell_benign_dataset,1756.ps1,0,3,0.008327620851195776,0.013333333333333334,1.5107404725593662e-08,0.0039731659926474094,0.008653249662990373
powershell_benign_dataset,1757.ps1,0,0,0.013031273259236092,0.0033333333333333335,2.218555404152306e-08,0.009989595040678978,0.006661464187006156
powershell_benign_dataset,1758.ps1,0,2,0.11525922683296431,0.08,0.0010870454810739877,0.06622783839702606,0.07311391919851304
powershell_benign_dataset,1759.ps1,0,2,0.6835564325683332,0.11666666666666667,0.00024916622764308016,0.03568866848945618,0.07617766757806142
powershell_benign_dataset,176.ps1,0,2,0.008622443738515024,0.016666666666666666,1.2427883520162621e-08,0.004702590871602297,0.010684628769134482
powershell_benign_dataset,1760.ps1,0,3,0.09046774785232564,0.06333333333333334,1.5452556546702678e-07,0.014361145906150341,0.03884723961974184
powershell_benign_dataset,1761.ps1,0,1,0.013752298685817971,0.016666666666666666,7.284562986441999e-08,0.009424717165529728,0.013045691916098197
powershell_benign_dataset,1762.ps1,0,2,0.025032843645291392,0.023333333333333334,3.340158581793939e-07,0.012266416102647781,0.017799874717990556
powershell_benign_dataset,1764.ps1,0,1,0.008957503282501854,0.013333333333333334,2.582370491376248e-08,0.007489012088626623,0.01041117271097998
powershell_benign_dataset,1765.ps1,0,4,3.464179166423933e-05,0.04666666666666667,8.904087668961018e-07,0.0020855851471424103,0.02437612590690454
powershell_benign_dataset,1766.ps1,0,3,0.006582545216224738,0.09,2.792398754382309e-06,0.0018225949024781585,0.04591129745123908
powershell_benign_dataset,1767.ps1,0,0,0.15019639556158493,0.26666666666666666,0.0001386002838663822,0.06473622471094131,0.165701445688804
powershell_benign_dataset,1768.ps1,0,1,0.00617339597572223,0.0,2.333110540556231e-09,0.0025985713582485914,0.0012992856791242957
powershell_benign_dataset,1769.ps1,0,1,0.010763326223288098,0.18,2.032291554411077e-05,0.006090408191084862,0.09304520409554243
powershell_benign_dataset,177.ps1,0,2,0.0063853776785727945,0.01,2.969123845769562e-07,0.01835062727332115,0.014175313636660577
powershell_benign_dataset,1770.ps1,0,1,0.013483521876953557,0.06333333333333334,4.951048811205062e-07,0.003975098952651024,0.03365421614299218
powershell_benign_dataset,1771.ps1,0,0,0.013144719557216921,0.02,1.8601525136594384e-08,0.01619047112762928,0.018095235563814642
powershell_benign_dataset,1772.ps1,0,1,0.04871360506156202,0.0,1.3973145064311318e-09,0.006774456240236759,0.0033872281201183796
powershell_benign_dataset,1773.ps1,0,0,0.016369584823211266,0.0,2.7651640491975563e-09,0.03114965185523033,0.015574825927615166
powershell_benign_dataset,1774.ps1,0,4,0.17507931814221797,0.1,3.357456309143749e-07,0.0038888852577656507,0.05194444262888283
powershell_benign_dataset,1775.ps1,0,3,0.0030182759762910866,0.0,1.133940904577581e-08,0.0052333553321659565,0.0026166776660829782
powershell_benign_dataset,1776.ps1,0,4,0.04404030734600095,0.01,2.8197714244158098e-08,0.011677519418299198,0.0108387597091496
powershell_benign_dataset,1777.ps1,0,4,0.004536193723978085,0.023333333333333334,6.825817346554294e-07,0.004578773397952318,0.013956053365642826
powershell_benign_dataset,1778.ps1,0,0,0.0024142687599855296,0.02,4.4295779450694295e-07,0.008805505000054836,0.014402752500027418
powershell_benign_dataset,1779.ps1,0,4,0.0012051038108726044,0.03,2.9977972910363784e-07,0.002137482864782214,0.016068741432391107
powershell_benign_dataset,178.ps1,0,4,0.012470218794626712,0.0,9.427883700383714e-07,0.00740019092336297,0.003700095461681485
powershell_benign_dataset,1780.ps1,0,4,0.0013767927261396807,0.02666666666666667,5.633598184181704e-07,0.002128666965290904,0.014397666815978786
powershell_benign_dataset,1781.ps1,0,2,0.0013996650648544799,0.0,8.663756108111087e-09,0.0037097581662237644,0.0018548790831118822
powershell_benign_dataset,1782.ps1,0,3,0.014057965629134873,0.043333333333333335,5.281911684788807e-07,0.0033305443357676268,0.02333193883455048
powershell_benign_dataset,1783.ps1,0,3,3.892246623313669e-06,0.0033333333333333335,2.2344915338563445e-08,0.0004291538498364389,0.0018812435915848862
powershell_benign_dataset,1784.ps1,0,4,0.015802798203191425,0.01,2.634026234159244e-08,0.0017860832158476114,0.005893041607923806
powershell_benign_dataset,1785.ps1,0,4,0.013599194074626992,0.0,1.4451311962845155e-08,0.004474372137337923,0.0022371860686689615
powershell_benign_dataset,1786.ps1,0,2,0.0023132846134217492,0.0,6.942157571185201e-08,0.0018787741428241134,0.0009393870714120567
powershell_benign_dataset,1787.ps1,0,1,0.006111265625197057,0.016666666666666666,9.099111946006782e-07,0.002793810563161969,0.009730238614914318
powershell_benign_dataset,1788.ps1,0,1,0.012773317401605748,0.0,1.93975508494836e-09,0.002889649709686637,0.0014448248548433185
powershell_benign_dataset,1789.ps1,0,2,0.0028656531563942276,0.03333333333333333,1.7900995614679548e-07,0.0007741919835098088,0.01705376265842157
powershell_benign_dataset,179.ps1,0,1,0.008646813379986193,0.023333333333333334,7.988491985516998e-06,0.0050525907427072525,0.014192962038020293
powershell_benign_dataset,1790.ps1,0,2,0.003272613647870637,0.0,1.4688441191896441e-08,0.001261092722415924,0.000630546361207962
powershell_benign_dataset,1791.ps1,0,3,0.006312122811465682,0.0,1.420446373104475e-07,0.0013803316978737712,0.0006901658489368856
powershell_benign_dataset,1792.ps1,0,4,0.004231207069340699,0.0033333333333333335,5.385471344985294e-09,0.003273323178291321,0.0033033282558123274
powershell_benign_dataset,1793.ps1,0,3,0.007794090982927247,0.0033333333333333335,8.649252612831258e-08,0.006694534793496132,0.005013934063414733
powershell_benign_dataset,1794.ps1,0,1,0.009166625860443993,0.0033333333333333335,1.9956915812485553e-09,0.003488515969365835,0.0034109246513495846
powershell_benign_dataset,1795.ps1,0,2,0.0026129145136999338,0.013333333333333334,3.8445922978635696e-08,0.001230620197020471,0.007281976765176903
powershell_benign_dataset,1796.ps1,0,4,0.0024556964850880186,0.0,1.69612231291275e-08,0.0009452884551137686,0.0004726442275568843
powershell_benign_dataset,1797.ps1,0,1,0.02257924427381258,0.01,2.4030036611295273e-08,0.002948882756754756,0.006474441378377378
powershell_benign_dataset,1798.ps1,0,4,0.015546492851545426,0.006666666666666667,1.368024183166818e-08,0.0032515223138034344,0.004959094490235051
powershell_benign_dataset,1799.ps1,0,3,0.01116319280626581,0.0033333333333333335,1.6994582064614132e-08,0.002313153352588415,0.0028232433429608746
powershell_benign_dataset,18.ps1,0,4,0.0035924615831440954,0.11,9.144285797617951e-08,0.002268427051603794,0.0561342135258019
powershell_benign_dataset,180.ps1,0,3,0.03666749110250783,0.06666666666666667,8.339494244465876e-07,0.015146090649068356,0.04090637865786751
powershell_benign_dataset,1800.ps1,0,4,0.0010031851258885133,0.0033333333333333335,4.3331566032598514e-08,0.0015232372097671032,0.0024282852715502186
powershell_benign_dataset,1801.ps1,0,1,0.08990072983360992,0.17,0.00021781477389028948,0.005695382598787546,0.08784769129939378
powershell_benign_dataset,1802.ps1,0,3,0.002112542704113084,0.0033333333333333335,4.5444879173872e-09,0.004474548622965813,0.0039039409781495733
powershell_benign_dataset,1803.ps1,0,1,0.004011651099725507,0.0,2.7371806763987745e-09,0.0012406589230522513,0.0006203294615261257
powershell_benign_dataset,1804.ps1,0,3,0.004025286006469014,0.0,1.549684687800805e-08,0.001201660605147481,0.0006008303025737405
powershell_benign_dataset,1805.ps1,0,1,0.009444172702010529,0.0033333333333333335,3.667515177390209e-09,0.0018585462821647525,0.0025959398077490432
powershell_benign_dataset,1806.ps1,0,2,0.00045811062627609865,0.0033333333333333335,6.141440571933069e-09,0.0014069444732740521,0.002370138903303693
powershell_benign_dataset,1807.ps1,0,3,0.025351592231317572,0.016666666666666666,1.3428022804310865e-08,0.002323180204257369,0.009494923435462018
powershell_benign_dataset,1808.ps1,0,1,0.003220289207829444,0.0033333333333333335,1.0515326480806796e-09,0.0034813324455171824,0.003407332889425258
powershell_benign_dataset,1809.ps1,0,1,0.019436976152854817,0.006666666666666667,1.572759120445307e-08,0.0018892221851274371,0.0042779444258970525
powershell_benign_dataset,181.ps1,0,2,0.3984646415913351,0.18333333333333332,0.00011733825935609005,0.3548731505870819,0.26910324196020763
powershell_benign_dataset,1810.ps1,0,0,0.003024282825637312,0.006666666666666667,2.158450647563319e-09,0.0035903274547308683,0.005128497060698768
powershell_benign_dataset,1811.ps1,0,4,0.004616847245236275,0.03333333333333333,9.237230814086897e-08,0.004118648823350668,0.018725991078342
powershell_benign_dataset,1812.ps1,0,1,0.004373610457140007,0.006666666666666667,5.1216284869552256e-08,0.0013249990297481418,0.003995832848207405
powershell_benign_dataset,1813.ps1,0,4,0.0061647378536401785,0.0,3.7618091730143644e-07,0.002669449197128415,0.0013347245985642076
powershell_benign_dataset,1814.ps1,0,3,0.0023709628461792745,0.0033333333333333335,2.6268228766695833e-08,0.0014139950508251786,0.0023736641920792563
powershell_benign_dataset,1815.ps1,0,1,0.02264621861834814,0.5,0.0007191163911389822,0.011051925830543041,0.2555259629152715
powershell_benign_dataset,1816.ps1,0,0,0.0078120024105611365,0.0033333333333333335,3.749775223465531e-08,0.033081263303756714,0.018207298318545024
powershell_benign_dataset,1817.ps1,0,2,0.03969391453644137,0.0033333333333333335,2.5407629182606534e-09,0.003423113841563463,0.0033782235874483986
powershell_benign_dataset,1818.ps1,0,2,0.00640263625064194,0.0033333333333333335,2.7342867420787684e-08,0.001107507268898189,0.0022204203011157615
powershell_benign_dataset,1819.ps1,0,0,0.024940046911300646,0.14333333333333334,6.077080144829867e-06,0.006518916226923466,0.0749261247801284
powershell_benign_dataset,182.ps1,0,1,0.013972239317690375,0.0033333333333333335,3.7294743889682335e-09,0.003315241541713476,0.003324287437523405
powershell_benign_dataset,1820.ps1,0,4,0.005848051423448649,0.0033333333333333335,6.999211086907622e-08,0.00427568843588233,0.003804510884607832
powershell_benign_dataset,1821.ps1,0,4,0.012666245887602713,0.0033333333333333335,1.0481254471810225e-07,0.011375579051673412,0.007354456192503373
powershell_benign_dataset,1822.ps1,0,1,0.004371410593269042,0.0,1.817971212669898e-08,0.0016951694851741195,0.0008475847425870597
powershell_benign_dataset,1823.ps1,0,0,0.00786872279299043,0.03666666666666667,7.149549767136703e-08,0.007890923880040646,0.022278795273353656
powershell_benign_dataset,1824.ps1,0,3,0.0006037292038107846,0.0033333333333333335,1.0651548731072193e-08,0.0036392274778336287,0.0034862804055834813
powershell_benign_dataset,1825.ps1,0,3,0.002986169533864936,0.01,1.406457885192754e-07,0.003412736812606454,0.006706368406303227
powershell_benign_dataset,1826.ps1,0,0,0.0167867479442985,0.09666666666666666,2.1944494046278295e-07,0.008590646088123322,0.05262865637739499
powershell_benign_dataset,1827.ps1,0,0,0.003097958427569001,0.0033333333333333335,2.7387420145620813e-08,0.010745016857981682,0.007039175095657508
powershell_benign_dataset,1828.ps1,0,1,0.0021827086274012787,0.0033333333333333335,6.653716988236874e-08,0.0022012176923453808,0.0027672755128393574
powershell_benign_dataset,1829.ps1,0,1,0.0012929895067001415,0.006666666666666667,3.6073363679039767e-09,0.0021152182016521692,0.004390942434159419
powershell_benign_dataset,183.ps1,0,1,0.016063478047276376,0.0,1.4068592552684885e-09,0.00307857315056026,0.00153928657528013
powershell_benign_dataset,1830.ps1,0,1,0.00486996684430037,0.006666666666666667,2.9170303505036347e-08,0.00283959717489779,0.004753131920782229
powershell_benign_dataset,1831.ps1,0,0,0.02006806162182199,0.0,3.667183914951299e-08,0.01402916107326746,0.00701458053663373
powershell_benign_dataset,1832.ps1,0,2,0.003977079049449855,0.023333333333333334,4.527278450652248e-08,0.0023009725846350193,0.012817152958984177
powershell_benign_dataset,1833.ps1,0,3,0.00473308224170564,0.02666666666666667,1.7238224287154152e-07,0.0013567513087764382,0.014011708987721553
powershell_benign_dataset,1834.ps1,0,4,0.012319948246181572,0.0,1.1774581417684278e-08,0.0012737511424347758,0.0006368755712173879
powershell_benign_dataset,1835.ps1,0,2,0.0010286858519191558,0.0,1.637354730791779e-08,0.0014337976463139057,0.0007168988231569529
powershell_benign_dataset,1836.ps1,0,0,0.004367066473111529,0.0033333333333333335,5.578958126510611e-08,0.013443399220705032,0.008388366277019183
powershell_benign_dataset,1837.ps1,0,2,0.01652338615222178,0.0,8.02216473163622e-09,0.003115756204351783,0.0015578781021758914
powershell_benign_dataset,1838.ps1,0,1,0.000713283890463985,0.0,3.440640158372195e-08,0.0008418738725595176,0.0004209369362797588
powershell_benign_dataset,1839.ps1,0,1,5.187883068863215e-05,0.0,1.0123170313577207e-08,0.0038498917128890753,0.0019249458564445376
powershell_benign_dataset,184.ps1,0,4,0.026498172168514193,0.03,2.073877021023968e-06,0.014706680551171303,0.02235334027558565
powershell_benign_dataset,1840.ps1,0,1,0.01266433068903635,0.0033333333333333335,7.438417762265405e-09,0.0026874805334955454,0.0030104069334144397
powershell_benign_dataset,1841.ps1,0,3,0.0016041387361679631,0.0033333333333333335,6.8240023829953615e-09,0.00150857656262815,0.002420954947980742
powershell_benign_dataset,1842.ps1,0,2,0.00364375115809253,0.0,1.876423040378696e-08,0.0016237329691648483,0.0008118664845824242
powershell_benign_dataset,1843.ps1,0,4,0.0870964107945083,0.12666666666666668,1.5207822236192322e-06,0.11712656170129776,0.12189661418398222
powershell_benign_dataset,1844.ps1,0,0,0.010728251692854414,0.0033333333333333335,9.483801128129945e-09,0.008482920937240124,0.005908127135286729
powershell_benign_dataset,1845.ps1,0,2,0.003964089419036012,0.0,5.075221382225475e-09,0.0017343201907351613,0.0008671600953675807
powershell_benign_dataset,1846.ps1,0,1,0.007413147291539686,0.0,4.5383851979564364e-09,0.004762241616845131,0.0023811208084225655
powershell_benign_dataset,1847.ps1,0,4,0.009232106553138336,0.016666666666666666,1.119310875971e-08,0.002786691067740321,0.009726678867203494
powershell_benign_dataset,1848.ps1,0,2,0.002153437249289196,0.0,3.1912260891530915e-08,0.0010721852304413915,0.0005360926152206957
powershell_benign_dataset,1849.ps1,0,3,0.0028624954170057455,0.02,1.816305386153272e-06,0.0005927344900555909,0.010296367245027796
powershell_benign_dataset,185.ps1,0,2,0.22606043893334118,0.33666666666666667,0.0009678010100892478,0.043041110038757324,0.189853888352712
powershell_benign_dataset,1850.ps1,0,0,0.005299597010837432,0.0033333333333333335,9.358332442215162e-07,0.00504862517118454,0.004190979252258937
powershell_benign_dataset,1851.ps1,0,4,0.0032500380316586564,0.023333333333333334,8.821684758333551e-08,0.0011896244250237942,0.012261478879178564
powershell_benign_dataset,1852.ps1,0,0,0.004673214712179726,0.05333333333333334,3.562186929434708e-06,0.008754859678447247,0.03104409650589029
powershell_benign_dataset,1853.ps1,0,0,0.012282927082370249,0.01,8.870297216217045e-07,0.01395378727465868,0.011976893637329341
powershell_benign_dataset,1854.ps1,0,1,0.0011784215638341612,0.006666666666666667,2.755091730526074e-09,0.000841377885080874,0.0037540222758737705
powershell_benign_dataset,1855.ps1,0,2,0.00016775449193661676,0.0033333333333333335,5.5509164431701714e-08,0.001794537529349327,0.0025639354313413305
powershell_benign_dataset,1856.ps1,0,1,0.00368481185526092,0.0033333333333333335,5.6517248968046594e-08,0.0017438051290810108,0.0025385692312071724
powershell_benign_dataset,1857.ps1,0,3,0.026917578409458406,0.09333333333333334,2.3854042368844733e-06,0.0193098783493042,0.05632160584131877
powershell_benign_dataset,1858.ps1,0,2,0.002622209964911565,0.0,5.505043027497514e-08,0.005307752173393965,0.0026538760866969824
powershell_benign_dataset,1859.ps1,0,3,0.0010768020011644845,0.0,1.900002308818902e-08,0.00163884530775249,0.000819422653876245
powershell_benign_dataset,186.ps1,0,3,0.004682691507546051,0.15666666666666668,3.960093774017708e-06,0.006360357627272606,0.08151351214696964
powershell_benign_dataset,1860.ps1,0,1,0.028405266460944063,0.19,1.360115966341574e-05,0.0015231379074975848,0.0957615689537488
powershell_benign_dataset,1861.ps1,0,4,0.0016419497395692548,0.0033333333333333335,5.442394566784961e-09,0.0009892667876556516,0.0021613000604944928
powershell_benign_dataset,1862.ps1,0,0,0.022931543488754636,0.06333333333333334,2.1807188669372256e-05,0.005288979504257441,0.03431115641879539
powershell_benign_dataset,1863.ps1,0,4,0.05685513238620905,0.08,1.0040654769606313e-06,0.0014922538539394736,0.04074612692696974
powershell_benign_dataset,1864.ps1,0,0,0.05268529567514685,0.03,1.4935040158399879e-05,0.02727614901959896,0.02863807450979948
powershell_benign_dataset,1865.ps1,0,2,0.008725654086267333,0.0,2.1396431875839456e-08,0.002984838793054223,0.0014924193965271115
powershell_benign_dataset,1866.ps1,0,2,0.010723435508539292,0.02,3.6992953450986054e-09,0.0016153913456946611,0.01080769567284733
powershell_benign_dataset,1867.ps1,0,4,0.021246340622173548,0.0,1.0100799267387203e-08,0.01129133626818657,0.005645668134093285
powershell_benign_dataset,1868.ps1,0,4,0.0025092430718436855,0.013333333333333334,1.7488602120064972e-08,0.006449287757277489,0.009891310545305412
powershell_benign_dataset,1869.ps1,0,4,0.0042855485579986865,0.0,1.4511548658943687e-08,0.01847136579453945,0.009235682897269726
powershell_benign_dataset,187.ps1,0,4,0.01497594324874246,0.0033333333333333335,7.868680564714431e-07,0.009227557107806206,0.00628044522056977
powershell_benign_dataset,1870.ps1,0,4,0.010333842344130968,0.006666666666666667,2.4451907478531055e-07,0.0021105462219566107,0.004388606444311639
powershell_benign_dataset,1871.ps1,0,2,0.12999881180461198,0.12666666666666668,7.488738021668246e-07,0.07970228046178818,0.10318447356422743
powershell_benign_dataset,1872.ps1,0,3,0.03219418752433113,0.0,4.590165769603455e-09,0.0020426451228559017,0.0010213225614279509
powershell_benign_dataset,1873.ps1,0,0,0.01315960466501937,0.0,5.727413965372387e-08,0.027635524049401283,0.013817762024700642
powershell_benign_dataset,1874.ps1,0,1,0.0029290379964703296,0.0,3.059535249710879e-08,0.001167362672276795,0.0005836813361383975
powershell_benign_dataset,1875.ps1,0,1,0.008425770861878906,0.0,2.9705714013458066e-07,0.0030890251509845257,0.0015445125754922628
powershell_benign_dataset,1876.ps1,0,1,0.009181630919984803,0.0,5.058221482588836e-09,0.001514607691206038,0.000757303845603019
powershell_benign_dataset,1877.ps1,0,3,0.0879560503019875,0.006666666666666667,3.582568979161621e-06,0.004741237964481115,0.005703952315573892
powershell_benign_dataset,1878.ps1,0,4,0.009444651465580867,0.0033333333333333335,5.3352914370964644e-09,0.0021794703789055347,0.0027564018561194344
powershell_benign_dataset,1879.ps1,0,4,0.03800060366206416,0.03333333333333333,1.6968409303215317e-08,0.0063906642608344555,0.019861998797083894
powershell_benign_dataset,188.ps1,0,4,0.024433864334327107,0.006666666666666667,3.582615518725801e-07,0.005786878988146782,0.006226772827406725
powershell_benign_dataset,1880.ps1,0,4,0.022144592057045113,0.0,3.5133521711546537e-06,0.002922377083450556,0.001461188541725278
powershell_benign_dataset,1881.ps1,0,1,0.00791624022927257,0.0,7.006665999082929e-09,0.02384754829108715,0.011923774145543575
powershell_benign_dataset,1882.ps1,0,4,0.007633362087200653,0.0033333333333333335,7.597678906394888e-08,0.00905266311019659,0.006192998221764962
powershell_benign_dataset,1883.ps1,0,0,0.04242638618284267,0.06,2.3068186373058973e-06,0.013975541107356548,0.03698777055367827
powershell_benign_dataset,1884.ps1,0,2,0.001825877679696885,0.0033333333333333335,1.516821837465043e-08,0.0005747968680225313,0.0019540651006779326
powershell_benign_dataset,1885.ps1,0,1,0.10789170939246534,0.11,4.008804534700917e-06,0.0036868948955088854,0.05684344744775444
powershell_benign_dataset,1886.ps1,0,1,0.013529243130499758,0.0033333333333333335,3.0760341975732654e-08,0.003097329754382372,0.003215331543857853
powershell_benign_dataset,1887.ps1,0,3,0.006386895280981035,0.0,1.7784269999815443e-07,0.0015582978958263993,0.0007791489479131997
powershell_benign_dataset,1888.ps1,0,0,0.04147041695814949,0.013333333333333334,1.0592909039554102e-07,0.015081522054970264,0.0142074276941518
powershell_benign_dataset,1889.ps1,0,4,0.07419147887267752,0.06666666666666667,9.556000014598943e-06,0.014219490811228752,0.04044307873894771
powershell_benign_dataset,189.ps1,0,3,0.01293766584491336,0.0033333333333333335,7.882660580556368e-09,0.04808303341269493,0.025708183373014133
powershell_benign_dataset,1890.ps1,0,2,0.00848636191515796,0.0,1.6055349488049336e-08,0.0015760462265461683,0.0007880231132730842
powershell_benign_dataset,1891.ps1,0,1,0.002584828376462354,0.0033333333333333335,2.9179174787545317e-09,0.002233186038210988,0.002783259685772161
powershell_benign_dataset,1892.ps1,0,4,0.007814148187279176,0.0,4.8537459322861415e-08,0.0013945038663223386,0.0006972519331611693
powershell_benign_dataset,1893.ps1,0,1,0.005617546217985056,0.0033333333333333335,2.1431269487588678e-08,0.0037923906929790974,0.0035628620131562157
powershell_benign_dataset,1894.ps1,0,2,6.656342975528409e-05,0.0033333333333333335,5.3315389944843e-09,0.005997017491608858,0.004665175412471096
powershell_benign_dataset,1895.ps1,0,4,0.027750089867564123,0.08,4.7916668077736076e-08,0.002683646511286497,0.04134182325564325
powershell_benign_dataset,1896.ps1,0,4,0.07169082680836862,0.08333333333333333,2.0948884395302767e-06,0.0040014199912548065,0.04366737666229407
powershell_benign_dataset,1897.ps1,0,2,0.0029437713139432004,0.0033333333333333335,2.5725497759151555e-08,0.0022246227599680424,0.002778978046650688
powershell_benign_dataset,1898.ps1,0,1,0.010731903171103573,0.0,2.742494809651782e-09,0.002257034182548523,0.0011285170912742615
powershell_benign_dataset,1899.ps1,0,2,0.02775428149869057,0.043333333333333335,1.2858729718139084e-08,0.002944500418379903,0.02313891687585662
powershell_benign_dataset,19.ps1,0,0,0.0068066935726540725,0.02666666666666667,2.6923070925206336e-07,0.021952101960778236,0.024309384313722454
powershell_benign_dataset,190.ps1,0,1,0.025901673796703033,0.013333333333333334,3.067015129095234e-06,0.005646375007927418,0.009489854170630377
powershell_benign_dataset,1900.ps1,0,3,0.015378139653827587,0.09,9.44464248010353e-06,0.005079925991594791,0.047539962995797394
powershell_benign_dataset,1901.ps1,0,4,0.004795720731766778,0.0,3.5382624109472734e-08,0.00373628968372941,0.001868144841864705
powershell_benign_dataset,1902.ps1,0,3,0.011100140146265714,0.0,4.426321454246847e-07,0.0013092253357172012,0.0006546126678586006
powershell_benign_dataset,1903.ps1,0,4,0.05141764000592425,0.006666666666666667,1.190627263258362e-07,0.0055030230432748795,0.006084844854970774
powershell_benign_dataset,1904.ps1,0,3,0.00603164414311913,0.0033333333333333335,7.828971451914606e-09,0.003612398635596037,0.0034728659844646854
powershell_benign_dataset,1905.ps1,0,3,0.024986137129446032,0.0033333333333333335,1.3208470225898117e-06,0.0022953387815505266,0.0028143360574419303
powershell_benign_dataset,1906.ps1,0,0,0.02663326036946239,0.03,1.1444626498222099e-07,0.014203538186848164,0.02210176909342408
powershell_benign_dataset,1907.ps1,0,1,0.019069809336856487,0.013333333333333334,5.384418974188825e-09,0.004581588786095381,0.008957461059714358
powershell_benign_dataset,1908.ps1,0,0,0.016099871187586483,0.006666666666666667,8.068410664125725e-08,0.008507432416081429,0.007587049541374048
powershell_benign_dataset,1909.ps1,0,4,0.0015903511015034468,0.0,2.064454344606589e-08,0.0019167399732396007,0.0009583699866198003
powershell_benign_dataset,191.ps1,0,1,0.01458447572390068,0.006666666666666667,5.191291865231165e-08,0.005679871421307325,0.006173269043986997
powershell_benign_dataset,1910.ps1,0,1,0.9912682441334315,0.08333333333333333,3.4909228126498354e-08,0.004869330208748579,0.044101331771040954
powershell_benign_dataset,1911.ps1,0,4,0.003537784506211148,0.0,1.1795018195858516e-07,0.0033830355387181044,0.0016915177693590522
powershell_benign_dataset,1912.ps1,0,2,0.002042278940800965,0.06666666666666667,1.7307504351808947e-08,0.001208544010296464,0.033937605338481565
powershell_benign_dataset,1913.ps1,0,0,0.5175842191599954,0.10333333333333333,3.1722312185053963e-07,0.011285923421382904,0.05730962837735812
powershell_benign_dataset,1914.ps1,0,4,0.007829960653970207,0.0,3.02349717602111e-08,0.0024041759315878153,0.0012020879657939076
powershell_benign_dataset,1915.ps1,0,1,0.005136301454315836,0.006666666666666667,2.9373454776136703e-08,0.0027225203812122345,0.004694593523939451
powershell_benign_dataset,1916.ps1,0,2,0.001896858251895107,0.0,1.6687334004287578e-08,0.004820647649466991,0.0024103238247334957
powershell_benign_dataset,1917.ps1,0,1,0.00988539715087044,0.006666666666666667,6.3622607481286e-09,0.0037804797757416964,0.005223573221204182
powershell_benign_dataset,1918.ps1,0,4,0.21341371539026857,0.12,9.53711685070373e-06,0.015977350994944572,0.06798867549747228
powershell_benign_dataset,1919.ps1,0,0,0.04971447883933505,0.043333333333333335,1.2512706448647352e-07,0.009746270254254341,0.026539801793793838
powershell_benign_dataset,192.ps1,0,1,0.14797104828814955,0.02666666666666667,2.4698695030718003e-06,0.01653229258954525,0.02159947962810596
powershell_benign_dataset,1920.ps1,0,1,0.00730385493159004,0.0033333333333333335,2.4648982913145552e-08,0.0026975292712450027,0.0030154313022891684
powershell_benign_dataset,1921.ps1,0,4,0.010247924775941,0.0033333333333333335,2.5438743009427183e-08,0.024598393589258194,0.013965863461295764
powershell_benign_dataset,1922.ps1,0,3,0.006484969056380129,0.006666666666666667,9.740912726977476e-09,0.0025651459582149982,0.004615906312440833
powershell_benign_dataset,1923.ps1,0,2,0.0027679890817258403,0.0,8.43868211271463e-08,0.0009864926105365157,0.0004932463052682579
powershell_benign_dataset,1924.ps1,0,4,0.004110323746217757,0.0,4.083825523694885e-09,0.0010471276473253965,0.0005235638236626983
powershell_benign_dataset,1925.ps1,0,4,0.0036685177112499895,0.0033333333333333335,6.714806260942513e-09,0.00306573323905468,0.003199533286194007
powershell_benign_dataset,1926.ps1,0,1,0.01293437730869906,0.05,9.550185856492918e-08,0.0016467454843223095,0.025823372742161156
powershell_benign_dataset,1927.ps1,0,3,0.0032859990841947323,0.006666666666666667,3.047647246096478e-08,0.0010215041693300009,0.003844085417998334
powershell_benign_dataset,1928.ps1,0,4,0.003937852370440174,0.0,1.8729679721293692e-08,0.0030602379702031612,0.0015301189851015806
powershell_benign_dataset,1929.ps1,0,3,0.007048987988434836,0.0,1.499847000832727e-08,0.0029632935766130686,0.0014816467883065343
powershell_benign_dataset,193.ps1,0,0,0.004483602766907232,0.023333333333333334,1.9779292231894047e-07,0.13183483481407166,0.0775840840737025
powershell_benign_dataset,1930.ps1,0,3,0.010404745778107318,0.0,6.769433715692399e-08,0.0024523360189050436,0.0012261680094525218
powershell_benign_dataset,1931.ps1,0,1,0.01292401287971528,0.01,2.605800973211935e-07,0.0008683537016622722,0.005434176850831136
powershell_benign_dataset,1932.ps1,0,4,0.0007925603029200814,0.0033333333333333335,1.2678803661280037e-08,0.0034586540423333645,0.0033959936878333492
powershell_benign_dataset,1933.ps1,0,2,0.003853757439525184,0.0,8.390823236161935e-09,0.000635495234746486,0.000317747617373243
powershell_benign_dataset,1934.ps1,0,2,0.005009756083742704,0.0,5.20514002238872e-09,0.0020471769385039806,0.0010235884692519903
powershell_benign_dataset,1935.ps1,0,0,0.015336557857188453,0.06666666666666667,4.652124888238936e-08,0.009337262250483036,0.03800196445857485
powershell_benign_dataset,1936.ps1,0,0,0.005989862800067027,0.0033333333333333335,1.0891668392892695e-08,0.008335033431649208,0.005834183382491271
powershell_benign_dataset,1937.ps1,0,3,0.0025514874879129204,0.0,1.536854382785079e-08,0.0026172378566116095,0.0013086189283058047
powershell_benign_dataset,1938.ps1,0,1,0.002553810498469484,0.0,1.492041655404831e-08,0.00137609476223588,0.00068804738111794
powershell_benign_dataset,1939.ps1,0,2,0.004128514064754341,0.016666666666666666,1.0349062563604493e-07,0.0014276514993980527,0.00904715908303236
powershell_benign_dataset,194.ps1,0,4,0.009464480033789907,0.02,1.746106336768244e-06,0.008870894089341164,0.014435447044670582
powershell_benign_dataset,1940.ps1,0,4,0.011758487914568346,0.16666666666666666,4.741929067396537e-05,0.006655293051153421,0.08666097985891004
powershell_benign_dataset,1941.ps1,0,0,0.028819767178644044,0.02,7.981591491288527e-08,0.023035535588860512,0.021517767794430258
powershell_benign_dataset,1942.ps1,0,0,0.021034187496399133,0.16333333333333333,2.9198681867707117e-06,0.011554041877388954,0.08744368760536114
powershell_benign_dataset,1943.ps1,0,4,0.01791712815178928,0.01,1.2467922585267496e-08,0.006094159092754126,0.008047079546377064
powershell_benign_dataset,1944.ps1,0,0,0.00221851030802468,0.006666666666666667,2.0962025021987878e-08,0.00610292237251997,0.006384794519593319
powershell_benign_dataset,1945.ps1,0,0,0.02736212350087928,0.0,1.764753878276436e-07,0.00901844259351492,0.00450922129675746
powershell_benign_dataset,1946.ps1,0,4,0.004925278619480804,0.0,1.1307309614211347e-07,0.0035051354207098484,0.0017525677103549242
powershell_benign_dataset,1947.ps1,0,3,0.017063679582974136,0.0,1.7819282790001424e-07,0.0035612990614026785,0.0017806495307013392
powershell_benign_dataset,1948.ps1,0,3,0.14597703774900309,0.08333333333333333,0.0025789329304038507,0.00758740259334445,0.04546036796333889
powershell_benign_dataset,1949.ps1,0,4,0.008270513301047855,0.0,1.3466388557605656e-08,0.0031236766371876,0.0015618383185938
powershell_benign_dataset,195.ps1,0,0,0.009835691827209657,0.0,1.4961399227503486e-08,0.013715390115976334,0.006857695057988167
powershell_benign_dataset,1950.ps1,0,0,3.07037678842718e-05,0.08333333333333333,2.945426830645906e-05,0.027287352830171585,0.05531034308175246
powershell_benign_dataset,1951.ps1,0,0,0.024135123175521144,0.0033333333333333335,7.293747309403424e-09,0.026576844975352287,0.01495508915434281
powershell_benign_dataset,1952.ps1,0,0,0.006120872076392494,0.0,2.6091583974900646e-08,0.019275924190878868,0.009637962095439434
powershell_benign_dataset,1953.ps1,0,2,0.003111070868886384,0.0,6.702272381868327e-09,0.0036684914957731962,0.0018342457478865981
powershell_benign_dataset,1954.ps1,0,2,0.006830518017978926,0.006666666666666667,3.532849696337957e-08,0.00265170237980783,0.004659184523237249
powershell_benign_dataset,1955.ps1,0,3,0.0034202005769420163,0.013333333333333334,1.2248151596885108e-08,0.0028117222245782614,0.008072527778955799
powershell_benign_dataset,1956.ps1,0,0,0.02474389467615043,0.13666666666666666,6.915334690811922e-05,0.01771784946322441,0.07719225806494553
powershell_benign_dataset,1957.ps1,0,4,0.001684452311375119,0.0,4.064310731409212e-09,0.001181126688607037,0.0005905633443035185
powershell_benign_dataset,1958.ps1,0,1,0.008459156312578674,0.016666666666666666,3.62310064809082e-09,0.0022078182082623243,0.009437242437464495
powershell_benign_dataset,1959.ps1,0,2,0.004076615272809851,0.0,6.471539876828141e-09,0.002458652714267373,0.0012293263571336865
powershell_benign_dataset,196.ps1,0,4,0.03318731614183835,0.33,0.003977106848458924,0.14343684911727905,0.23671842455863953
powershell_benign_dataset,1960.ps1,0,2,0.007059757735440006,0.0033333333333333335,1.0742697756254826e-07,0.005170437972992659,0.004251885653162996
powershell_benign_dataset,1961.ps1,0,3,0.004397201585599243,0.0,2.24029899645825e-08,0.005205339286476374,0.002602669643238187
powershell_benign_dataset,1962.ps1,0,3,0.012520629246435384,0.043333333333333335,5.2318360431078575e-05,0.004102626815438271,0.023717980074385803
powershell_benign_dataset,1963.ps1,0,3,0.013483368272391123,0.006666666666666667,7.229864910658634e-08,0.0017464135307818651,0.0042065400987242665
powershell_benign_dataset,1964.ps1,0,4,0.0037853415075290602,0.0033333333333333335,5.988160571897276e-09,0.001645692391321063,0.0024895128623271985
powershell_benign_dataset,1965.ps1,0,3,0.01780849349587952,0.0,5.5646997897622186e-08,0.0016077866312116385,0.0008038933156058192
powershell_benign_dataset,1966.ps1,0,1,0.009580804979998706,0.013333333333333334,1.2933364353348214e-07,0.003781169420108199,0.008557251376720768
powershell_benign_dataset,1967.ps1,0,0,0.0020877583754768027,0.09666666666666666,7.2252518188847e-06,0.01365154329687357,0.05515910498177012
powershell_benign_dataset,1968.ps1,0,3,3.9872621959461466e-05,0.16333333333333333,4.466241740863633e-06,0.0029205475002527237,0.08312694041679303
powershell_benign_dataset,1969.ps1,0,3,0.011976057373616714,0.0,1.2645395090161163e-08,0.000872445700224489,0.0004362228501122445
powershell_benign_dataset,197.ps1,0,1,0.011982948230434788,0.04666666666666667,2.087120576804288e-05,0.010685699991881847,0.028676183329274258
powershell_benign_dataset,1970.ps1,0,0,0.012427806308486033,0.0033333333333333335,6.421624034509717e-08,0.00900267157703638,0.006168002455184857
powershell_benign_dataset,1971.ps1,0,1,0.011853659486365615,0.05,1.740610779873552e-07,0.0044468846172094345,0.02722344230860472
powershell_benign_dataset,1972.ps1,0,2,0.007225088449792757,0.0,2.5543798105167123e-07,0.003526987973600626,0.001763493986800313
powershell_benign_dataset,1973.ps1,0,4,0.030460248031875577,0.056666666666666664,2.2375091463595635e-06,0.005319204181432724,0.030992935424049694
powershell_benign_dataset,1974.ps1,0,2,0.0015318614775265001,0.0,1.3703067059943852e-08,0.0036319796927273273,0.0018159898463636637
powershell_benign_dataset,1975.ps1,0,0,0.032279593681470875,0.006666666666666667,5.676267786105077e-07,0.05416615679860115,0.03041641173263391
powershell_benign_dataset,1976.ps1,0,1,0.016995718075848234,0.023333333333333334,2.15613393824304e-06,0.0016513686859980226,0.012492351009665678
powershell_benign_dataset,1977.ps1,0,3,0.011006517147324252,0.0,1.6153311209201682e-08,0.006687318440526724,0.003343659220263362
powershell_benign_dataset,1978.ps1,0,2,0.00044255033663678854,0.0,4.860252182888255e-09,0.0005204725894145668,0.0002602362947072834
powershell_benign_dataset,1979.ps1,0,2,0.007636042087642984,0.0033333333333333335,7.700950460706511e-08,0.0021858112886548042,0.002759572310994069
powershell_benign_dataset,198.ps1,0,4,0.006318270673921954,0.0,6.608969871605907e-08,0.011485389433801174,0.005742694716900587
powershell_benign_dataset,1980.ps1,0,3,0.03597459022130508,0.10333333333333333,1.4348706248897092e-07,0.0036998384166508913,0.05351658587499211
powershell_benign_dataset,1981.ps1,0,4,0.008975372434999884,0.0,2.953588032780398e-08,0.0014689518138766289,0.0007344759069383144
powershell_benign_dataset,1982.ps1,0,1,0.008891345454492588,0.0033333333333333335,1.5055589270333623e-08,0.004313381388783455,0.0038233573610583944
powershell_benign_dataset,1983.ps1,0,3,0.003490343856652506,0.006666666666666667,7.364053707244324e-09,0.0017514718929305673,0.004209069279798618
powershell_benign_dataset,1984.ps1,0,0,0.008927595586331999,0.0,3.436689519716515e-08,0.020863769575953484,0.010431884787976742
powershell_benign_dataset,1985.ps1,0,0,0.015214637865086639,0.12,8.649784214185836e-06,0.008951451629400253,0.06447572581470012
powershell_benign_dataset,1986.ps1,0,3,0.032258908737993905,0.1,2.6781273263645e-07,0.005468164570629597,0.0527340822853148
powershell_benign_dataset,1987.ps1,0,1,0.0102318531784974,0.0,1.6612845965489345e-08,0.0008027247386053205,0.0004013623693026602
powershell_benign_dataset,1988.ps1,0,2,0.0027342043343826037,0.0,1.9296661203150575e-09,0.007227263413369656,0.003613631706684828
powershell_benign_dataset,1989.ps1,0,1,0.011985051619218808,0.0,1.2757888607005217e-08,0.0021373406052589417,0.0010686703026294708
powershell_benign_dataset,199.ps1,0,1,0.028820812790769906,0.016666666666666666,8.261935240751457e-08,0.00567225506529212,0.011169460865979393
powershell_benign_dataset,1990.ps1,0,2,0.0237323649294684,0.0033333333333333335,6.479963982050964e-08,0.003533607115969062,0.003433470224651198
powershell_benign_dataset,1991.ps1,0,1,0.010395372702049863,0.02,2.8158000082548375e-07,0.004055853467434645,0.012027926733717323
powershell_benign_dataset,1992.ps1,0,3,0.000662424016592665,0.0,1.7876069068651676e-08,0.0020010981243103743,0.0010005490621551871
powershell_benign_dataset,1993.ps1,0,2,0.05591685381400377,0.11666666666666667,2.0270810188680815e-07,0.007458800915628672,0.06206273379114767
powershell_benign_dataset,1994.ps1,0,1,0.004345495852355189,0.016666666666666666,7.819526580087159e-08,0.0031005237251520157,0.009883595195909341
powershell_benign_dataset,1995.ps1,0,2,0.006141791599085896,0.12,6.4764291216125975e-06,0.0012274764012545347,0.060613738200627265
powershell_benign_dataset,1996.ps1,0,1,0.03197204065103205,0.0,4.03610282208593e-08,0.00840088538825512,0.00420044269412756
powershell_benign_dataset,1997.ps1,0,1,0.005758992505582874,0.0,1.8632371188864783e-09,0.004981419071555138,0.002490709535777569
powershell_benign_dataset,1998.ps1,0,0,0.15020616923062938,0.14666666666666667,8.821868671440413e-05,0.15541093051433563,0.15103879859050115
powershell_benign_dataset,1999.ps1,0,1,0.013529556875904335,0.013333333333333334,5.944006351143035e-08,0.004471945110708475,0.008902639222020906
powershell_benign_dataset,2.ps1,0,4,0.0004244373390217554,0.11,5.136889571535161e-08,0.01473049633204937,0.062365248166024685
powershell_benign_dataset,20.ps1,0,1,0.11528502754700087,0.043333333333333335,5.703006384147722e-07,0.006445894483476877,0.024889613908405106
powershell_benign_dataset,200.ps1,0,0,0.02602368789067319,0.02,3.323408632845989e-08,0.020321566611528397,0.0201607833057642
powershell_benign_dataset,2000.ps1,0,3,0.051214004469166075,0.05,2.0616684549059464e-07,0.006021070294082165,0.028010535147041084
powershell_benign_dataset,2001.ps1,0,2,0.04838219372722746,0.12,0.00015088907207281484,0.0026974908541888,0.0613487454270944
powershell_benign_dataset,2002.ps1,0,1,0.2691371623454448,0.11666666666666667,1.0837057909602655e-06,0.07634603977203369,0.09650635321935018
powershell_benign_dataset,2003.ps1,0,1,0.0009577335921608169,0.0,1.3124018521562997e-08,0.003389436984434724,0.001694718492217362
powershell_benign_dataset,2004.ps1,0,2,0.004904444187315344,0.0033333333333333335,2.92103644100825e-08,0.005557332653552294,0.004445332993442814
powershell_benign_dataset,2005.ps1,0,3,0.008150027431966418,0.0,8.125142216820485e-09,0.008338443003594875,0.004169221501797438
powershell_benign_dataset,2006.ps1,0,0,0.06972222697815195,0.14333333333333334,5.7073851489279585e-05,0.019873378798365593,0.08160335606584947
powershell_benign_dataset,2007.ps1,0,1,0.0025514518275886935,0.006666666666666667,2.4925608773722486e-07,0.011540338397026062,0.009103502531846365
powershell_benign_dataset,2008.ps1,0,4,0.002967095155924108,0.013333333333333334,1.196803634074272e-05,0.002047537360340357,0.0076904353468368455
powershell_benign_dataset,2009.ps1,0,4,0.03068519655258942,0.0033333333333333335,2.300369621851278e-08,0.007673953659832478,0.005503643496582906
powershell_benign_dataset,201.ps1,0,2,0.009055932147329923,0.0,9.664247778679027e-08,0.004937191028147936,0.002468595514073968
powershell_benign_dataset,2010.ps1,0,3,0.019439472388095635,0.0,9.694700797177234e-09,0.013346009887754917,0.006673004943877459
powershell_benign_dataset,2011.ps1,0,1,0.03802200259651111,0.0,2.125636986073572e-08,0.02418263629078865,0.012091318145394325
powershell_benign_dataset,2012.ps1,0,2,0.07859294075111453,0.006666666666666667,1.264172041340132e-07,0.005340251140296459,0.006003458903481564
powershell_benign_dataset,2013.ps1,0,3,0.05434099135074197,0.0033333333333333335,2.188364431715783e-07,0.006650868337601423,0.004992100835467379
powershell_benign_dataset,2014.ps1,0,1,0.060837504202566346,0.0033333333333333335,4.773705170616256e-08,0.009935091249644756,0.006634212291489045
powershell_benign_dataset,2015.ps1,0,4,0.009248281143086847,0.0,2.9393219494160045e-08,0.005932075437158346,0.002966037718579173
powershell_benign_dataset,2016.ps1,0,0,0.0696996091936498,0.01,6.739952928780452e-08,0.03689140826463699,0.023445704132318498
powershell_benign_dataset,2017.ps1,0,4,0.013899433022571852,0.01,1.324848263111781e-07,0.0025409585796296597,0.00627047928981483
powershell_benign_dataset,2018.ps1,0,3,0.0017377213543264603,0.0033333333333333335,1.0544829824783112e-07,0.001687554526142776,0.002510443929738055
powershell_benign_dataset,2019.ps1,0,2,0.011921996643781643,0.0033333333333333335,9.57686181407583e-09,0.002257876330986619,0.0027956048321599765
powershell_benign_dataset,202.ps1,0,4,0.00020844788450681063,0.0033333333333333335,6.641585554558924e-09,0.011361783370375633,0.007347558351854484
powershell_benign_dataset,2020.ps1,0,2,0.0005807260589581833,0.0033333333333333335,3.517746072076517e-08,0.001782802166417241,0.0025580677498752875
powershell_benign_dataset,2021.ps1,0,2,0.005859334777908365,0.006666666666666667,1.9520194571882564e-08,0.0007221096893772483,0.0036943881780219577
powershell_benign_dataset,2022.ps1,0,3,0.033837073555273364,0.0033333333333333335,1.736269767283477e-07,0.007490972522646189,0.005412152927989761
powershell_benign_dataset,2023.ps1,0,1,0.0330805553882515,0.04666666666666667,1.1046574183115433e-07,0.010800684802234173,0.02873367573445042
powershell_benign_dataset,2024.ps1,0,4,0.02654765623605767,0.0033333333333333335,2.0028687259471212e-08,0.006460187025368214,0.004896760179350774
powershell_benign_dataset,2025.ps1,0,4,0.008693031444391049,0.0,5.7197034926667124e-08,0.0031893085688352585,0.0015946542844176292
powershell_benign_dataset,2026.ps1,0,1,0.008198976511482268,0.0033333333333333335,1.8451050892485506e-08,0.010305941104888916,0.006819637219111125
powershell_benign_dataset,2027.ps1,0,4,0.0030881265920023803,0.0,9.916139822225178e-09,0.0056496234610676765,0.0028248117305338383
powershell_benign_dataset,2028.ps1,0,4,0.013796760763147871,0.10333333333333333,2.4289608386896407e-05,0.0014429367147386074,0.05238813502403597
powershell_benign_dataset,2029.ps1,0,0,0.01747787998045822,0.0,4.1362408971306605e-08,0.008934592828154564,0.004467296414077282
powershell_benign_dataset,203.ps1,0,4,0.018662555813875742,0.0,1.8431805682013141e-06,0.013893530704081059,0.006946765352040529
powershell_benign_dataset,2030.ps1,0,2,0.0056748296033022425,0.016666666666666666,1.341740088058374e-07,0.0018353298073634505,0.009250998237015058
powershell_benign_dataset,2031.ps1,0,2,0.0051754681173385,0.016666666666666666,2.3075158427917978e-07,0.0016506024403497577,0.009158634553508212
powershell_benign_dataset,2032.ps1,0,2,0.011493567491676775,0.0,5.048916527346973e-09,0.0015824007568880916,0.0007912003784440458
powershell_benign_dataset,2033.ps1,0,4,0.01080065795481907,0.03,1.049298270513366e-07,0.002211307641118765,0.016105653820559382
powershell_benign_dataset,2034.ps1,0,2,0.9891636877074265,0.29,0.02080283623963765,0.0032478277571499348,0.14662391387857496
powershell_benign_dataset,2035.ps1,0,4,0.007514108610635739,0.0,7.905793464549386e-08,0.003558005904778838,0.001779002952389419
powershell_benign_dataset,2036.ps1,0,4,0.06647229372330438,0.04666666666666667,9.9338705560869e-07,0.0053812055848538876,0.026023936125760278
powershell_benign_dataset,2037.ps1,0,1,0.00015040883344514657,0.07,9.11297231831766e-06,0.005061868578195572,0.03753093428909779
powershell_benign_dataset,2038.ps1,0,4,0.05740326342433304,0.03,1.2321908531923412e-07,0.016499314457178116,0.023249657228589057
powershell_benign_dataset,2039.ps1,0,3,0.07924123070254709,0.02666666666666667,2.047523042736651e-06,0.005023763980716467,0.01584521532369157
powershell_benign_dataset,204.ps1,0,2,0.0051408503872666,0.0,5.094379440417742e-09,0.01333425473421812,0.00666712736710906
powershell_benign_dataset,2040.ps1,0,0,0.010203503218542643,0.0,1.746558548486822e-07,0.058775607496500015,0.029387803748250008
powershell_benign_dataset,2041.ps1,0,3,0.003823707074663156,0.0,4.993763023737726e-09,0.0017902060644701123,0.0008951030322350562
powershell_benign_dataset,2042.ps1,0,4,0.031828542388533915,0.05,7.370774921778714e-08,0.0020608981139957905,0.026030449056997897
powershell_benign_dataset,2043.ps1,0,3,0.03363200421469238,0.20666666666666667,0.00036439101322943094,0.012186914682388306,0.10942679067452749
powershell_benign_dataset,2044.ps1,0,0,0.155626428111795,0.056666666666666664,7.830560630694774e-06,0.024178622290492058,0.040422644478579364
powershell_benign_dataset,2045.ps1,0,3,0.0019195488402849394,0.006666666666666667,4.3763350709998864e-08,0.0016182090621441603,0.004142437864405414
powershell_benign_dataset,2046.ps1,0,3,0.009348133130381124,0.08666666666666667,2.4048115020922138e-06,0.008394548669457436,0.04753060766806205
powershell_benign_dataset,2047.ps1,0,2,0.020945813135549905,0.03666666666666667,8.449076318411052e-08,0.004149643704295158,0.020408155185480913
powershell_benign_dataset,2048.ps1,0,4,0.022958518706198097,0.0,4.682407835161311e-08,0.005260765086859465,0.0026303825434297323
powershell_benign_dataset,2049.ps1,0,4,0.01313703176532484,0.006666666666666667,1.86402255662509e-05,0.008904551155865192,0.00778560891126593
powershell_benign_dataset,205.ps1,0,2,0.02805137808282503,0.01,2.656575112083484e-07,0.006142032332718372,0.008071016166359187
powershell_benign_dataset,2050.ps1,0,4,0.025352323704647572,0.06666666666666667,6.395917647891712e-07,0.0040208641439676285,0.03534376540531715
powershell_benign_dataset,2051.ps1,0,4,0.013926487322689933,0.0,5.497292617975757e-07,0.009111548773944378,0.004555774386972189
powershell_benign_dataset,2052.ps1,0,0,0.0213893987834583,0.0033333333333333335,3.80190879646512e-07,0.02172185480594635,0.012527594069639842
powershell_benign_dataset,2053.ps1,0,3,0.002750669177458807,0.0,1.965015923137411e-08,0.0029348833486437798,0.0014674416743218899
powershell_benign_dataset,2054.ps1,0,0,0.004450047759811963,0.0033333333333333335,8.446023918518992e-08,0.005262764170765877,0.004298048752049605
powershell_benign_dataset,2055.ps1,0,2,0.0036924060136164275,0.0033333333333333335,1.963808271210295e-07,0.0007729384815320373,0.0020531359074326856
powershell_benign_dataset,2056.ps1,0,4,0.0036722010811775286,0.0033333333333333335,3.6670627662918817e-07,0.0009979844326153398,0.002165658882974337
powershell_benign_dataset,2057.ps1,0,2,0.005571670758999523,0.0033333333333333335,7.876865303127293e-08,0.0021021103020757437,0.002717721817704539
powershell_benign_dataset,2058.ps1,0,1,0.051446861215417715,0.06666666666666667,2.0407070059299525e-06,0.0010036199819296598,0.03383514332429816
powershell_benign_dataset,2059.ps1,0,2,0.008742006494289994,0.07666666666666666,6.557657382810182e-08,0.0020384949166327715,0.039352580791649716
powershell_benign_dataset,206.ps1,0,1,0.07264398955244368,0.0033333333333333335,1.2091141480731512e-08,0.004525342024862766,0.00392933767909805
powershell_benign_dataset,2060.ps1,0,0,0.030245602633101696,0.01,6.731614765440543e-09,0.0033373888581991196,0.00666869442909956
powershell_benign_dataset,2061.ps1,0,4,0.0073046507668030015,0.01,7.152324349040028e-09,0.0037950470577925444,0.006897523528896272
powershell_benign_dataset,2062.ps1,0,2,0.021452280076967957,0.0033333333333333335,1.4212220301344054e-07,0.0013751134974882007,0.0023542234154107673
powershell_benign_dataset,2063.ps1,0,4,0.013658823519425902,0.0033333333333333335,1.998907281908628e-07,0.002331789117306471,0.0028325612253199024
powershell_benign_dataset,2064.ps1,0,0,0.03303906107698343,0.006666666666666667,1.1682882865205075e-07,0.022841546684503555,0.014754106675585112
powershell_benign_dataset,2065.ps1,0,1,0.011729322611673271,0.05333333333333334,0.005329641722282481,0.015561447478830814,0.03444739040608208
powershell_benign_dataset,2066.ps1,0,3,0.0014429961776518427,0.0,4.043110565477986e-07,0.058750104159116745,0.029375052079558372
powershell_benign_dataset,2067.ps1,0,0,0.023994771136482893,0.02,9.18867411320877e-08,0.022543491795659065,0.021271745897829535
powershell_benign_dataset,2068.ps1,0,2,0.00039896738290077686,0.013333333333333334,1.1898367166409507e-07,0.001253723632544279,0.007293528482938807
powershell_benign_dataset,2069.ps1,0,4,0.0040542455955803755,0.01,1.7000207280649116e-07,0.0018638524925336242,0.005931926246266812
powershell_benign_dataset,207.ps1,0,2,0.0048239374720130965,0.10666666666666667,3.9137789972522787e-07,0.0024952685926109552,0.054580967629638814
powershell_benign_dataset,2070.ps1,0,2,0.007733325118447387,0.0033333333333333335,1.7061716706593514e-08,0.005753161385655403,0.0045432473594943686
powershell_benign_dataset,2071.ps1,0,3,6.288854913679482e-05,0.0033333333333333335,1.6011892810106913e-08,0.0012039474677294493,0.0022686404005313916
powershell_benign_dataset,2072.ps1,0,4,0.015094324535436672,0.06333333333333334,9.210748764967755e-06,0.005679009947925806,0.03450617164062957
powershell_benign_dataset,2073.ps1,0,1,0.016873665861765825,0.0,2.813742764627837e-09,0.0013178737135604024,0.0006589368567802012
powershell_benign_dataset,2074.ps1,0,1,0.0026323312691892277,0.0033333333333333335,2.8388358296871966e-09,0.0034685491118580103,0.003400941222595672
powershell_benign_dataset,2075.ps1,0,1,0.01880743220749735,0.013333333333333334,5.8065098794426334e-08,0.0036614607088267803,0.008497397021080058
powershell_benign_dataset,2076.ps1,0,4,0.0036050157010127917,0.05333333333333334,6.082631306693949e-06,0.009965126402676105,0.031649229868004725
powershell_benign_dataset,2077.ps1,0,3,0.0009400747186025564,0.08,9.401218736806088e-06,0.003040334675461054,0.04152016733773053
powershell_benign_dataset,2078.ps1,0,0,0.00283363982284418,0.07,3.826367320088374e-05,0.03181241452693939,0.0509062072634697
powershell_benign_dataset,2079.ps1,0,4,0.0016380766597047763,0.023333333333333334,8.291329906614142e-08,0.007528203539550304,0.01543076843644182
powershell_benign_dataset,208.ps1,0,1,0.030189784424821745,0.006666666666666667,2.3094639400857525e-06,0.01251294557005167,0.009589806118359169
powershell_benign_dataset,2080.ps1,0,3,0.010833280364181281,0.016666666666666666,2.3367804836474835e-07,0.0022289950866252184,0.009447830876645942
powershell_benign_dataset,2081.ps1,0,4,0.009985076874100643,0.0,3.013330834002828e-06,0.0014273938722908497,0.0007136969361454248
powershell_benign_dataset,2082.ps1,0,4,0.029800499593756587,0.05333333333333334,1.1060171708900054e-06,0.004171759821474552,0.028752546577403944
powershell_benign_dataset,2083.ps1,0,1,0.003314174751190277,0.03333333333333333,3.408358305608735e-08,0.004133320413529873,0.018733326873431603
powershell_benign_dataset,2084.ps1,0,0,0.031598048545232855,0.21666666666666667,1.1851296197866351e-05,0.029094958677887917,0.1228808126722773
powershell_benign_dataset,2085.ps1,0,0,0.0008604063941303096,0.04666666666666667,1.416389659048677e-06,0.011229387484490871,0.02894802707557877
powershell_benign_dataset,2086.ps1,0,0,0.0028245115670908717,0.023333333333333334,2.625795578101356e-07,0.012294242158532143,0.017813787745932737
powershell_benign_dataset,2087.ps1,0,3,0.03440958316973112,0.006666666666666667,1.3002799904283377e-07,0.0014646664494648576,0.004065666558065763
powershell_benign_dataset,2088.ps1,0,1,0.04199387638745423,0.006666666666666667,2.1113209934769946e-06,0.00543304393067956,0.006049855298673114
powershell_benign_dataset,2089.ps1,0,3,0.0032054061411594384,0.006666666666666667,1.6702078832886154e-07,0.006175769492983818,0.006421218079825243
powershell_benign_dataset,209.ps1,0,2,0.028197835246581926,0.0,9.438360972080238e-09,0.005240568891167641,0.0026202844455838203
powershell_benign_dataset,2090.ps1,0,1,0.0035310329476951076,0.05,2.792383532818624e-07,0.0014475210336968303,0.025723760516848417
powershell_benign_dataset,2091.ps1,0,0,0.0011758088391901553,0.08,4.1966767893664954e-06,0.00889913272112608,0.04444956636056304
powershell_benign_dataset,2092.ps1,0,1,0.01810417089245277,0.013333333333333334,1.2731020859362259e-07,0.007402173243463039,0.010367753288398188
powershell_benign_dataset,2093.ps1,0,1,0.06828280790589057,0.043333333333333335,2.880924801636437e-07,0.013196741230785847,0.02826503728205959
powershell_benign_dataset,2094.ps1,0,1,0.00016330299882099967,0.04,6.891977266893578e-07,0.001512127579189837,0.02075606378959492
powershell_benign_dataset,2095.ps1,0,3,0.0004245028227139176,0.0033333333333333335,1.0668958445026144e-07,0.0006660776562057436,0.0019997054947695388
powershell_benign_dataset,2096.ps1,0,2,5.597861054702257e-06,0.01,4.214200246538276e-08,0.0009627843392081559,0.005481392169604078
powershell_benign_dataset,2097.ps1,0,4,0.0010066033214166457,0.006666666666666667,1.1760740418078908e-07,0.0025725241284817457,0.004619595397574207
powershell_benign_dataset,2098.ps1,0,3,0.0037835919092226683,0.023333333333333334,1.1176262035643848e-07,0.002285062102600932,0.012809197717967133
powershell_benign_dataset,2099.ps1,0,3,0.0003972732195048935,0.02,2.314314209788201e-06,0.0012924764305353165,0.010646238215267658
powershell_benign_dataset,21.ps1,0,0,0.0016727241606552118,0.016666666666666666,1.0895173161271061e-07,0.0146884024143219,0.01567753454049428
powershell_benign_dataset,210.ps1,0,1,0.00978504863840007,0.0,6.1872494319941e-08,0.00737039465457201,0.003685197327286005
powershell_benign_dataset,2100.ps1,0,4,0.014447165621223735,0.08666666666666667,4.105149723816507e-08,0.005014324560761452,0.04584049561371406
powershell_benign_dataset,2101.ps1,0,4,0.006926412072979031,0.016666666666666666,1.4944897288534018e-06,0.0012981187319383025,0.008982392699302484
powershell_benign_dataset,2102.ps1,0,1,0.008523090731381865,0.0033333333333333335,1.5262253985460292e-08,0.003735301084816456,0.003534317209074895
powershell_benign_dataset,2103.ps1,0,0,0.12059794809291481,0.14666666666666667,4.8156069953772034e-06,0.030703475698828697,0.08868507118274768
powershell_benign_dataset,2104.ps1,0,1,0.04588049149129374,0.016666666666666666,3.0183639406009863e-07,0.006407818291336298,0.011537242479001482
powershell_benign_dataset,2105.ps1,0,4,0.01085380029190237,0.02,1.3614568412653775e-07,0.008010909892618656,0.014005454946309328
powershell_benign_dataset,2106.ps1,0,0,0.04198031873302423,0.07,2.260412921337905e-06,0.017234206199645996,0.043617103099823
powershell_benign_dataset,2107.ps1,0,3,0.007164634890553891,0.0,8.466327790349176e-09,0.0029189956840127707,0.0014594978420063853
powershell_benign_dataset,2108.ps1,0,2,0.1874933413348204,0.006666666666666667,4.99084479624965e-06,0.006342352833598852,0.00650450975013276
powershell_benign_dataset,2109.ps1,0,0,0.0009658178923663786,0.013333333333333334,4.214429305247325e-07,0.012857773341238499,0.013095553337285917
powershell_benign_dataset,211.ps1,0,0,0.013390658351375333,0.03333333333333333,8.077406819553443e-08,0.011905982159078121,0.022619657746205727
powershell_benign_dataset,2110.ps1,0,3,0.018370746756410088,0.02666666666666667,3.0098952874427264e-07,0.0018526536878198385,0.014259660177243253
powershell_benign_dataset,2111.ps1,0,0,0.003054332182380115,0.0,9.836177659028576e-08,0.021533017978072166,0.010766508989036083
powershell_benign_dataset,2112.ps1,0,1,0.001510213834444047,0.006666666666666667,1.912629240555529e-08,0.002505678916350007,0.0045861727915083375
powershell_benign_dataset,2113.ps1,0,2,0.007211500532926507,0.0,1.4032235229262482e-08,0.0017772719729691744,0.0008886359864845872
powershell_benign_dataset,2114.ps1,0,3,0.0008871444437145656,0.10333333333333333,7.991313932829145e-06,0.004675072617828846,0.05400420297558109
powershell_benign_dataset,2115.ps1,0,4,0.01685076815601599,0.01,1.3422410487812978e-07,0.002363764913752675,0.006181882456876338
powershell_benign_dataset,2116.ps1,0,0,0.00351213270406645,0.006666666666666667,1.620386644917896e-08,0.02112807147204876,0.013897369069357714
powershell_benign_dataset,2117.ps1,0,1,0.09719520547048355,0.07666666666666666,9.430372283369194e-06,0.0032080714590847492,0.039937369062875705
powershell_benign_dataset,2118.ps1,0,4,0.00870009840611135,0.08333333333333333,5.256761441907126e-06,0.009695222601294518,0.04651427796731392
powershell_benign_dataset,2119.ps1,0,3,0.0024925683439476903,0.02666666666666667,1.506315496729408e-07,0.0020457336213439703,0.01435620014400532
powershell_benign_dataset,212.ps1,0,1,0.014349190438612642,0.0,7.415548423556771e-09,0.008135464042425156,0.004067732021212578
powershell_benign_dataset,2120.ps1,0,1,0.003251475304948303,0.03666666666666667,6.46980795080523e-08,0.0037468960508704185,0.020206781358768543
powershell_benign_dataset,2121.ps1,0,4,0.0003147482423573601,0.02666666666666667,1.0900353543381242e-07,0.0010747674386948347,0.013870717052680752
powershell_benign_dataset,2122.ps1,0,4,0.013295122012170594,0.013333333333333334,6.431791466579328e-08,0.006025791633874178,0.009679562483603757
powershell_benign_dataset,2123.ps1,0,1,0.01034578422052022,0.0,1.9993546072137833e-08,0.0010864917421713471,0.0005432458710856736
powershell_benign_dataset,2124.ps1,0,4,0.016885158322906723,0.0,6.240122600893423e-09,0.0026261552702635527,0.0013130776351317763
powershell_benign_dataset,2125.ps1,0,3,0.0015695066009802532,0.01,3.871665433061043e-08,0.010562701150774956,0.010281350575387479
powershell_benign_dataset,2126.ps1,0,2,0.040315454783691966,0.01,1.2106261114247546e-08,0.0070395758375525475,0.008519787918776275
powershell_benign_dataset,2127.ps1,0,4,0.003501847777699812,0.04666666666666667,2.5277864829979667e-06,0.0071112606674432755,0.026888963667054972
powershell_benign_dataset,2128.ps1,0,4,0.0013429979804924083,0.06333333333333334,1.7285951813030702e-07,0.003310666186735034,0.033321999760034186
powershell_benign_dataset,2129.ps1,0,4,0.002467766225424965,0.01,1.0610266916008498e-07,0.006063252221792936,0.00803162611089647
powershell_benign_dataset,213.ps1,0,1,0.01111911143384869,0.016666666666666666,2.3376928822067913e-07,0.03538474440574646,0.02602570553620656
powershell_benign_dataset,2130.ps1,0,2,0.0019458062314483596,0.04,2.2872264340693523e-07,0.0004815535503439605,0.02024077677517198
powershell_benign_dataset,2131.ps1,0,4,0.038862731418447774,0.06666666666666667,1.1908715148205404e-06,0.005406443495303392,0.03603655508098503
powershell_benign_dataset,2132.ps1,0,3,0.09239449557899922,0.20333333333333334,5.667880784566338e-07,0.012432505376636982,0.10788291935498516
powershell_benign_dataset,2133.ps1,0,0,0.002950144821776273,0.016666666666666666,2.9265649532611136e-07,0.01361299678683281,0.015139831726749738
powershell_benign_dataset,2134.ps1,0,0,0.018861863678653657,0.03666666666666667,5.173368165681938e-07,0.03299662843346596,0.03483164755006631
powershell_benign_dataset,2135.ps1,0,4,0.021230960294529116,0.06333333333333334,4.1795254842902e-05,0.004546379204839468,0.0339398562690864
powershell_benign_dataset,2136.ps1,0,4,0.0189212469859873,0.03,4.868902985087328e-06,0.009364640340209007,0.019682320170104503
powershell_benign_dataset,2137.ps1,0,2,0.01668570957051577,0.14,0.0003751315450227972,0.00970798172056675,0.07485399086028338
powershell_benign_dataset,2138.ps1,0,3,0.0023855270438662424,0.03,9.860931687655911e-08,0.005124120507389307,0.017562060253694653
powershell_benign_dataset,2139.ps1,0,4,0.0018122759345399217,0.19,0.0002536210934003536,0.006865816190838814,0.09843290809541941
powershell_benign_dataset,214.ps1,0,1,0.1052901513822134,0.01,5.59928735706566e-06,0.011147566139698029,0.010573783069849015
powershell_benign_dataset,2140.ps1,0,4,0.020025996443423944,0.09,1.1727744025684708e-07,0.01893112249672413,0.05446556124836206
powershell_benign_dataset,2141.ps1,0,2,0.00019032144971929763,0.04,3.5281825749990337e-07,0.0018633930012583733,0.020931696500629187
powershell_benign_dataset,2142.ps1,0,2,0.08441553478515532,0.1,2.4676960194215172e-06,0.0071043954230844975,0.05355219771154225
powershell_benign_dataset,2143.ps1,0,0,0.003129088981949985,0.043333333333333335,3.330332139279845e-07,0.028919517993927002,0.03612642566363017
powershell_benign_dataset,2144.ps1,0,4,0.0058746842053570645,0.05333333333333334,8.01506986420152e-08,0.006637942511588335,0.029985637922460836
powershell_benign_dataset,2145.ps1,0,1,0.0016560146807119535,0.02666666666666667,1.9062821554068224e-07,0.002667069900780916,0.014666868283723792
powershell_benign_dataset,2146.ps1,0,3,0.0012255563636282291,0.02666666666666667,1.6290698158396394e-07,0.005340960342437029,0.01600381350455185
powershell_benign_dataset,2147.ps1,0,0,0.31645916468075413,0.29,0.002541240957228928,0.050410497933626175,0.17020524896681308
powershell_benign_dataset,2148.ps1,0,1,0.0034738158231179574,0.0,5.7435086086292976e-09,0.0020409594289958477,0.0010204797144979239
powershell_benign_dataset,2149.ps1,0,0,0.003177599913606926,0.043333333333333335,3.368626717010027e-07,0.0072623202577233315,0.025297826795528333
powershell_benign_dataset,215.ps1,0,0,0.08691885359414676,0.013333333333333334,3.0055244074953997e-07,0.07230360060930252,0.04281846697131793
powershell_benign_dataset,2150.ps1,0,1,0.1335602461664065,0.18,0.0001820811665117057,0.001498662051744759,0.09074933102587238
powershell_benign_dataset,2151.ps1,0,3,0.007301460725877392,0.013333333333333334,2.525270107484699e-07,0.02233392558991909,0.017833629461626213
powershell_benign_dataset,2152.ps1,0,2,0.0003597166276318151,0.0,4.21317793762615e-09,0.00547690549865365,0.002738452749326825
powershell_benign_dataset,2153.ps1,0,4,0.008775990761003575,0.023333333333333334,1.0221798586086255e-08,0.014475050382316113,0.01890419185782472
powershell_benign_dataset,2154.ps1,0,0,0.017005128166922897,0.03333333333333333,5.237764767343767e-07,0.04019514098763466,0.03676423716048399
powershell_benign_dataset,2155.ps1,0,2,0.009078185424937294,0.01,3.386759658591459e-08,0.003789977403357625,0.006894988701678813
powershell_benign_dataset,2156.ps1,0,0,0.012856076357896613,0.0,2.4937601943601953e-08,0.028741922229528427,0.014370961114764214
powershell_benign_dataset,2157.ps1,0,3,0.18346481390076447,0.06,4.998358093289616e-07,0.0052083623595535755,0.03260418117977679
powershell_benign_dataset,2158.ps1,0,1,0.00993387109279875,0.0,2.649748293637645e-06,0.001443802728317678,0.000721901364158839
powershell_benign_dataset,2159.ps1,0,0,0.08237853090378856,0.04,9.643300950240063e-06,0.07139807939529419,0.0556990396976471
powershell_benign_dataset,216.ps1,0,1,0.017584762643599473,0.03,2.6462099053510315e-07,0.0028593686874955893,0.016429684343747794
powershell_benign_dataset,2160.ps1,0,3,0.09772212298925187,0.09,3.4395935667936175e-05,0.0023307588417083025,0.04616537942085415
powershell_benign_dataset,2161.ps1,0,2,0.0049074570968096,0.02,4.6940171550750994e-08,0.015737220644950867,0.017868610322475435
powershell_benign_dataset,2162.ps1,0,0,0.027593429323424547,0.12333333333333334,7.025976142185595e-08,0.04625120386481285,0.0847922685990731
powershell_benign_dataset,2163.ps1,0,0,0.0277458493428666,0.12333333333333334,5.129029733038423e-08,0.0465574786067009,0.08494540597001712
powershell_benign_dataset,2164.ps1,0,4,0.05118058036301183,0.023333333333333334,5.853813866540006e-06,0.016168195754289627,0.01975076454381148
powershell_benign_dataset,2165.ps1,0,4,0.383298444211677,0.01,9.261100756921974e-06,0.01790340431034565,0.013951702155172826
powershell_benign_dataset,2166.ps1,0,2,0.004498338862607955,0.0,1.3593404459471642e-07,0.0011409546714276075,0.0005704773357138038
powershell_benign_dataset,2167.ps1,0,2,0.011471119985118359,0.0033333333333333335,1.1041141813009276e-08,0.0016328892670571804,0.002483111300195257
powershell_benign_dataset,2168.ps1,0,3,0.0176886948191755,0.0,1.766429724989918e-07,0.0011457479558885098,0.0005728739779442549
powershell_benign_dataset,2169.ps1,0,2,0.004416315180788902,0.0,6.886462793615872e-08,0.0012879119021818042,0.0006439559510909021
powershell_benign_dataset,217.ps1,0,1,0.004738522712839396,0.0,5.493227432880379e-09,0.004053271375596523,0.0020266356877982616
powershell_benign_dataset,2170.ps1,0,0,0.04612340368786427,0.16,0.0003555129780521517,0.006190361455082893,0.08309518072754145
powershell_benign_dataset,2171.ps1,0,4,0.02903831359496714,0.0,2.139083045085887e-08,0.0015799873508512974,0.0007899936754256487
powershell_benign_dataset,2172.ps1,0,0,0.10965548161635023,0.0033333333333333335,4.1278444417167085e-08,0.006405748426914215,0.0048695408801237745
powershell_benign_dataset,2173.ps1,0,3,0.10417702962709803,0.006666666666666667,4.800215331947304e-09,0.0033114261459559202,0.004989046406311294
powershell_benign_dataset,2174.ps1,0,0,7.15782026028713e-05,0.0033333333333333335,5.7699439292955745e-08,0.009362345561385155,0.006347839447359244
powershell_benign_dataset,2175.ps1,0,2,0.09965307057789564,0.07333333333333333,2.274746853420715e-07,0.0057044681161642075,0.03951890072474877
powershell_benign_dataset,2176.ps1,0,4,0.021652734729342166,0.0,3.929756791917107e-09,0.001954416511580348,0.000977208255790174
powershell_benign_dataset,2177.ps1,0,1,0.011866016725624361,0.0033333333333333335,1.0487287591062566e-08,0.0057345787063241005,0.004533956019828717
powershell_benign_dataset,2178.ps1,0,2,0.03668387606943223,0.04,3.935133076010057e-07,0.0018446609610691667,0.020922330480534584
powershell_benign_dataset,2179.ps1,0,1,0.26095724193652964,0.06666666666666667,2.1383111279703e-06,0.019879937171936035,0.04327330191930135
powershell_benign_dataset,218.ps1,0,0,0.015975490306120266,0.0,8.376706511970415e-09,0.020009681582450867,0.010004840791225433
powershell_benign_dataset,2180.ps1,0,2,0.03457327889584276,0.006666666666666667,1.3415966304336435e-07,0.0010422762716189027,0.003854471469142785
powershell_benign_dataset,2181.ps1,0,1,0.12000369269411233,0.09666666666666666,0.00018016491750452517,0.08695897459983826,0.09181282063325247
powershell_benign_dataset,2182.ps1,0,1,0.013881601447437433,0.0,6.180939889707582e-08,0.002257484244182706,0.001128742122091353
powershell_benign_dataset,2183.ps1,0,4,0.041159129222904184,0.0033333333333333335,6.462861274695136e-08,0.003177376464009285,0.0032553548986713095
powershell_benign_dataset,2184.ps1,0,4,0.042143130267824874,0.0033333333333333335,8.804786477481233e-08,0.0028669622261077166,0.0031001477797205253
powershell_benign_dataset,2185.ps1,0,1,0.015210861352218706,0.0,6.560684039017223e-08,0.0023175273090600967,0.0011587636545300484
powershell_benign_dataset,2186.ps1,0,0,0.055057341831045,0.03666666666666667,0.037084089660994385,0.0934588685631752,0.06506276761492094
powershell_benign_dataset,2187.ps1,0,2,0.005467876350973971,0.0,9.854352331071786e-07,0.0017448149155825377,0.0008724074577912688
powershell_benign_dataset,2188.ps1,0,2,0.014600221467457257,0.0033333333333333335,2.6398894532856562e-08,0.0024159958120435476,0.002874664572688441
powershell_benign_dataset,2189.ps1,0,2,0.010573420063343058,0.0033333333333333335,3.597510080103524e-07,0.0023254957050085068,0.0028294145191709204
powershell_benign_dataset,219.ps1,0,4,0.010347234174066702,0.0033333333333333335,1.3175139204852325e-07,0.004776095040142536,0.004054714186737935
powershell_benign_dataset,2190.ps1,0,0,0.03453608365925522,0.013333333333333334,5.606430747958428e-07,0.07219406962394714,0.04276370147864024
powershell_benign_dataset,2191.ps1,0,2,0.005957179560367084,0.056666666666666664,3.602249683136561e-07,0.001138332998380065,0.028902499832523364
powershell_benign_dataset,2192.ps1,0,4,0.013210456653051423,0.0033333333333333335,2.4139115132751684e-07,0.001912189880385995,0.0026227616068596644
powershell_benign_dataset,2193.ps1,0,4,0.012465296934426103,0.0,3.6657999396328985e-08,0.0022928144317120314,0.0011464072158560157
powershell_benign_dataset,2194.ps1,0,4,0.01100147197490235,0.0,4.1100198488017345e-08,0.001158753875643015,0.0005793769378215075
powershell_benign_dataset,2195.ps1,0,1,0.06518655861807053,0.04,3.171469705998514e-07,0.0049476828426122665,0.022473841421306134
powershell_benign_dataset,2196.ps1,0,1,0.03952219268183545,0.0033333333333333335,1.8101183762888088e-07,0.0061667910777032375,0.004750062205518286
powershell_benign_dataset,2197.ps1,0,1,0.020801918693566502,0.0,8.362628781861206e-09,0.0014846234116703272,0.0007423117058351636
powershell_benign_dataset,2198.ps1,0,2,0.015927589428661734,0.0,2.7102162626440316e-07,0.00331873819231987,0.001659369096159935
powershell_benign_dataset,2199.ps1,0,1,0.07451850986112785,0.11,7.102813204690282e-05,0.027909815311431885,0.06895490765571594
powershell_benign_dataset,22.ps1,0,0,0.06610981247501219,0.02,3.482271173641566e-07,0.01278267614543438,0.01639133807271719
powershell_benign_dataset,220.ps1,0,1,0.029327066202809636,0.013333333333333334,4.35291471183159e-09,0.009090778417885303,0.01121205587560932
powershell_benign_dataset,2200.ps1,0,3,0.02780168504316949,0.0,3.8824063401422773e-07,0.00109458202496171,0.000547291012480855
powershell_benign_dataset,2201.ps1,0,3,0.02193475013698305,0.0,1.5747756846083022e-09,0.0035416283644735813,0.0017708141822367907
powershell_benign_dataset,2202.ps1,0,3,0.03877714908258244,0.006666666666666667,1.5942115904504172e-06,0.001868675579316914,0.004267671122991791
powershell_benign_dataset,2203.ps1,0,2,0.012114432897946366,0.0,9.715516963500267e-07,0.0021730235312134027,0.0010865117656067014
powershell_benign_dataset,2204.ps1,0,0,0.01317394278958231,0.006666666666666667,1.5621482740218872e-07,0.007178373169153929,0.006922519917910298
powershell_benign_dataset,2205.ps1,0,3,0.049430714476281175,0.17,9.632231412844645e-06,0.0032042390666902065,0.08660211953334511
powershell_benign_dataset,2206.ps1,0,0,0.07306500047862878,0.0,2.705882389253621e-07,0.025331275537610054,0.012665637768805027
powershell_benign_dataset,2207.ps1,0,1,0.01484500986802452,0.0,4.2334201264594506e-08,0.0017348891124129295,0.0008674445562064648
powershell_benign_dataset,2208.ps1,0,4,0.019732467752015648,0.0,4.905772226138708e-09,0.0012087494833394885,0.0006043747416697443
powershell_benign_dataset,2209.ps1,0,0,0.012968410746651416,0.0,1.6395226114527955e-08,0.006694281008094549,0.0033471405040472746
powershell_benign_dataset,221.ps1,0,0,0.02103054324455184,0.013333333333333334,3.33794701388302e-07,0.022256333380937576,0.017794833357135456
powershell_benign_dataset,2210.ps1,0,2,0.00938760261451728,0.03666666666666667,1.9297677707371765e-07,0.010639041662216187,0.023652854164441427
powershell_benign_dataset,2211.ps1,0,3,0.031754847270936803,0.03,2.1594865033839865e-08,0.005078562069684267,0.017539281034842133
powershell_benign_dataset,2212.ps1,0,4,0.024253877420824896,0.0033333333333333335,7.345952619516654e-08,0.003367883153259754,0.003350608243296544
powershell_benign_dataset,2213.ps1,0,1,0.01560981040367706,0.0033333333333333335,3.9800040306816806e-08,0.0019475939916446805,0.0026404636624890072
powershell_benign_dataset,2214.ps1,0,2,0.005423438679869035,0.0,6.275541467505024e-08,0.0015417131362482905,0.0007708565681241453
powershell_benign_dataset,2215.ps1,0,4,0.02456381016800357,0.02,8.694188799155494e-08,0.002245806623250246,0.011122903311625123
powershell_benign_dataset,2216.ps1,0,2,0.016104937845735696,0.006666666666666667,6.275042300917412e-08,0.002492600819095969,0.004579633742881319
powershell_benign_dataset,2217.ps1,0,4,0.01949669483850186,0.05333333333333334,4.849999985794393e-06,0.01966630294919014,0.03649981814126174
powershell_benign_dataset,2218.ps1,0,2,0.006657390360624141,0.0,3.482742532995057e-09,0.0022403127513825893,0.0011201563756912947
powershell_benign_dataset,2219.ps1,0,4,0.014972984599069535,0.0033333333333333335,2.5709555227235826e-07,0.003920260816812515,0.0036267970750729246
powershell_benign_dataset,222.ps1,0,1,0.008251769042400341,0.02,2.0096995291478866e-07,0.016277270391583443,0.018138635195791723
powershell_benign_dataset,2220.ps1,0,1,0.024928259612331853,0.0033333333333333335,9.393016757295954e-09,0.0017074185889214277,0.002520375961127381
powershell_benign_dataset,2221.ps1,0,3,0.03514154173171501,0.0033333333333333335,3.0414664772003525e-09,0.001651553437113762,0.002492443385223548
powershell_benign_dataset,2222.ps1,0,4,0.021742175740837068,0.006666666666666667,1.0876570045825163e-07,0.002231946447864175,0.004449306557265421
powershell_benign_dataset,2223.ps1,0,1,0.017683476435754967,0.0,1.3142786171013401e-08,0.0027905923780053854,0.0013952961890026927
powershell_benign_dataset,2224.ps1,0,1,0.059221157253843054,0.016666666666666666,1.5992911487552291e-06,0.006519441492855549,0.011593054079761108
powershell_benign_dataset,2225.ps1,0,1,0.014323087412412141,0.0,1.3927578315614818e-07,0.0017438334180042148,0.0008719167090021074
powershell_benign_dataset,2226.ps1,0,4,0.011552679989377652,0.0,3.3611971018784515e-08,0.005117604974657297,0.0025588024873286486
powershell_benign_dataset,2227.ps1,0,3,0.019300502616953232,0.0,1.5414728224640578e-08,0.0009123524650931358,0.0004561762325465679
powershell_benign_dataset,2228.ps1,0,1,0.04876972248277686,0.03333333333333333,2.757117817070075e-07,0.0007425269577652216,0.017037930145549277
powershell_benign_dataset,2229.ps1,0,1,0.02054587022578879,0.0,1.0655370104977277e-07,0.0024457962717860937,0.0012228981358930469
powershell_benign_dataset,223.ps1,0,0,0.011566170278597798,0.0,8.701949561465214e-07,0.010819453746080399,0.005409726873040199
powershell_benign_dataset,2236.ps1,0,0,0.060438366055151765,0.02,8.863517078940007e-06,0.0450054369866848,0.0325027184933424
powershell_benign_dataset,2237.ps1,0,1,0.018099108785452313,0.03,1.0516209631587462e-06,0.003232317278161645,0.016616158639080822
powershell_benign_dataset,2238.ps1,0,4,0.08914790135604456,0.04,1.9950107761644426e-05,0.007090934086591005,0.023545467043295503
powershell_benign_dataset,2239.ps1,0,0,0.06141044473706988,0.013333333333333334,5.031282764596381e-07,0.04601636901497841,0.029674851174155872
powershell_benign_dataset,224.ps1,0,1,0.03280296843471775,0.006666666666666667,3.174351942789752e-08,0.011565332300961018,0.009115999483813843
powershell_benign_dataset,2240.ps1,0,3,0.016700942304535824,0.0,2.0790965387892444e-08,0.0014027487486600876,0.0007013743743300438
powershell_benign_dataset,2241.ps1,0,0,0.03199179889574465,0.0033333333333333335,1.1779513099665379e-07,0.010868929326534271,0.007101131329933803
powershell_benign_dataset,2242.ps1,0,4,0.02093444013065975,0.0,2.2354999235325337e-08,0.0020469781011343002,0.0010234890505671501
powershell_benign_dataset,2243.ps1,0,3,0.014097826725212932,0.0033333333333333335,2.184077427092806e-07,0.008910322561860085,0.006121827947596709
powershell_benign_dataset,2244.ps1,0,4,0.025511516979884352,0.0,7.529779568668779e-08,0.008875913918018341,0.0044379569590091705
powershell_benign_dataset,2245.ps1,0,4,0.012810041984335987,0.0033333333333333335,3.200099893834723e-08,0.0035393033176660538,0.003436318325499694
powershell_benign_dataset,2246.ps1,0,4,0.058520794147765585,0.006666666666666667,8.628078122411141e-08,0.022204691544175148,0.014435679105420908
powershell_benign_dataset,2247.ps1,0,4,0.05143188672746475,0.006666666666666667,3.194885473051837e-08,0.005454140715301037,0.006060403690983852
powershell_benign_dataset,2248.ps1,0,4,0.020083678256131006,0.05333333333333334,7.086612203394212e-06,0.005308674182742834,0.029321003758038085
powershell_benign_dataset,2249.ps1,0,4,0.015367663513400305,0.013333333333333334,5.79019902709681e-08,0.003428654046729207,0.008380993690031271
powershell_benign_dataset,225.ps1,0,3,0.01227452808884162,0.023333333333333334,3.553003771603166e-08,0.003533863928169012,0.013433598630751173
powershell_benign_dataset,2250.ps1,0,2,0.006065980699833957,0.01,3.4896228679862297e-08,0.002415607450529933,0.006207803725264967
powershell_benign_dataset,2251.ps1,0,1,0.01059751450171576,0.0,4.0250759660283714e-07,0.0009792583296075463,0.0004896291648037732
powershell_benign_dataset,2252.ps1,0,4,0.009564953254111191,0.0,3.553003245513616e-07,0.001991849858313799,0.0009959249291568995
powershell_benign_dataset,2253.ps1,0,3,0.07891314270753261,0.01,3.381184708346802e-05,0.0036687736865133047,0.0068343868432566525
powershell_benign_dataset,2254.ps1,0,4,0.009017145152844873,0.0,7.08192636070254e-07,0.0010143752442672849,0.0005071876221336424
powershell_benign_dataset,2255.ps1,0,2,0.008141977481357355,0.006666666666666667,1.6665543182812452e-06,0.0016776274424046278,0.004172147054535648
powershell_benign_dataset,2256.ps1,0,4,0.26328017877867305,0.006666666666666667,7.399535290305715e-07,0.054573267698287964,0.030619967182477316
powershell_benign_dataset,2257.ps1,0,4,0.02495015348482512,0.0,6.970432648567287e-07,0.0024147031363099813,0.0012073515681549907
powershell_benign_dataset,2258.ps1,0,4,0.10722319592341048,0.023333333333333334,1.4877927963627396e-07,0.0015356643125414848,0.01243449882293741
powershell_benign_dataset,2259.ps1,0,3,0.02149591096056312,0.013333333333333334,3.604472810658862e-05,0.004555408842861652,0.008944371088097494
powershell_benign_dataset,226.ps1,0,2,0.6081128700278065,0.19666666666666666,0.0002701365455397299,0.06543659418821335,0.13105163042744
powershell_benign_dataset,2260.ps1,0,1,0.025053489002776368,0.0033333333333333335,1.012958294708243e-07,0.002742441138252616,0.003037887235792975
powershell_benign_dataset,2261.ps1,0,0,0.10786358390693963,0.01,2.528088342040508e-06,0.02715619094669819,0.018578095473349095
powershell_benign_dataset,2262.ps1,0,0,0.15254522463328324,0.09666666666666666,1.7981946936859006e-05,0.05710588023066521,0.07688627344866594
powershell_benign_dataset,2263.ps1,0,0,0.032434304555708886,0.0033333333333333335,9.433836686444638e-07,0.01295639667659998,0.008144865004966657
powershell_benign_dataset,2264.ps1,0,4,0.17749226257998585,0.14333333333333334,4.513462758391648e-05,0.005317796487361193,0.07432556491034727
powershell_benign_dataset,2265.ps1,0,3,0.059176368963617915,0.043333333333333335,4.1250669046839545e-06,0.01701630838215351,0.030174820857743423
powershell_benign_dataset,2266.ps1,0,0,0.1451017117637054,0.043333333333333335,1.123011592042442e-06,0.1815817952156067,0.11245756427447001
powershell_benign_dataset,2267.ps1,0,0,0.06933530420177385,0.06666666666666667,1.4351955138146306e-05,0.0758248120546341,0.07124573936065037
powershell_benign_dataset,2268.ps1,0,0,0.10864012439945077,0.07666666666666666,1.724915071085903e-05,0.07546571642160416,0.07606619154413541
powershell_benign_dataset,2269.ps1,0,4,0.2398984823459101,0.02666666666666667,2.5912066218660946e-06,0.018713636323809624,0.022690151495238148
powershell_benign_dataset,227.ps1,0,2,0.20040877212404581,0.07,6.5015946663615224e-09,0.0710952877998352,0.0705476438999176
powershell_benign_dataset,2270.ps1,0,2,0.07652208265257639,0.023333333333333334,8.517669421653812e-08,0.014489443972706795,0.018911388653020063
powershell_benign_dataset,2272.ps1,0,1,0.16145416573925286,0.09333333333333334,5.220658981275584e-07,0.023075006902217865,0.0582041701177756
powershell_benign_dataset,2273.ps1,0,1,0.15580302799616058,0.09,5.220658981275584e-07,0.022701479494571686,0.05635073974728584
powershell_benign_dataset,2274.ps1,0,3,0.0027727170688497385,0.02666666666666667,4.1894134602777763e-07,0.014067436568439007,0.02036705161755284
powershell_benign_dataset,2275.ps1,0,3,0.02466757774035939,0.08,2.1026485848058604e-05,0.01013171300292015,0.045065856501460076
powershell_benign_dataset,2276.ps1,0,1,0.5616045601502427,0.2,8.622554356287709e-05,0.395007848739624,0.297503924369812
powershell_benign_dataset,2277.ps1,0,3,0.04344026219846039,0.14333333333333334,1.3120128393386165e-05,0.015517635270953178,0.07942548430214326
powershell_benign_dataset,2278.ps1,0,0,0.03636043793154184,0.2,0.00014193090108670836,0.02604181133210659,0.1130209056660533
powershell_benign_dataset,2279.ps1,0,2,0.019192885502074635,0.02666666666666667,9.865515719177267e-07,0.0029184252489358187,0.014792545957801244
powershell_benign_dataset,228.ps1,0,3,0.06397775217335329,0.013333333333333334,3.4986644493037818e-06,0.021573396399617195,0.017453364866475266
powershell_benign_dataset,2280.ps1,0,1,0.02075419103425121,0.18333333333333332,0.006269155930299774,0.023593822494149208,0.10346357791374126
powershell_benign_dataset,2281.ps1,0,4,0.28593205262891636,0.38,0.9775854671326614,0.22112908959388733,0.30056454479694367
powershell_benign_dataset,2282.ps1,0,1,0.04270974397107003,0.14666666666666667,0.1523596369702688,0.05497654527425766,0.10082160597046216
powershell_benign_dataset,2283.ps1,0,1,0.249424582940705,0.29,2.2153501708819854e-05,0.05988988280296326,0.17494494140148162
powershell_benign_dataset,2284.ps1,0,1,0.3103948855201834,0.17,0.00016486462012351382,0.17700839042663574,0.1735041952133179
powershell_benign_dataset,2285.ps1,0,4,0.003946237035087747,0.056666666666666664,5.286889007778483e-06,0.004965205676853657,0.03081593617176016
powershell_benign_dataset,2286.ps1,0,4,0.013187823244300234,0.0033333333333333335,4.011332576651716e-08,0.0014308984391391277,0.002382115886236231
powershell_benign_dataset,2287.ps1,0,2,0.00560930663435735,0.06333333333333334,2.192509627662302e-07,0.003010805929079652,0.033172069631206495
powershell_benign_dataset,2288.ps1,0,3,0.012334132772348603,0.016666666666666666,1.3184993795908854e-07,0.005270203109830618,0.010968434888248642
powershell_benign_dataset,2289.ps1,0,0,0.025929539817085047,0.0,1.4885027542983396e-08,0.014001631177961826,0.007000815588980913
powershell_benign_dataset,229.ps1,0,3,0.09351479099203018,0.016666666666666666,4.562993372728265e-07,0.14402343332767487,0.08034504999717076
powershell_benign_dataset,2290.ps1,0,3,0.015350449209400137,0.01,3.1795588710276477e-07,0.0031738639809191227,0.0065869319904595615
powershell_benign_dataset,2291.ps1,0,4,0.01255003602739497,0.0,1.7597399772281064e-07,0.0021327263675630093,0.0010663631837815046
powershell_benign_dataset,2292.ps1,0,1,0.011509976210793554,0.0,5.644210011919828e-08,0.003330427221953869,0.0016652136109769344
powershell_benign_dataset,2293.ps1,0,2,0.003948306230266751,0.0033333333333333335,1.4424252793619245e-08,0.0029972484335303307,0.0031652908834318323
powershell_benign_dataset,2294.ps1,0,3,0.025495709516667703,0.0033333333333333335,2.2190428085344975e-09,0.005748417228460312,0.004540875280896823
powershell_benign_dataset,2295.ps1,0,1,0.044286227646412976,0.016666666666666666,1.2230194046953802e-07,0.011551341973245144,0.014109004319955905
powershell_benign_dataset,2296.ps1,0,3,0.22719013902685864,0.22333333333333333,4.961248876057434e-05,0.017784487456083298,0.12055891039470831
powershell_benign_dataset,2297.ps1,0,2,0.014507184320923686,0.006666666666666667,7.431498161769019e-07,0.0009540761238895357,0.0038103713952781014
powershell_benign_dataset,2298.ps1,0,2,0.02622176622686201,0.01,3.25295772053029e-05,0.012024707160890102,0.011012353580445052
powershell_benign_dataset,2299.ps1,0,3,0.031963885957485616,0.0033333333333333335,1.0454482230789568e-05,0.028167327865958214,0.015750330599645774
powershell_benign_dataset,23.ps1,0,1,0.019389729302221093,0.0,7.2789217111897255e-09,0.00508697796612978,0.00254348898306489
powershell_benign_dataset,230.ps1,0,0,0.020447591055172316,0.0,2.4755641822080596e-08,0.03134514391422272,0.01567257195711136
powershell_benign_dataset,2300.ps1,0,2,0.03594267307683609,0.0,6.655228461284354e-08,0.014380667358636856,0.007190333679318428
powershell_benign_dataset,2301.ps1,0,1,0.6901435895733216,0.56,0.8619636508939111,0.011926164850592613,0.28596308242529633
powershell_benign_dataset,2302.ps1,0,2,0.005096972005603597,0.0,6.023325565048843e-08,0.0016540830256417394,0.0008270415128208697
powershell_benign_dataset,2303.ps1,0,1,0.024813299419992496,0.09666666666666666,7.609047002265755e-06,0.0847206562757492,0.09069366147120794
powershell_benign_dataset,2304.ps1,0,0,0.04755876576521209,0.08666666666666667,7.990143235044278e-06,0.072158083319664,0.07941237499316534
powershell_benign_dataset,2305.ps1,0,0,0.41361891983539917,0.25333333333333335,4.240439001897671e-05,0.06873046606779099,0.16103189970056217
powershell_benign_dataset,2306.ps1,0,0,0.03242796063639489,0.0,4.033198558216817e-07,0.02691969834268093,0.013459849171340466
powershell_benign_dataset,2307.ps1,0,4,0.025548172492323128,0.0033333333333333335,3.992150089633886e-08,0.01656797155737877,0.009950652445356051
powershell_benign_dataset,2308.ps1,0,4,0.0028741930437083613,0.013333333333333334,8.57837677074889e-08,0.0023871820885688066,0.007860257710951071
powershell_benign_dataset,2309.ps1,0,2,0.0024023467629860707,0.0,1.547944597319011e-08,0.000727073464076966,0.000363536732038483
powershell_benign_dataset,231.ps1,0,2,0.012073744369300836,0.0,4.281473065652448e-08,0.01021803542971611,0.005109017714858055
powershell_benign_dataset,2310.ps1,0,0,0.008420585173521445,0.0,1.6724531665873225e-07,0.026590652763843536,0.013295326381921768
powershell_benign_dataset,2311.ps1,0,1,0.12294351411152946,0.11333333333333333,2.833220551319529e-05,0.06923998147249222,0.09128665740291278
powershell_benign_dataset,2312.ps1,0,0,0.005264084413618077,0.0,1.5798395249665568e-06,0.007324369624257088,0.003662184812128544
powershell_benign_dataset,2313.ps1,0,2,0.9593102777383605,0.43,0.02088850462479351,0.0659715011715889,0.24798575058579445
powershell_benign_dataset,2314.ps1,0,4,0.01972446962813727,0.06666666666666667,6.78350628337147e-07,0.04457748681306839,0.05562207673986753
powershell_benign_dataset,2315.ps1,0,1,0.01276735033931152,0.09,5.727273846545249e-07,0.007772816810756922,0.04888640840537846
powershell_benign_dataset,2316.ps1,0,4,0.014040490321060967,0.0,4.055382253861565e-08,0.006982061080634594,0.003491030540317297
powershell_benign_dataset,2317.ps1,0,3,0.0032871862694588217,0.01,6.182918411405723e-08,0.01469336450099945,0.012346682250499726
powershell_benign_dataset,2318.ps1,0,1,0.03752622654038957,0.02666666666666667,6.434143340977221e-05,0.007695355918258429,0.01718101129246255
powershell_benign_dataset,2319.ps1,0,0,0.0033625759110492218,0.03666666666666667,4.0413132871345067e-07,0.025482987985014915,0.03107482732584079
powershell_benign_dataset,232.ps1,0,0,0.028152942189299143,0.01,8.792117007674322e-05,0.04771121218800545,0.028855606094002725
powershell_benign_dataset,2320.ps1,0,4,0.016765528042637645,0.0,2.7790251423529083e-08,0.00852655153721571,0.004263275768607855
powershell_benign_dataset,2321.ps1,0,4,0.011809041858349276,0.0,3.0276362624988497e-08,0.004710603039711714,0.002355301519855857
powershell_benign_dataset,2322.ps1,0,2,0.03776468074132174,0.07333333333333333,0.00013426572880190547,0.011362501420080662,0.042347917376707
powershell_benign_dataset,2323.ps1,0,3,0.018078587128241938,0.04666666666666667,1.0581682230571221e-05,0.04623355716466904,0.04645011191566785
powershell_benign_dataset,2324.ps1,0,3,0.043603222477785905,0.07,1.2480120133228998e-06,0.08777671307325363,0.07888835653662682
powershell_benign_dataset,2325.ps1,0,1,0.009705526862224704,0.0,3.242701427525157e-07,0.021557193249464035,0.010778596624732018
powershell_benign_dataset,2326.ps1,0,0,0.05919185218359325,0.07,3.9459424093206144e-06,0.20885446667671204,0.13942723333835602
powershell_benign_dataset,2327.ps1,0,3,0.03233481996485771,0.03,1.6384059909829722e-08,0.013363626785576344,0.02168181339278817
powershell_benign_dataset,2328.ps1,0,3,0.16416477096467555,0.04666666666666667,1.918546196707569e-06,0.015985501930117607,0.031326084298392134
powershell_benign_dataset,2329.ps1,0,0,0.012274225724400161,0.0,1.540197290007122e-07,0.023613296449184418,0.011806648224592209
powershell_benign_dataset,233.ps1,0,3,0.0037738640203463765,0.0,2.9033342216875867e-08,0.008715638890862465,0.0043578194454312325
powershell_benign_dataset,2330.ps1,0,0,0.01815445380929024,0.0,9.953713783869947e-07,0.021262560039758682,0.010631280019879341
powershell_benign_dataset,2331.ps1,0,4,0.0008355021258643424,0.0033333333333333335,6.326785714083772e-08,0.0016102393856272101,0.002471786359480272
powershell_benign_dataset,2332.ps1,0,0,0.00493339371646371,0.0033333333333333335,5.3223217246561344e-08,0.0065593598410487175,0.004946346587191026
powershell_benign_dataset,2333.ps1,0,4,0.004339618639407729,0.0033333333333333335,1.023580013859861e-08,0.0010984522523358464,0.00221589279283459
powershell_benign_dataset,2334.ps1,0,0,0.19255853551737784,0.4766666666666667,0.0007366832699521601,0.09285812824964523,0.28476239745815596
powershell_benign_dataset,2335.ps1,0,2,0.000155926968587921,0.03,3.366896053882045e-07,0.002135982271283865,0.016067991135641932
powershell_benign_dataset,2336.ps1,0,1,0.08089832071108272,0.04666666666666667,7.100720687012962e-07,0.011700285598635674,0.02918347613265117
powershell_benign_dataset,2337.ps1,0,4,0.003879390092949108,0.006666666666666667,3.320458275551205e-07,0.006647278089076281,0.006656972377871474
powershell_benign_dataset,2338.ps1,0,3,0.007369433183395308,0.01,4.3635333652606156e-06,0.00038591845077462494,0.005192959225387313
powershell_benign_dataset,2339.ps1,0,3,0.022527314394567167,0.006666666666666667,4.343158657637176e-08,0.015715977177023888,0.011191321921845278
powershell_benign_dataset,234.ps1,0,0,0.0017247931493309734,0.0033333333333333335,1.1595942644999768e-07,0.042039904743433,0.022686619038383166
powershell_benign_dataset,2340.ps1,0,4,0.015280836236133362,0.02,3.3823553720286196e-07,0.011153234168887138,0.01557661708444357
powershell_benign_dataset,2342.ps1,0,3,0.007421027584840072,0.04666666666666667,1.9405860327584313e-07,0.009472738951444626,0.028069702809055647
powershell_benign_dataset,2343.ps1,0,3,0.001158645405535432,0.006666666666666667,2.125343798759517e-08,0.01074107363820076,0.008703870152433714
powershell_benign_dataset,2344.ps1,0,4,0.04387077313749122,0.01,3.975840047058039e-08,0.010354354046285152,0.010177177023142577
powershell_benign_dataset,2345.ps1,0,2,0.0021377003021935126,0.0,1.1818053386734841e-08,0.00330809922888875,0.001654049614444375
powershell_benign_dataset,2346.ps1,0,4,0.004157649703827356,0.006666666666666667,1.3740371993182613e-08,0.0026140594854950905,0.004640363076080879
powershell_benign_dataset,2347.ps1,0,3,0.0005454311236433186,0.0,1.0105466552460876e-07,0.0012905180919915438,0.0006452590459957719
powershell_benign_dataset,2348.ps1,0,1,0.01621641528222855,0.0033333333333333335,8.619881648086543e-08,0.00676951976493001,0.005051426549131672
powershell_benign_dataset,2349.ps1,0,0,0.02644207376334695,0.0,3.85868727503766e-09,0.01289171539247036,0.00644585769623518
powershell_benign_dataset,235.ps1,0,0,0.07858756214278868,0.14,0.00030966115476640946,0.40245890617370605,0.27122945308685303
powershell_benign_dataset,2350.ps1,0,2,0.02143666785929634,0.01,6.479800957444908e-08,0.011668859981000423,0.010834429990500213
powershell_benign_dataset,2351.ps1,0,2,0.020863252537609404,0.03333333333333333,2.874342037074789e-07,0.01714194379746914,0.025237638565401236
powershell_benign_dataset,2352.ps1,0,2,0.0682006184629106,0.006666666666666667,1.8406775286279823e-08,0.10919742286205292,0.05793204476435979
powershell_benign_dataset,2353.ps1,0,2,0.026860333572197907,0.023333333333333334,7.681681554341874e-06,0.02460397593677044,0.023968654635051885
powershell_benign_dataset,2354.ps1,0,3,0.002295622421223442,0.013333333333333334,7.649925710473846e-08,0.002994595095515251,0.008163964214424294
powershell_benign_dataset,2355.ps1,0,0,0.0011729833547435913,0.0,2.726094756062122e-07,0.021413767710328102,0.010706883855164051
powershell_benign_dataset,2356.ps1,0,1,0.06970365118351533,0.05333333333333334,1.4766605472037488e-05,0.021237602457404137,0.03728546789536874
powershell_benign_dataset,2357.ps1,0,2,0.009182061917963629,0.0,2.6896973745462977e-08,0.010217398405075073,0.005108699202537537
powershell_benign_dataset,2358.ps1,0,1,0.024933699535492643,0.023333333333333334,5.163107685937119e-07,0.04086126387119293,0.03209729860226313
powershell_benign_dataset,2359.ps1,0,2,0.009958887896623305,0.0,2.5646636286049072e-08,0.00577801326289773,0.002889006631448865
powershell_benign_dataset,236.ps1,0,0,0.01731549259873855,0.0,1.6826514527190004e-08,0.03558094799518585,0.017790473997592926
powershell_benign_dataset,2360.ps1,0,0,0.02928482995546023,0.02666666666666667,4.34188551125891e-07,0.025204507634043694,0.025935587150355183
powershell_benign_dataset,2361.ps1,0,1,0.10480546689662311,0.03,8.642102358381761e-07,0.015119129791855812,0.022559564895927905
powershell_benign_dataset,2362.ps1,0,1,0.2758671635704371,0.37333333333333335,0.045286160760461956,0.002662273356691003,0.18799780334501218
powershell_benign_dataset,2363.ps1,0,2,0.0019211273165401724,0.006666666666666667,1.4721404855125577e-08,0.014102616347372532,0.0103846415070196
powershell_benign_dataset,2364.ps1,0,3,0.02288414581437258,0.03333333333333333,5.238923284024608e-08,0.004556336440145969,0.01894483488673965
powershell_benign_dataset,2365.ps1,0,3,0.0029384047024731456,0.0,8.423563090196774e-09,0.012827963568270206,0.006413981784135103
powershell_benign_dataset,2366.ps1,0,0,0.0029312911441619393,0.01,1.6485117436016936e-08,0.009834865108132362,0.009917432554066182
powershell_benign_dataset,2367.ps1,0,1,0.09262344846977581,0.006666666666666667,7.099290244380865e-08,0.021667227149009705,0.014166946907838186
powershell_benign_dataset,2368.ps1,0,1,0.025880786097678448,0.01,1.1035196909128745e-06,0.013819004409015179,0.01190950220450759
powershell_benign_dataset,237.ps1,0,2,0.028711301836054474,0.0,7.962203442997445e-09,0.0034130869898945093,0.0017065434949472547
powershell_benign_dataset,2370.ps1,0,0,0.008883337943703199,0.0,6.635176448150864e-08,0.004807920195162296,0.002403960097581148
powershell_benign_dataset,2371.ps1,0,4,0.028448323715836894,0.016666666666666666,2.596914640425231e-07,0.00922761857509613,0.012947142620881398
powershell_benign_dataset,2372.ps1,0,2,0.009344342501067783,0.006666666666666667,2.7992201076759672e-08,0.002049466595053673,0.00435806663086017
powershell_benign_dataset,2373.ps1,0,0,0.0018803528153548588,0.0,9.716260427559088e-08,0.009256636723876,0.004628318361938
powershell_benign_dataset,2374.ps1,0,0,0.008713805428414432,0.01,5.1508747137248535e-05,0.013178173452615738,0.01158908672630787
powershell_benign_dataset,2375.ps1,0,1,0.0014249499263001527,0.0,2.741235311548392e-08,0.001310802297666669,0.0006554011488333344
powershell_benign_dataset,2376.ps1,0,0,0.05354628805904829,0.04666666666666667,1.2111598574819811e-06,0.12532833218574524,0.08599749942620595
powershell_benign_dataset,2377.ps1,0,1,0.006638482675869907,0.02,1.6239866984326353e-08,0.0038607551250606775,0.011930377562530339
powershell_benign_dataset,2378.ps1,0,3,0.0031382013772396347,0.0,4.694708852731616e-09,0.003260380122810602,0.001630190061405301
powershell_benign_dataset,238.ps1,0,1,0.0013718876573197336,0.023333333333333334,3.5015265546942666e-07,0.003478699829429388,0.013406016581381361
powershell_benign_dataset,2380.ps1,0,0,0.029473034048014327,0.0,1.7434099490542165e-07,0.032018374651670456,0.016009187325835228
powershell_benign_dataset,2381.ps1,0,4,0.003719984716272014,0.0,9.174014141781455e-08,0.002497022273018956,0.001248511136509478
powershell_benign_dataset,2382.ps1,0,1,0.01703763647569539,0.01,1.2541273808563339e-08,0.0054172333329916,0.0077086166664958
powershell_benign_dataset,2383.ps1,0,3,0.001506050019595892,0.016666666666666666,1.3153414403461976e-07,0.002867597620934248,0.009767132143800457
powershell_benign_dataset,2384.ps1,0,2,0.035745184413953475,0.006666666666666667,2.234756472021321e-07,0.0028765269089490175,0.004771596787807843
powershell_benign_dataset,2385.ps1,0,4,0.006936987553763389,0.0,5.690830599193899e-08,0.03873665630817413,0.019368328154087067
powershell_benign_dataset,2386.ps1,0,1,0.025904719262136704,0.0,2.66885605115485e-06,0.008806212805211544,0.004403106402605772
powershell_benign_dataset,2387.ps1,0,4,0.0046435571178911296,0.0033333333333333335,6.131228248937631e-07,0.0074058277532458305,0.005369580543289582
powershell_benign_dataset,2388.ps1,0,0,0.012682263544698038,0.0033333333333333335,8.229473798752003e-08,0.007391414605081081,0.005362373969207208
powershell_benign_dataset,2389.ps1,0,4,0.7403455912172069,0.13333333333333333,0.002053311631762449,0.3230232298374176,0.22817828158537545
powershell_benign_dataset,239.ps1,0,0,0.06373287377570058,0.03666666666666667,3.3393523507842414e-06,0.05107230320572853,0.0438694849361976
powershell_benign_dataset,2390.ps1,0,2,0.00023443723030397055,0.0,7.901664435182827e-08,0.003224804298952222,0.001612402149476111
powershell_benign_dataset,2391.ps1,0,3,0.018984573518166473,0.06333333333333334,3.051858643268416e-06,0.04840656369924545,0.055869948516289396
powershell_benign_dataset,2392.ps1,0,3,0.01814638646068355,0.0033333333333333335,1.6797016908758728e-07,0.002571012359112501,0.0029521728462229176
powershell_benign_dataset,2393.ps1,0,3,0.008396870361688964,0.0,7.327671929016073e-09,0.002872675424441695,0.0014363377122208476
powershell_benign_dataset,2394.ps1,0,3,0.015443039382030338,0.01,1.1921943398040184e-07,0.008961579762399197,0.0094807898811996
powershell_benign_dataset,2395.ps1,0,1,0.24774389033436323,0.25666666666666665,0.00017780136751522415,0.015621951781213284,0.13614430922393997
powershell_benign_dataset,2396.ps1,0,0,0.0059156854954085965,0.0,6.097186523433679e-09,0.034996166825294495,0.017498083412647247
powershell_benign_dataset,2397.ps1,0,2,0.0030553945911244054,0.0,4.371777678468461e-08,0.0017463462427258492,0.0008731731213629246
powershell_benign_dataset,2398.ps1,0,4,0.09696865282844672,0.07333333333333333,0.000573306398922852,0.011204498820006847,0.04226891607667009
powershell_benign_dataset,2399.ps1,0,4,0.011547457277741294,0.0,2.9843712727679024e-08,0.004638154990971088,0.002319077495485544
powershell_benign_dataset,24.ps1,0,4,0.00652164765239725,0.0,9.021010087596177e-09,0.002970391418784857,0.0014851957093924284
powershell_benign_dataset,240.ps1,0,2,0.002364247184499075,0.016666666666666666,4.82972919505905e-07,0.015891894698143005,0.016279280682404834
powershell_benign_dataset,2400.ps1,0,3,0.03513857177150264,0.016666666666666666,2.7908556729289282e-08,0.01026633009314537,0.013466498379906018
powershell_benign_dataset,2401.ps1,0,2,0.0006417922439287652,0.0,1.1953240308004556e-07,0.0005368773709051311,0.00026843868545256555
powershell_benign_dataset,2402.ps1,0,2,0.0010346998598952481,0.006666666666666667,7.76549198020688e-09,0.0018852718640118837,0.004275969265339276
powershell_benign_dataset,2403.ps1,0,2,0.04009850145741535,0.0,1.0568700687431567e-08,0.0063912998884916306,0.0031956499442458153
powershell_benign_dataset,2404.ps1,0,1,0.015681245882388044,0.0033333333333333335,1.2420545612599421e-08,0.016522519290447235,0.009927926311890285
powershell_benign_dataset,2405.ps1,0,3,0.02193470643206025,0.0,8.029500243253573e-06,0.0038051342125982046,0.0019025671062991023
powershell_benign_dataset,2406.ps1,0,3,0.011173006180715726,0.016666666666666666,9.775030896964955e-07,0.038723718374967575,0.02769519252081712
powershell_benign_dataset,2407.ps1,0,2,0.0480345785843833,0.02,5.949874626027301e-07,0.012189245782792568,0.016094622891396286
powershell_benign_dataset,2408.ps1,0,1,0.25404696390519976,0.17666666666666667,1.1452419670840127e-06,0.01455038134008646,0.09560852400337656
powershell_benign_dataset,2409.ps1,0,4,0.006795192463099646,0.04,2.179383030510299e-07,0.0036294525489211082,0.021814726274460555
powershell_benign_dataset,241.ps1,0,2,0.007694864950723428,0.0,5.213375499107206e-09,0.006800494156777859,0.0034002470783889294
powershell_benign_dataset,2410.ps1,0,1,0.2573322100049749,0.25333333333333335,0.00024925867115254796,0.015917718410491943,0.13462552587191265
powershell_benign_dataset,2411.ps1,0,4,0.021334397382498572,0.0033333333333333335,3.6195669302051356e-07,0.021455269306898117,0.012394301320115726
powershell_benign_dataset,2412.ps1,0,4,0.005350363815652941,0.0,7.182390314591428e-09,0.0028630485758185387,0.0014315242879092693
powershell_benign_dataset,2413.ps1,0,2,0.0022012984411632253,0.0,3.9546853399869444e-08,0.003584542777389288,0.001792271388694644
powershell_benign_dataset,2414.ps1,0,2,0.008241653136632117,0.0,2.8089160422557373e-08,0.002939291764050722,0.001469645882025361
powershell_benign_dataset,2415.ps1,0,4,0.007515743404695669,0.0,4.521097225541074e-09,0.002425472717732191,0.0012127363588660955
powershell_benign_dataset,2416.ps1,0,4,0.0074527043624073065,0.0,2.0860062893159545e-08,0.0006427366752177477,0.00032136833760887384
powershell_benign_dataset,2417.ps1,0,2,0.0008745082884752909,0.0,1.3444675374726083e-08,0.0010991713497787714,0.0005495856748893857
powershell_benign_dataset,2418.ps1,0,3,0.017078347492492763,0.01,1.0961931908455744e-06,0.00552535941824317,0.007762679709121585
powershell_benign_dataset,2419.ps1,0,2,0.005227636613733675,0.02666666666666667,1.5257755114712675e-07,0.0026132080238312483,0.014639937345248958
powershell_benign_dataset,242.ps1,0,2,0.045621307116501524,0.016666666666666666,1.58715391614743e-08,0.015331657603383064,0.015999162135024864
powershell_benign_dataset,2420.ps1,0,4,0.01762880698227462,0.0,2.2647551843116804e-08,0.0031716213561594486,0.0015858106780797243
powershell_benign_dataset,2421.ps1,0,1,0.015311217118491526,0.09333333333333334,3.1252487317899875e-07,0.004182508215308189,0.048757920774320763
powershell_benign_dataset,2422.ps1,0,3,0.008867270826882472,0.006666666666666667,3.4748533171881874e-09,0.001995035447180271,0.0043308510569234696
powershell_benign_dataset,2423.ps1,0,2,0.009060657497490656,0.0033333333333333335,2.1180578542007414e-08,0.003923188894987106,0.00362826111416022
powershell_benign_dataset,2424.ps1,0,0,0.13648322559291262,0.04,3.9751986944337866e-05,0.02502211183309555,0.03251105591654778
powershell_benign_dataset,2425.ps1,0,4,0.04823461445187234,0.0,2.9568921224603253e-08,0.005147536285221577,0.0025737681426107883
powershell_benign_dataset,2426.ps1,0,2,0.07091001145421755,0.04,2.211590084153686e-05,0.04512975737452507,0.04256487868726254
powershell_benign_dataset,2427.ps1,0,1,0.1217248383068916,0.03,1.2250146884136987e-07,0.22179879248142242,0.12589939624071123
powershell_benign_dataset,2428.ps1,0,0,0.23703224008412888,0.08,7.755343101498411e-07,0.048667605966329575,0.0643338029831648
powershell_benign_dataset,2429.ps1,0,3,0.008765178647912654,0.0,1.3951283288965387e-08,0.0028223416302353144,0.0014111708151176572
powershell_benign_dataset,243.ps1,0,4,0.041629327557432344,0.01,1.90954190673409e-07,0.013102180324494839,0.01155109016224742
powershell_benign_dataset,2430.ps1,0,2,0.014948745371993928,0.0,1.372911953949445e-09,0.003299058647826314,0.001649529323913157
powershell_benign_dataset,2431.ps1,0,2,0.0027421832175121667,0.0,4.142540160688801e-08,0.0036862974520772696,0.0018431487260386348
powershell_benign_dataset,2432.ps1,0,0,0.02118732747131825,0.0,3.4093485197177003e-09,0.01293900329619646,0.00646950164809823
powershell_benign_dataset,2433.ps1,0,1,0.001902503340197798,0.0,1.5384643697984696e-08,0.0016589296283200383,0.0008294648141600192
powershell_benign_dataset,2434.ps1,0,3,0.007961759704628238,0.0,8.956466762108491e-07,0.006152983754873276,0.003076491877436638
powershell_benign_dataset,2435.ps1,0,1,0.016042020361359773,0.0,1.2842021709064703e-07,0.01029891986399889,0.005149459931999445
powershell_benign_dataset,2436.ps1,0,0,0.01226578504064052,0.006666666666666667,8.187098593697964e-08,0.011005958542227745,0.008836312604447207
powershell_benign_dataset,2437.ps1,0,0,0.007072156597815379,0.0033333333333333335,3.2591952439099667e-07,0.023138631135225296,0.013235982234279315
powershell_benign_dataset,2438.ps1,0,3,0.0031556361132507663,0.0033333333333333335,2.3347180765616718e-08,0.0012513853143900633,0.0022923593238616986
powershell_benign_dataset,2439.ps1,0,2,0.0025734828592762853,0.0033333333333333335,4.4916323046164365e-08,0.008360536769032478,0.005846935051182906
powershell_benign_dataset,244.ps1,0,3,0.005255163589943092,0.013333333333333334,2.092339288097059e-08,0.15152767300605774,0.08243050316969554
powershell_benign_dataset,2440.ps1,0,0,0.004947520519739354,0.05,5.7706698360561324e-08,0.036269210278987885,0.043134605139493944
powershell_benign_dataset,2441.ps1,0,2,0.04610275771930533,0.006666666666666667,1.0557439501034378e-06,0.004990422632545233,0.00582854464960595
powershell_benign_dataset,2442.ps1,0,3,0.01881195939559066,0.0,2.0747127686687365e-07,0.002630899427458644,0.001315449713729322
powershell_benign_dataset,2443.ps1,0,3,0.007188390816604258,0.0,6.648210093175634e-08,0.005952744744718075,0.0029763723723590374
powershell_benign_dataset,2444.ps1,0,0,0.049486589381889316,0.0,2.648886387506942e-07,0.023188378661870956,0.011594189330935478
powershell_benign_dataset,2445.ps1,0,3,0.0026602540764514007,0.006666666666666667,3.2618369776960105e-07,0.010639598593115807,0.008653132629891237
powershell_benign_dataset,2446.ps1,0,4,0.06724847282795854,0.013333333333333334,1.783218121143907e-08,0.009019751101732254,0.011176542217532795
powershell_benign_dataset,2447.ps1,0,2,0.017497549964817748,0.006666666666666667,2.0755860209297304e-08,0.0016198224620893598,0.004143244564378014
powershell_benign_dataset,2448.ps1,0,4,0.04792278611705968,0.01,1.5557990641481834e-08,0.007490574847906828,0.008745287423953415
powershell_benign_dataset,2449.ps1,0,0,0.03072209050509334,0.006666666666666667,2.822576432511883e-07,0.016356177628040314,0.01151142214735349
powershell_benign_dataset,245.ps1,0,0,0.0074717657029501365,0.016666666666666666,2.56465420721791e-07,0.010430901311337948,0.013548783989002307
powershell_benign_dataset,2450.ps1,0,4,0.013817601323670894,0.0,2.556377693701879e-08,0.004096684977412224,0.002048342488706112
powershell_benign_dataset,2451.ps1,0,2,0.010178970863925479,0.016666666666666666,6.705700387099491e-07,0.014439013786613941,0.015552840226640304
powershell_benign_dataset,2452.ps1,0,1,0.007650935942601747,0.0033333333333333335,4.876505039729116e-09,0.023488476872444153,0.013410905102888743
powershell_benign_dataset,2453.ps1,0,0,0.11790429360140513,0.02666666666666667,3.2533680176802517e-06,0.05406841263175011,0.04036753964920839
powershell_benign_dataset,2454.ps1,0,3,0.0034126034979632654,0.0,4.0258580560075643e-08,0.012041724286973476,0.006020862143486738
powershell_benign_dataset,2455.ps1,0,1,0.050679977731995327,0.25666666666666665,5.208138514322451e-05,0.017254967242479324,0.136960816954573
powershell_benign_dataset,2456.ps1,0,1,0.004695068230061012,0.0,5.53945936157254e-09,0.02448989264667034,0.01224494632333517
powershell_benign_dataset,2457.ps1,0,3,0.003908628080342407,0.006666666666666667,4.159084916230984e-08,0.008036056533455849,0.007351361600061258
powershell_benign_dataset,2458.ps1,0,1,0.007070175434532171,0.006666666666666667,2.1055728316772204e-07,0.011070217937231064,0.008868442301948866
powershell_benign_dataset,2459.ps1,0,2,0.0035404229356307167,0.023333333333333334,2.781853405621463e-06,0.009325621649622917,0.016329477491478124
powershell_benign_dataset,246.ps1,0,2,0.008743856460227493,0.02,2.2353880309953476e-07,0.0028030825778841972,0.011401541288942099
powershell_benign_dataset,2460.ps1,0,4,0.003836931089770502,0.0,2.9390333980866675e-08,0.002365261781960726,0.001182630890980363
powershell_benign_dataset,2461.ps1,0,0,0.004102112736250232,0.0033333333333333335,2.4349328592002263e-08,0.05518387258052826,0.029258602956930797
powershell_benign_dataset,2462.ps1,0,2,0.011015481619792145,0.0,4.295730203697267e-07,0.014573070220649242,0.007286535110324621
powershell_benign_dataset,2463.ps1,0,0,0.005918069351246607,0.0,6.118514086708671e-07,0.03616482391953468,0.01808241195976734
powershell_benign_dataset,2464.ps1,0,0,0.0020211298136030603,0.02,2.8387809413392257e-07,0.008823494426906109,0.014411747213453055
powershell_benign_dataset,2465.ps1,0,0,0.01565934432329334,0.0033333333333333335,9.607239966079538e-09,0.024836832657456398,0.014085082995394866
powershell_benign_dataset,2466.ps1,0,1,0.01637244310166984,0.0,2.9641429551065135e-08,0.039857327938079834,0.019928663969039917
powershell_benign_dataset,2467.ps1,0,4,0.0038793115886640414,0.01,5.0872624762806195e-08,0.0033252805005759,0.00666264025028795
powershell_benign_dataset,2468.ps1,0,2,0.0031144677777242653,0.0,1.668364550417764e-08,0.0036250839475542307,0.0018125419737771153
powershell_benign_dataset,2469.ps1,0,0,0.06445394236646272,0.09,3.210041700810942e-06,0.030556390061974525,0.06027819503098726
powershell_benign_dataset,247.ps1,0,3,0.004868052871068068,0.04666666666666667,4.4819928975083893e-07,0.01807030476629734,0.032368485716482
powershell_benign_dataset,2470.ps1,0,1,0.004946150144724773,0.0,1.5977386188275247e-07,0.0012203441001474857,0.0006101720500737429
powershell_benign_dataset,2471.ps1,0,2,0.0030180013822041834,0.01,8.896157428192044e-08,0.0011122195282950997,0.00555610976414755
powershell_benign_dataset,2472.ps1,0,3,0.07246295982590817,0.07333333333333333,2.5706292950779223e-05,0.0034929481334984303,0.03841314073341588
powershell_benign_dataset,2473.ps1,0,4,0.009478087865901654,0.0033333333333333335,1.6665271401639625e-07,0.002947329543530941,0.0031403314384321375
powershell_benign_dataset,2474.ps1,0,1,0.007732529628391109,0.0,1.0735593966369591e-06,0.005350206978619099,0.0026751034893095493
powershell_benign_dataset,2475.ps1,0,2,0.006738099810623477,0.0,3.8605879391709896e-08,0.002041472354903817,0.0010207361774519086
powershell_benign_dataset,2476.ps1,0,0,0.04323797982693369,0.02,6.625488707486097e-07,0.0255073681473732,0.0227536840736866
powershell_benign_dataset,2477.ps1,0,2,0.005404817230156699,0.0033333333333333335,8.495131640914103e-09,0.0016287907492369413,0.0024810620412851377
powershell_benign_dataset,2478.ps1,0,2,0.0023104140254519233,0.0,2.516594071768563e-07,0.0007298736018128693,0.00036493680090643466
powershell_benign_dataset,2479.ps1,0,1,0.016684160111464435,0.0,1.218019868568297e-07,0.0017416218761354685,0.0008708109380677342
powershell_benign_dataset,248.ps1,0,4,0.007058896993539245,0.006666666666666667,1.0604176886800316e-06,0.0030515682883560658,0.004859117477511367
powershell_benign_dataset,2480.ps1,0,0,0.013195313479258999,0.0033333333333333335,3.906085782395909e-08,0.014251180924475193,0.008792257128904264
powershell_benign_dataset,2481.ps1,0,3,0.006172209643517129,0.0,2.0486264797340655e-08,0.0004009228141512722,0.0002004614070756361
powershell_benign_dataset,2482.ps1,0,4,0.0353426519879951,0.04,1.3178411432907347e-07,0.005568543449044228,0.022784271724522114
powershell_benign_dataset,2483.ps1,0,1,0.0022181132002842842,0.0,2.5149360460292683e-08,0.0010831888066604733,0.0005415944033302367
powershell_benign_dataset,2484.ps1,0,2,0.0025304011762560972,0.0,1.5575531120457723e-08,0.002080276608467102,0.001040138304233551
powershell_benign_dataset,2485.ps1,0,3,0.520038751460487,0.02,7.535163563389811e-08,0.02028799243271351,0.020143996216356756
powershell_benign_dataset,2486.ps1,0,4,0.03858129907671741,0.0,1.5911576777316836e-08,0.10884930938482285,0.05442465469241142
powershell_benign_dataset,2487.ps1,0,1,0.004770134104446975,0.0,1.0491012070144284e-08,0.000758302106987685,0.0003791510534938425
powershell_benign_dataset,2488.ps1,0,0,0.07692467584017683,0.006666666666666667,3.456142931210892e-07,0.050094038248062134,0.0283803524573644
powershell_benign_dataset,2489.ps1,0,2,0.008135706004054041,0.0,1.5171479873406746e-07,0.01140072476118803,0.005700362380594015
powershell_benign_dataset,249.ps1,0,1,0.013041630111623365,0.06666666666666667,1.0117964818928646e-07,0.05816947668790817,0.06241807167728742
powershell_benign_dataset,2490.ps1,0,2,0.005307227244083696,0.0033333333333333335,1.9025591439056696e-07,0.005406602751463652,0.004369968042398493
powershell_benign_dataset,2491.ps1,0,4,0.0014327265821145107,0.0,3.2621645722106356e-08,0.0072844624519348145,0.0036422312259674072
powershell_benign_dataset,2492.ps1,0,1,0.7337688669822335,0.11,2.666188052558057e-05,0.008214237168431282,0.05910711858421564
powershell_benign_dataset,2493.ps1,0,0,0.5239471387767751,0.27666666666666667,0.03102256182714531,0.28001338243484497,0.2783400245507558
powershell_benign_dataset,2494.ps1,0,0,0.013172090568849727,0.006666666666666667,6.118029974135629e-09,0.058221522718667984,0.032444094692667326
powershell_benign_dataset,2495.ps1,0,0,0.03563945172412983,0.07333333333333333,0.00010638543266495328,0.09755782037973404,0.08544557685653369
powershell_benign_dataset,2496.ps1,0,0,0.092821550540724,0.06333333333333334,1.4051326978304826e-06,0.025712721049785614,0.044523027191559476
powershell_benign_dataset,2497.ps1,0,4,0.02146962142328484,0.023333333333333334,8.98269410309887e-08,0.015142066404223442,0.019237699868778387
powershell_benign_dataset,2498.ps1,0,3,0.014101810714308582,0.023333333333333334,6.537891671161791e-06,0.004565316252410412,0.013949324792871873
powershell_benign_dataset,2499.ps1,0,4,0.05362787372665991,0.0033333333333333335,8.732897616149491e-08,0.006875375285744667,0.0051043543095390005
powershell_benign_dataset,25.ps1,0,1,0.005902120568643203,0.016666666666666666,1.0101661648897863e-07,0.007171780336648226,0.011919223501657446
powershell_benign_dataset,250.ps1,0,2,0.0889143915179939,0.03666666666666667,4.4198525959871806e-05,0.1231699138879776,0.07991829027732214
powershell_benign_dataset,2500.ps1,0,3,0.020472037187499195,0.03,5.616077932424229e-06,0.010625778697431087,0.020312889348715543
powershell_benign_dataset,2501.ps1,0,1,0.14044158221218817,0.18666666666666668,5.093649122464787e-06,0.020677709951996803,0.10367218830933174
powershell_benign_dataset,2502.ps1,0,3,0.027003290869643686,0.006666666666666667,9.170151595129996e-09,0.028856778517365456,0.017761722592016062
powershell_benign_dataset,2503.ps1,0,3,0.013267048613795783,0.03333333333333333,1.3753968808868163e-07,0.002691404428333044,0.01801236888083319
powershell_benign_dataset,2504.ps1,0,0,0.06566715832680313,0.05,7.640826545308598e-08,0.024508172646164894,0.03725408632308245
powershell_benign_dataset,2505.ps1,0,1,0.6631527724529028,0.3233333333333333,6.461143067473294e-07,0.005796785466372967,0.16456505939985314
powershell_benign_dataset,2506.ps1,0,0,0.9141091658270312,0.22333333333333333,1.752232413659637e-05,0.21228991448879242,0.21781162391106287
powershell_benign_dataset,2507.ps1,0,0,0.011687703058637273,0.11,1.9859642025772124e-06,0.2843228280544281,0.19716141402721404
powershell_benign_dataset,2508.ps1,0,3,0.08410966312313695,0.006666666666666667,2.0173866943071707e-07,0.004237542860209942,0.005452104763438305
powershell_benign_dataset,2509.ps1,0,2,0.23192124720315077,0.02,4.358834774104319e-05,0.030751436948776245,0.025375718474388125
powershell_benign_dataset,251.ps1,0,2,0.31626853999366356,0.10333333333333333,6.616689226389338e-07,0.005578089039772749,0.05445571118655304
powershell_benign_dataset,2510.ps1,0,1,0.009836625495658826,0.013333333333333334,5.479046777457147e-05,0.010549966245889664,0.0119416497896115
powershell_benign_dataset,2511.ps1,0,4,0.012134956715835749,0.0,1.5450511993109792e-07,0.006094742100685835,0.0030473710503429174
powershell_benign_dataset,2512.ps1,0,0,0.0437699678238576,0.05333333333333334,7.77837188949974e-06,0.03317077457904816,0.04325205395619075
powershell_benign_dataset,2513.ps1,0,4,0.06143507716427878,0.023333333333333334,1.957819527135192e-07,0.039928145706653595,0.03163073951999346
powershell_benign_dataset,2514.ps1,0,1,0.16007630898194183,0.14333333333333334,3.762854655730045e-05,0.015778709203004837,0.07955602126816909
powershell_benign_dataset,2515.ps1,0,0,0.22767324332359595,0.22333333333333333,0.0003423064434717031,0.06985838711261749,0.1465958602229754
powershell_benign_dataset,2516.ps1,0,1,0.004228014827215961,0.05333333333333334,1.419366679708135e-07,0.01082272082567215,0.03207802707950275
powershell_benign_dataset,2517.ps1,0,3,0.030239729186452898,0.0033333333333333335,1.1600692305260875e-07,0.0030155200511217117,0.003174426692227523
powershell_benign_dataset,2518.ps1,0,4,0.009740085809938443,0.0,5.880740094333826e-08,0.018259486183524132,0.009129743091762066
powershell_benign_dataset,2519.ps1,0,3,0.13744860499124711,0.09333333333333334,4.459828277672676e-06,0.024621788412332535,0.058977560872832936
powershell_benign_dataset,252.ps1,0,3,0.018509200395100546,0.0,1.1504819507809912e-08,0.0038358273450285196,0.0019179136725142598
powershell_benign_dataset,2520.ps1,0,0,0.19200092671252694,0.03333333333333333,1.2328010417726368e-07,0.026429113000631332,0.029881223166982333
powershell_benign_dataset,2521.ps1,0,2,0.07923965464083145,0.05333333333333334,7.4215186654417415e-06,0.035934872925281525,0.044634103129307434
powershell_benign_dataset,2522.ps1,0,3,0.24865381945422585,0.08666666666666667,1.8312748703096564e-05,0.011973581276834011,0.04932012397175034
powershell_benign_dataset,2523.ps1,0,1,0.3459864510732853,0.12,4.1163002791193585e-06,0.3213478624820709,0.22067393124103546
powershell_benign_dataset,2524.ps1,0,1,0.1456564396037196,0.09,5.967736370465767e-05,0.020395973697304726,0.05519798684865236
powershell_benign_dataset,2525.ps1,0,1,0.21519652971231487,0.006666666666666667,8.52577789614045e-08,0.011347433552145958,0.009007050109406313
powershell_benign_dataset,2526.ps1,0,2,0.20535712300150025,0.10333333333333333,0.00018817085865862173,0.00944465957581997,0.05638899645457665
powershell_benign_dataset,2527.ps1,0,4,0.5758449407903389,0.5,0.08400997572055265,0.599797785282135,0.5498988926410675
powershell_benign_dataset,2528.ps1,0,4,0.002052730152890813,0.09666666666666666,1.4877964537161473e-05,0.03747835010290146,0.06707250838478407
powershell_benign_dataset,2529.ps1,0,0,0.010090135881991986,0.05,1.2104014040761243e-07,0.02374912053346634,0.03687456026673317
powershell_benign_dataset,253.ps1,0,3,0.0006125091646042017,0.0,1.1592288001192855e-08,0.009537230245769024,0.004768615122884512
powershell_benign_dataset,2530.ps1,0,3,0.01713790569176683,0.0,2.8776949700504298e-08,0.004978819750249386,0.002489409875124693
powershell_benign_dataset,2531.ps1,0,4,0.2955090454130643,0.10333333333333333,5.717636560364901e-07,0.008415945805609226,0.05587463956947128
powershell_benign_dataset,2532.ps1,0,3,0.02804099278952008,0.08,4.426619378561245e-06,0.021438270807266235,0.05071913540363312
powershell_benign_dataset,2533.ps1,0,0,0.982164600119996,0.36666666666666664,0.010828389577008614,0.1223045364022255,0.24448560153444607
powershell_benign_dataset,2534.ps1,0,4,0.02394291539071888,0.06,8.202610194519202e-07,0.005009989719837904,0.03250499485991895
powershell_benign_dataset,2535.ps1,0,2,0.032063024960340976,0.013333333333333334,2.905906625420007e-07,0.024101711809635162,0.01871752257148425
powershell_benign_dataset,2536.ps1,0,0,0.005207859736188523,0.0,3.3346208115328342e-09,0.02188260294497013,0.010941301472485065
powershell_benign_dataset,2537.ps1,0,2,0.04650354223636855,0.01,8.289215989603336e-08,0.02272949554026127,0.016364747770130635
powershell_benign_dataset,2538.ps1,0,0,0.062168905250883214,0.02,1.9371385860148267e-07,0.013287278823554516,0.01664363941177726
powershell_benign_dataset,2539.ps1,0,2,0.0024628423463490864,0.1,9.420741930447268e-05,0.02268289029598236,0.06134144514799118
powershell_benign_dataset,254.ps1,0,3,0.014148357522974513,0.0,2.183866244092065e-08,0.014631824567914009,0.0073159122839570045
powershell_benign_dataset,2540.ps1,0,4,0.46696658838454125,0.36333333333333334,0.015111539840255095,0.043092261999845505,0.20321279766658942
powershell_benign_dataset,2541.ps1,0,0,0.025669627403322525,0.24666666666666667,0.00042255848947090165,0.029663562774658203,0.13816511472066245
powershell_benign_dataset,2542.ps1,0,1,0.060441803064353566,0.04,3.5051733606857676e-07,0.013431880623102188,0.026715940311551094
powershell_benign_dataset,2543.ps1,0,1,0.035256704083656325,0.0033333333333333335,8.81680777262071e-09,0.007641645614057779,0.005487489473695557
powershell_benign_dataset,2544.ps1,0,3,0.06287161401165482,0.02666666666666667,2.8176967281794784e-06,0.007730324752628803,0.017198495709647738
powershell_benign_dataset,2545.ps1,0,1,0.004005825387965876,0.0033333333333333335,2.222586558028375e-08,0.004093272145837545,0.0037133027395854397
powershell_benign_dataset,2546.ps1,0,3,0.008349857874545837,0.013333333333333334,2.291919893490479e-08,0.022706622257828712,0.018019977795581024
powershell_benign_dataset,2547.ps1,0,0,0.12094955054204044,0.06,1.3300422634404227e-05,0.0753721371293068,0.0676860685646534
powershell_benign_dataset,2548.ps1,0,3,0.010947907256515996,0.023333333333333334,5.310779919687972e-06,0.03447311371564865,0.02890322352449099
powershell_benign_dataset,2549.ps1,0,2,0.0018648166839289684,0.006666666666666667,4.779687080887634e-08,0.020778752863407135,0.013722709765036901
powershell_benign_dataset,255.ps1,0,4,0.029699528720649654,0.016666666666666666,4.4532670545855885e-07,0.03930611535906792,0.02798639101286729
powershell_benign_dataset,2550.ps1,0,3,0.00573145547298408,0.016666666666666666,2.7724139560353295e-06,0.007630574516952038,0.012148620591809352
powershell_benign_dataset,2551.ps1,0,0,0.01070336377027514,0.06333333333333334,1.3712396704284236e-07,0.027081875130534172,0.045207604231933755
powershell_benign_dataset,2552.ps1,0,3,0.019409767194241517,0.06333333333333334,0.00031168158894382666,0.010023137554526329,0.036678235443929834
powershell_benign_dataset,2553.ps1,0,2,0.003989384553404262,0.0,1.2794808850538375e-08,0.004428998567163944,0.002214499283581972
powershell_benign_dataset,2554.ps1,0,4,0.00436499571651302,0.0,1.7707657541410925e-08,0.017216285690665245,0.008608142845332623
powershell_benign_dataset,2556.ps1,0,1,0.37081864025511446,0.15333333333333332,0.0034604517429579072,0.035601623356342316,0.09446747834483782
powershell_benign_dataset,2557.ps1,0,3,0.022604485083120785,0.0033333333333333335,1.6091648767306702e-08,0.0037469565868377686,0.0035401449600855513
powershell_benign_dataset,2558.ps1,0,1,0.017417292421595367,0.05,8.96439525736652e-06,0.023037660866975784,0.036518830433487894
powershell_benign_dataset,2559.ps1,0,1,0.03962994941013515,0.006666666666666667,4.532256568149365e-07,0.007486754097044468,0.007076710381855568
powershell_benign_dataset,256.ps1,0,3,0.02309283623356045,0.02666666666666667,1.6719499615607932e-05,0.012952341698110104,0.019809504182388388
powershell_benign_dataset,2560.ps1,0,2,0.06791972715239175,0.016666666666666666,6.185011817002713e-08,0.03868778049945831,0.027677223583062488
powershell_benign_dataset,2561.ps1,0,3,0.007101513853273129,0.07333333333333333,1.4442891002452136e-06,0.00408379128202796,0.03870856230768065
powershell_benign_dataset,2562.ps1,0,0,0.6489928915636898,0.33666666666666667,4.0839112296747815e-05,0.07249575853347778,0.20458121260007223
powershell_benign_dataset,2563.ps1,0,4,0.00158401198331977,0.11666666666666667,3.251923195609284e-06,0.023588167503476143,0.0701274170850714
powershell_benign_dataset,2564.ps1,0,1,0.161811995375334,0.05,1.0320337875399097e-06,0.0071452041156589985,0.0285726020578295
powershell_benign_dataset,2565.ps1,0,0,0.051467649144425955,0.0033333333333333335,9.619599713179438e-09,0.049191225320100784,0.02626227932671706
powershell_benign_dataset,2566.ps1,0,1,0.632040657588861,0.32,0.007941274946210853,0.02014133334159851,0.17007066667079926
powershell_benign_dataset,2567.ps1,0,0,0.602088993580592,0.11666666666666667,2.1629921688879453e-06,0.026053667068481445,0.07136016686757406
powershell_benign_dataset,2568.ps1,0,2,0.18812147737104767,0.06333333333333334,3.7600055470367875e-05,0.02967834286391735,0.046505838098625345
powershell_benign_dataset,2569.ps1,0,3,0.33879807461506684,0.09333333333333334,0.005876025422101142,0.016659008339047432,0.054996170836190385
powershell_benign_dataset,257.ps1,0,0,0.062218355034560316,0.006666666666666667,6.487442106076584e-06,0.04793344438076019,0.02730005552371343
powershell_benign_dataset,2570.ps1,0,2,0.010311528038940077,0.016666666666666666,1.6355540181202215e-08,0.004204872529953718,0.010435769598310192
powershell_benign_dataset,2571.ps1,0,0,0.010101450872350587,0.02666666666666667,6.356286762658808e-07,0.04970986396074295,0.03818826531370481
powershell_benign_dataset,2572.ps1,0,0,0.028231348445823496,0.01,5.292386808677175e-08,0.06820609420537949,0.03910304710268974
powershell_benign_dataset,2573.ps1,0,2,0.0015187656417096902,0.0,2.9169133147883797e-08,0.007561745587736368,0.003780872793868184
powershell_benign_dataset,2574.ps1,0,1,0.17982041630786266,0.14666666666666667,0.00018388566721691679,0.019647710025310516,0.08315718834598859
powershell_benign_dataset,2575.ps1,0,1,0.02982790558913435,0.0033333333333333335,2.4976036095249963e-07,0.006030662916600704,0.004681998124967019
powershell_benign_dataset,2576.ps1,0,2,0.0713513194659334,0.02,4.681040373117502e-06,0.004899282939732075,0.012449641469866038
powershell_benign_dataset,2577.ps1,0,0,0.13850768607538758,0.15666666666666668,1.268452091778603e-05,0.04545395076274872,0.1010603087147077
powershell_benign_dataset,2578.ps1,0,2,0.7780349710434159,0.07,1.6658789663096328e-06,0.016803031787276268,0.04340151589363814
powershell_benign_dataset,2579.ps1,0,0,0.027820581198656786,0.0,6.228875139356447e-08,0.01681646890938282,0.00840823445469141
powershell_benign_dataset,258.ps1,0,0,0.031432705937687815,0.01,6.349317933165875e-05,0.05464867129921913,0.03232433564960956
powershell_benign_dataset,2580.ps1,0,1,0.2590236315344953,0.23333333333333334,0.0008873593977721788,0.027290232479572296,0.13031178290645282
powershell_benign_dataset,2581.ps1,0,1,0.6473206578671122,0.49,0.9452174402761463,0.024234065786004066,0.25711703289300203
powershell_benign_dataset,2582.ps1,0,2,0.010135527806175793,0.05333333333333334,3.2121910325801406e-07,0.015782902017235756,0.03455811767528455
powershell_benign_dataset,2583.ps1,0,3,0.12118071696929344,0.03,4.5319508820990485e-07,0.008739471435546875,0.019369735717773437
powershell_benign_dataset,2584.ps1,0,0,0.015460157402889859,0.04,3.770436962321561e-08,0.025820055976510048,0.03291002798825503
powershell_benign_dataset,2585.ps1,0,0,0.20195579831124502,0.07,1.1112126892822628e-05,0.04311048611998558,0.056555243059992794
powershell_benign_dataset,2586.ps1,0,1,0.3667670155581564,0.08333333333333333,4.404473987043118e-06,0.012393509969115257,0.04786342165122429
powershell_benign_dataset,2587.ps1,0,2,0.02736320388298134,0.0033333333333333335,2.4570321455845925e-06,0.0074652922339737415,0.005399312783653538
powershell_benign_dataset,2588.ps1,0,1,0.5430343881130624,0.32,7.038099680136213e-05,0.06722308695316315,0.19361154347658158
powershell_benign_dataset,2589.ps1,0,2,0.02303247132954262,0.12,7.413734973049358e-07,0.006389428861439228,0.06319471443071961
powershell_benign_dataset,259.ps1,0,0,0.03625690061230257,0.0033333333333333335,1.6336226406834746e-06,0.04496525600552559,0.02414929466942946
powershell_benign_dataset,2590.ps1,0,2,0.015087020003058041,0.0033333333333333335,3.904482165128123e-09,0.018945900723338127,0.01113961702833573
powershell_benign_dataset,2591.ps1,0,2,0.10810967228888203,0.08,2.4038911925989033e-07,0.012256362475454807,0.046128181237727404
powershell_benign_dataset,2592.ps1,0,1,0.00010923981746367087,0.25,3.244949627711231e-05,0.04738271236419678,0.1486913561820984
powershell_benign_dataset,2593.ps1,0,0,0.06631505485135902,0.056666666666666664,9.810573062624804e-07,0.040848370641469955,0.04875751865406831
powershell_benign_dataset,2594.ps1,0,1,0.12762446158466895,0.15333333333333332,4.6726420894202594e-05,0.07903162389993668,0.116182478616635
powershell_benign_dataset,2595.ps1,0,4,0.015507658291020035,0.02666666666666667,1.1628599767247854e-07,0.009515076875686646,0.01809087177117666
powershell_benign_dataset,2596.ps1,0,4,0.0038891802241873066,0.006666666666666667,4.455228646884121e-07,0.01782800443470478,0.012247335550685724
powershell_benign_dataset,2597.ps1,0,2,0.17014067201825817,0.07666666666666666,2.6933655754459345e-06,0.01764100044965744,0.04715383355816205
powershell_benign_dataset,2598.ps1,0,4,0.21368196531707478,0.22666666666666666,2.1911607863465845e-05,0.007781036663800478,0.11722385166523357
powershell_benign_dataset,2599.ps1,0,4,0.003088730899428793,0.08666666666666667,1.875828095317179e-06,0.014291905798017979,0.050479286232342324
powershell_benign_dataset,26.ps1,0,0,0.006988304900745565,0.0,1.8200654854590156e-08,0.011207330971956253,0.0056036654859781265
powershell_benign_dataset,260.ps1,0,1,0.010327157566964684,0.0,2.624650004189157e-09,0.020549193024635315,0.010274596512317657
powershell_benign_dataset,2600.ps1,0,4,0.029508233698294972,0.15333333333333332,6.081501399362281e-06,0.010887477546930313,0.08211040544013182
powershell_benign_dataset,2601.ps1,0,1,0.046043934189849346,0.0033333333333333335,4.2660447640781196e-07,0.00980351958423853,0.006568426458785932
powershell_benign_dataset,2602.ps1,0,0,0.07312924520170672,0.01,8.981103961163282e-07,0.03169959411025047,0.020849797055125237
powershell_benign_dataset,2603.ps1,0,2,0.01608876064499943,0.02666666666666667,4.364220997782621e-07,0.08525801450014114,0.05596234058340391
powershell_benign_dataset,2604.ps1,0,3,0.1350429649104254,0.43,0.635958525188513,0.014300769194960594,0.2221503845974803
powershell_benign_dataset,2605.ps1,0,0,0.31006895817869373,0.06,7.794480518705982e-06,0.13529233634471893,0.09764616817235947
powershell_benign_dataset,2607.ps1,0,4,0.07274373418780716,0.07666666666666666,2.0667941038331446e-07,0.0274377278983593,0.05205219728251298
powershell_benign_dataset,2608.ps1,0,2,0.0728700645573774,0.08,8.705854470805595e-07,0.011928710155189037,0.04596435507759452
powershell_benign_dataset,2609.ps1,0,0,0.13992267027556507,0.15333333333333332,7.453464564000363e-05,0.06722273677587509,0.1102780350546042
powershell_benign_dataset,261.ps1,0,4,0.0121498732010145,0.0,2.145827004787238e-08,0.007456993218511343,0.0037284966092556715
powershell_benign_dataset,2610.ps1,0,4,0.047738180915505114,0.06666666666666667,1.5566900100283744e-06,0.01503452006727457,0.04085059336697062
powershell_benign_dataset,2611.ps1,0,1,0.07852540718881555,0.023333333333333334,6.222727152177757e-07,0.025726810097694397,0.024530071715513864
powershell_benign_dataset,2612.ps1,0,3,0.3619987151989458,0.2,8.715307655000263e-05,0.011703196913003922,0.10585159845650197
powershell_benign_dataset,2613.ps1,0,1,0.06413279278703521,0.0033333333333333335,1.5700487644154013e-08,0.010219399817287922,0.006776366575310628
powershell_benign_dataset,2614.ps1,0,2,0.4137210938609318,0.05,1.674641415813226e-06,0.019154781475663185,0.034577390737831594
powershell_benign_dataset,2615.ps1,0,1,0.017920978195871972,0.006666666666666667,5.15316037002847e-06,0.02969522960484028,0.018180948135753473
powershell_benign_dataset,2616.ps1,0,2,0.028153424278753156,0.023333333333333334,1.9768425922913158e-08,0.016168413683772087,0.01975087350855271
powershell_benign_dataset,2617.ps1,0,2,0.005780877927030375,0.006666666666666667,2.599169778980273e-08,0.0026918319053947926,0.00467924928603073
powershell_benign_dataset,2618.ps1,0,2,0.0872453747328002,0.04,4.7482407087023414e-07,0.013871760107576847,0.026935880053788424
powershell_benign_dataset,2619.ps1,0,1,0.09453181516543449,0.18333333333333332,1.311855515160396e-06,0.007500152103602886,0.0954167427184681
powershell_benign_dataset,262.ps1,0,2,0.03835321702678021,0.023333333333333334,7.336845047352974e-05,0.02113058604300022,0.022231959688166776
powershell_benign_dataset,2620.ps1,0,3,0.07986738215084949,0.02,1.5257923834268314e-07,0.014621082693338394,0.0173105413466692
powershell_benign_dataset,2621.ps1,0,1,0.012288892288683623,0.0,6.881865243600052e-09,0.0070412722416222095,0.0035206361208111048
powershell_benign_dataset,2622.ps1,0,3,0.2301717011662659,0.07,0.00019786392566029047,0.015035797841846943,0.042517898920923475
powershell_benign_dataset,2623.ps1,0,3,0.04285860578279048,0.006666666666666667,2.2771795245926215e-07,0.0061900559812784195,0.006428361323972544
powershell_benign_dataset,2624.ps1,0,3,0.185956524303907,0.056666666666666664,6.119952523221751e-06,0.02652418427169323,0.04159542546917995
powershell_benign_dataset,2625.ps1,0,4,0.07175313767401727,0.03,0.0007393769571992963,0.022643668577075005,0.0263218342885375
powershell_benign_dataset,2626.ps1,0,1,0.7498142693577409,0.26,0.001782872815215583,0.01296817697584629,0.13648408848792315
powershell_benign_dataset,2627.ps1,0,1,0.10543113181365184,0.06333333333333334,3.345252282805385e-07,0.005523693282157183,0.03442851330774526
powershell_benign_dataset,2628.ps1,0,0,0.12476937829952081,0.01,7.320041432055226e-07,0.03440940007567406,0.02220470003783703
powershell_benign_dataset,2629.ps1,0,1,0.18431105873426318,0.07,1.0465514607889e-05,0.010839441791176796,0.0404197208955884
powershell_benign_dataset,263.ps1,0,0,0.018602624952556237,0.016666666666666666,5.479168663430725e-07,0.035644181072711945,0.026155423869689304
powershell_benign_dataset,2630.ps1,0,1,0.05414672937777889,0.03666666666666667,9.114544936788559e-08,0.008306644856929779,0.022486655761798223
powershell_benign_dataset,2631.ps1,0,1,0.3169519798076853,0.55,0.826356762568724,0.10660646110773087,0.32830323055386545
powershell_benign_dataset,2632.ps1,0,2,0.11292332725761016,0.09,0.0003281920973042557,0.005219964776188135,0.047609982388094066
powershell_benign_dataset,2633.ps1,0,2,0.023999728699656993,0.0,5.4299865066762305e-09,0.002921005943790078,0.001460502971895039
powershell_benign_dataset,2634.ps1,0,3,0.0005566171552137083,0.06333333333333334,3.0300287568105194e-06,0.005768253467977047,0.03455079340065519
powershell_benign_dataset,2635.ps1,0,0,0.04313536836456935,0.06,2.8333727232487356e-07,0.08319481462240219,0.0715974073112011
powershell_benign_dataset,2636.ps1,0,1,0.17657802038598353,0.08,9.800224827569869e-06,0.0729367583990097,0.07646837919950486
powershell_benign_dataset,2637.ps1,0,1,0.22950349978096884,0.023333333333333334,1.3365547773173287e-08,0.005198030732572079,0.014265682032952707
powershell_benign_dataset,2638.ps1,0,2,0.0076456069544878665,0.0,7.0580199177960125e-09,0.009610618464648724,0.004805309232324362
powershell_benign_dataset,2639.ps1,0,1,0.07895957162203536,0.01,7.397710546921447e-07,0.04307406768202782,0.02653703384101391
powershell_benign_dataset,264.ps1,0,3,0.013279167433548022,0.006666666666666667,1.482394848421927e-08,0.010207204148173332,0.00843693540742
powershell_benign_dataset,2640.ps1,0,3,0.0984734906461422,0.0,8.797855270048249e-07,0.005170398857444525,0.0025851994287222624
powershell_benign_dataset,2641.ps1,0,1,0.06748693270937814,0.0033333333333333335,1.554668881175139e-07,0.008141711354255676,0.005737522343794505
powershell_benign_dataset,2642.ps1,0,3,0.04210994958299039,0.0,2.4384310575231633e-08,0.029716437682509422,0.014858218841254711
powershell_benign_dataset,2643.ps1,0,4,0.01825932773323893,0.06666666666666667,2.0733633538813733e-07,0.00519953016191721,0.03593309841429194
powershell_benign_dataset,2644.ps1,0,2,0.056337392413540174,0.023333333333333334,7.482823826219236e-07,0.017119938507676125,0.020226635920504728
powershell_benign_dataset,2645.ps1,0,1,0.14156067236217298,0.02666666666666667,2.434397375281312e-06,0.010807513259351254,0.018737089963008963
powershell_benign_dataset,2646.ps1,0,3,0.02559166704674784,0.006666666666666667,1.2477976433991538e-07,0.0032583398278802633,0.004962503247273466
powershell_benign_dataset,2647.ps1,0,4,0.88716687658887,0.22333333333333333,6.468699800687081e-05,0.01579112559556961,0.11956222946445147
powershell_benign_dataset,2648.ps1,0,4,0.05349660372823736,0.013333333333333334,1.9349128617668017e-07,0.007883431389927864,0.0106083823616306
powershell_benign_dataset,2649.ps1,0,1,0.8707569539006667,0.18666666666666668,6.561062765453922e-06,0.03268086537718773,0.1096737660219272
powershell_benign_dataset,265.ps1,0,1,0.014430195283952818,0.03666666666666667,6.188579835772756e-07,0.0038370320107787848,0.020251849338722726
powershell_benign_dataset,2650.ps1,0,2,0.07702776662030536,0.06666666666666667,1.4899146472939074e-07,0.010560279712080956,0.03861347318937381
powershell_benign_dataset,2651.ps1,0,2,0.2774454586663871,0.06,1.230800890878683e-06,0.014366413466632366,0.03718320673331618
powershell_benign_dataset,2652.ps1,0,4,0.009975944882966235,0.006666666666666667,1.2191864891449824e-07,0.023602228611707687,0.015134447639187178
powershell_benign_dataset,2653.ps1,0,2,0.034125842534459924,0.05,5.327252499974383e-08,0.004419118631631136,0.02720955931581557
powershell_benign_dataset,2654.ps1,0,3,0.00020117637529724642,0.02666666666666667,3.057533348851459e-07,0.06586726009845734,0.046266963382562004
powershell_benign_dataset,2655.ps1,0,4,0.027008828464198987,0.0033333333333333335,1.1400759253439921e-07,0.0026997339446097612,0.0030165336389715476
powershell_benign_dataset,2656.ps1,0,3,0.03787634207789945,0.06333333333333334,1.526861973745047e-06,0.012779667042195797,0.03805650018776457
powershell_benign_dataset,2657.ps1,0,1,0.9951164342001154,0.3433333333333333,0.03277150030563345,0.08661162108182907,0.2149724772075812
powershell_benign_dataset,2658.ps1,0,0,5.7550222680554554e-05,0.006666666666666667,5.955412507903874e-07,0.022912396118044853,0.01478953139235576
powershell_benign_dataset,2659.ps1,0,3,0.05073518198493803,0.07333333333333333,1.0861393445991368e-06,0.011921973899006844,0.04262765361617009
powershell_benign_dataset,266.ps1,0,2,0.005451872651336302,0.0,3.8706783680588496e-09,0.00791122019290924,0.00395561009645462
powershell_benign_dataset,2660.ps1,0,0,0.10945836051333233,0.09333333333333334,5.104780252852031e-06,0.03397316485643387,0.0636532490948836
powershell_benign_dataset,2661.ps1,0,3,0.0398568228041078,0.08333333333333333,3.2004732824571724e-06,0.004644774831831455,0.04398905408258239
powershell_benign_dataset,2662.ps1,0,1,0.022910888414886612,0.06666666666666667,6.912592106028379e-05,0.0042613474652171135,0.03546400706594189
powershell_benign_dataset,2663.ps1,0,4,0.0287006189708143,0.0033333333333333335,1.4881370987731959e-08,0.002542555797845125,0.0029379445655892296
powershell_benign_dataset,2664.ps1,0,4,0.012702198948427182,0.21,1.9219195474410857e-06,0.04213209077715874,0.12606604538857935
powershell_benign_dataset,2665.ps1,0,1,0.12807210561220173,0.16,7.179694561041755e-07,0.07871878892183304,0.11935939446091652
powershell_benign_dataset,2666.ps1,0,1,0.16307660815936986,0.07666666666666666,0.0005253631541288389,0.029777295887470245,0.05322198127706845
powershell_benign_dataset,2667.ps1,0,3,0.1208941264122616,0.13333333333333333,1.2939354292538546e-06,0.014571968466043472,0.0739526508996884
powershell_benign_dataset,2668.ps1,0,0,0.10281605972780544,0.04666666666666667,1.4423418222903297e-06,0.05059432238340378,0.04863049452503522
powershell_benign_dataset,2669.ps1,0,4,0.003914241673845655,0.0,9.045762451811865e-09,0.005421049892902374,0.002710524946451187
powershell_benign_dataset,267.ps1,0,3,0.0036664801541416866,0.013333333333333334,1.2240325103036493e-06,0.01574803702533245,0.014540685179332893
powershell_benign_dataset,2670.ps1,0,0,0.2531243655952561,0.13666666666666666,0.00013576545570480474,0.7139173746109009,0.4252920206387838
powershell_benign_dataset,2671.ps1,0,2,0.12076481704854633,0.07,1.8224332577756272e-06,0.004168044775724411,0.03708402238786221
powershell_benign_dataset,2672.ps1,0,3,0.9484378263893298,0.5366666666666666,0.8436422176140664,0.6466227173805237,0.5916446920235952
powershell_benign_dataset,2673.ps1,0,3,0.019211340367843742,0.0033333333333333335,4.037550265412608e-08,0.0013003554195165634,0.0023168443764249487
powershell_benign_dataset,2674.ps1,0,2,0.007497018412251899,0.01,1.0148123855909657e-06,0.017302226275205612,0.013651113137602807
powershell_benign_dataset,2675.ps1,0,1,0.515714873377774,0.06,1.7645983954774665e-07,0.011553579941391945,0.03577678997069597
powershell_benign_dataset,2676.ps1,0,3,0.002499153273280507,0.0033333333333333335,1.8037920423846853e-08,0.0018228820990771055,0.0025781077162052198
powershell_benign_dataset,2677.ps1,0,2,0.003475023653970182,0.006666666666666667,5.40283565448306e-08,0.003206228604540229,0.004936447635603448
powershell_benign_dataset,2678.ps1,0,3,0.6242160073281054,0.16,6.268357083394066e-07,0.019283872097730637,0.08964193604886532
powershell_benign_dataset,2679.ps1,0,3,0.006959198137161694,0.0,2.6647527646375515e-09,0.0028803551103919744,0.0014401775551959872
powershell_benign_dataset,268.ps1,0,3,0.01013381622032214,0.006666666666666667,1.5315780951750134e-07,0.010872118175029755,0.008769392420848211
powershell_benign_dataset,2680.ps1,0,2,0.005144573818196062,0.0,1.944706169277502e-08,0.003222882514819503,0.0016114412574097514
powershell_benign_dataset,2681.ps1,0,1,0.007232895047939528,0.0,3.6012984767325193e-09,0.0041105616837739944,0.0020552808418869972
powershell_benign_dataset,2682.ps1,0,1,0.006521461993249826,0.0,1.3521788591964636e-09,0.004424101673066616,0.002212050836533308
powershell_benign_dataset,2683.ps1,0,0,0.0080520502831667,0.04,1.0939055691184038e-06,0.02714700810611248,0.033573504053056244
powershell_benign_dataset,2684.ps1,0,2,0.02793145435633091,0.04666666666666667,1.547896916409226e-06,0.013899842277169228,0.030283254471917948
powershell_benign_dataset,2685.ps1,0,3,0.013373245693496582,0.14333333333333334,5.733212395755705e-06,0.03756171092391014,0.09044752212862174
powershell_benign_dataset,2686.ps1,0,4,0.05483951185300273,0.05333333333333334,1.9220363565632207e-07,0.051488202065229416,0.05241076769928138
powershell_benign_dataset,2687.ps1,0,4,0.07237800746266758,0.023333333333333334,1.8538331543336487e-06,0.008562960661947727,0.01594814699764053
powershell_benign_dataset,2688.ps1,0,1,0.0031677703648554235,0.0,1.6070792754900044e-08,0.024580322206020355,0.012290161103010178
powershell_benign_dataset,2689.ps1,0,1,0.33617387010453303,0.27,0.000209172640351377,0.6986198425292969,0.48430992126464845
powershell_benign_dataset,269.ps1,0,1,0.009781358258389909,0.0033333333333333335,3.1206114261861626e-06,0.002766895806416869,0.0030501145698751016
powershell_benign_dataset,2690.ps1,0,0,0.011803382692634262,0.0,6.928290316512605e-08,0.08981595933437347,0.04490797966718674
powershell_benign_dataset,2691.ps1,0,3,0.43207358217008274,0.05333333333333334,1.3534637642050965e-07,0.06028897687792778,0.05681115510563056
powershell_benign_dataset,2692.ps1,0,3,0.3212349458064156,0.3233333333333333,0.01161057216928154,0.5344855189323425,0.4289094261328379
powershell_benign_dataset,2693.ps1,0,3,0.7208211215866994,0.6966666666666667,0.5038497323201598,0.643440842628479,0.6700537546475729
powershell_benign_dataset,2694.ps1,0,2,0.04742186887052678,0.03666666666666667,0.00034023974394262874,0.019558120518922806,0.028112393592794736
powershell_benign_dataset,2695.ps1,0,2,0.017739869751942628,0.0,4.1628353374526415e-08,0.015379457734525204,0.007689728867262602
powershell_benign_dataset,2696.ps1,0,3,0.020115821400463845,0.056666666666666664,8.248134894175127e-08,0.011144476011395454,0.03390557133903106
powershell_benign_dataset,2697.ps1,0,2,0.02099405925837692,0.15666666666666668,3.0294095522788032e-05,0.00886180903762579,0.08276423785214623
powershell_benign_dataset,2698.ps1,0,0,0.11942259594217028,0.01,7.077537981881849e-07,0.24333572387695312,0.12666786193847657
powershell_benign_dataset,2699.ps1,0,0,0.018550885801415465,0.006666666666666667,3.604108702658085e-07,0.07100675255060196,0.038836709608634314
powershell_benign_dataset,27.ps1,0,1,0.030192573048253943,0.0,2.9448621450015667e-08,0.002243809401988983,0.0011219047009944916
powershell_benign_dataset,270.ps1,0,2,0.009381011930367725,0.02,3.664432595877018e-08,0.003689388046041131,0.011844694023020566
powershell_benign_dataset,2700.ps1,0,1,0.5444027523545393,0.5933333333333334,0.007527613267911945,0.690875768661499,0.6421045509974161
powershell_benign_dataset,2701.ps1,0,2,0.020881013253624348,0.08666666666666667,0.0010809458834859912,0.0188286229968071,0.052747644831736884
powershell_benign_dataset,2702.ps1,0,0,0.9255856622665749,0.7633333333333333,0.9857998648621306,0.9126466512680054,0.8379899923006693
powershell_benign_dataset,2703.ps1,0,3,0.007191440618074565,0.08,2.5295684715753543e-06,0.03411905840039253,0.05705952920019627
powershell_benign_dataset,2704.ps1,0,3,0.03518029605455656,0.03333333333333333,0.0002853287008809047,0.038559094071388245,0.035946213702360785
powershell_benign_dataset,2705.ps1,0,4,0.3073525326609085,0.28,0.0001936124470105377,0.07103568315505981,0.17551784157752992
powershell_benign_dataset,2706.ps1,0,4,0.12659316888191188,0.30333333333333334,0.002259612869819384,0.24889719486236572,0.27611526409784953
powershell_benign_dataset,2707.ps1,0,1,0.0720391314229947,0.37333333333333335,0.000278614389371794,0.12510816752910614,0.24922075043121975
powershell_benign_dataset,2708.ps1,0,4,0.6338187856272722,0.3333333333333333,0.4752596961558151,0.1024310514330864,0.21788219238320986
powershell_benign_dataset,2709.ps1,0,0,0.1096219567153174,0.07333333333333333,6.4648549399139145e-06,0.05190576612949371,0.06261954973141352
powershell_benign_dataset,271.ps1,0,3,0.04818110337903383,0.07666666666666666,1.0508811470823623e-05,0.06120862811803818,0.06893764739235242
powershell_benign_dataset,2710.ps1,0,4,0.023187861565729308,0.02,3.7531876295767374e-06,0.024388326331973076,0.02219416316598654
powershell_benign_dataset,2711.ps1,0,0,0.05046730798565838,0.32666666666666666,0.01985300840414555,0.19762590527534485,0.26214628597100575
powershell_benign_dataset,2712.ps1,0,4,0.0614099461435699,0.006666666666666667,8.234283674167951e-07,0.0076686060056090355,0.007167636336137852
powershell_benign_dataset,2713.ps1,0,1,0.0929472445454922,0.06333333333333334,2.2217197549080285e-05,0.13093650341033936,0.09713491837183635
powershell_benign_dataset,2714.ps1,0,0,0.09211286970329353,0.013333333333333334,1.1433856385111288e-06,0.06393866240978241,0.03863599787155787
powershell_benign_dataset,2715.ps1,0,3,0.02337370577511159,0.043333333333333335,2.6455117464618087e-05,0.011902375146746635,0.027617854240039985
powershell_benign_dataset,2716.ps1,0,3,0.10477967693215842,0.05,9.118780230641528e-05,0.04090574383735657,0.045452871918678285
powershell_benign_dataset,2717.ps1,0,3,0.20590895539701326,0.06333333333333334,2.8960629097413513e-05,0.16062800586223602,0.11198066959778469
powershell_benign_dataset,2718.ps1,0,1,0.023827311947097172,0.013333333333333334,1.2181344514950052e-06,0.014952675439417362,0.014143004386375349
powershell_benign_dataset,2719.ps1,0,2,0.0006237488457327073,0.09,2.4396491108127485e-08,0.013307029381394386,0.05165351469069719
powershell_benign_dataset,272.ps1,0,4,0.006697795083796557,0.023333333333333334,1.7699184527537412e-06,0.0063124713487923145,0.014822902341062824
powershell_benign_dataset,2720.ps1,0,1,0.0014341484050291431,0.0033333333333333335,4.210418230994081e-08,0.003454606980085373,0.0033939701567093535
powershell_benign_dataset,2721.ps1,0,2,0.05313119913337758,0.25333333333333335,0.20262464082729717,0.07193871587514877,0.16263602460424106
powershell_benign_dataset,2722.ps1,0,0,0.014347188543486848,0.016666666666666666,2.9062151812156916e-08,0.1127399280667305,0.06470329736669858
powershell_benign_dataset,2723.ps1,0,4,0.05506919497755617,0.07,9.868844976547685e-06,0.0771142840385437,0.07355714201927185
powershell_benign_dataset,2724.ps1,0,4,0.009404446577740302,0.0,9.476350122167887e-09,0.016682567074894905,0.008341283537447453
powershell_benign_dataset,2725.ps1,0,0,0.19654868165104133,0.02,4.49293705435785e-07,0.07585731148719788,0.04792865574359894
powershell_benign_dataset,2726.ps1,0,3,0.037252231548755184,0.016666666666666666,6.133228048772621e-08,0.014033595100045204,0.015350130883355935
powershell_benign_dataset,2727.ps1,0,4,0.14226948985865145,0.08333333333333333,2.3607586755308563e-06,0.01935454085469246,0.051343937094012894
powershell_benign_dataset,2728.ps1,0,2,0.04652906894474607,0.13333333333333333,1.964352409479343e-06,0.08213257789611816,0.10773295561472575
powershell_benign_dataset,2729.ps1,0,0,0.022780742987860265,0.0,5.6267141482635786e-08,0.127524733543396,0.063762366771698
powershell_benign_dataset,273.ps1,0,2,0.009534547962340299,0.01,7.30492274336372e-08,0.014461077749729156,0.01223053887486458
powershell_benign_dataset,2730.ps1,0,4,0.061317526354005045,0.023333333333333334,1.237043229410606e-07,0.20328713953495026,0.1133102364341418
powershell_benign_dataset,2731.ps1,0,1,0.08159862744207738,0.04,4.144510000430796e-07,0.046091228723526,0.043045614361763004
powershell_benign_dataset,2732.ps1,0,3,0.18304743911067467,0.02666666666666667,0.0018687025349375884,0.006465177051723003,0.016565921859194838
powershell_benign_dataset,2733.ps1,0,2,0.01741898747502786,0.0,3.5354431350565035e-07,0.015562332235276699,0.0077811661176383495
powershell_benign_dataset,2734.ps1,0,3,0.3169570058271556,0.08666666666666667,0.0001578797143674807,0.011137682944536209,0.04890217480560144
powershell_benign_dataset,2735.ps1,0,0,0.27644810338918197,0.06666666666666667,1.0344094398922787e-05,0.018585246056318283,0.042625956361492474
powershell_benign_dataset,2736.ps1,0,4,0.38386142879872304,0.31333333333333335,0.010762485868951044,0.1704205721616745,0.24187695274750393
powershell_benign_dataset,2737.ps1,0,4,0.043172431126739054,0.013333333333333334,3.389800059062622e-07,0.022173194214701653,0.017753263774017494
powershell_benign_dataset,2738.ps1,0,1,0.17780405819001133,0.03,1.3396426050813441e-07,0.017217939719557762,0.02360896985977888
powershell_benign_dataset,2739.ps1,0,2,0.12323094689317186,0.016666666666666666,1.609571970207522e-05,0.06687941402196884,0.04177304034431775
powershell_benign_dataset,274.ps1,0,3,0.015549556887212287,0.0033333333333333335,2.8869165937228756e-07,0.08273858577013016,0.04303595955173174
powershell_benign_dataset,2740.ps1,0,1,0.019391852443447596,0.023333333333333334,5.876125677036298e-06,0.011826376430690289,0.01757985488201181
powershell_benign_dataset,2741.ps1,0,1,0.050312722314987464,0.03,0.0002184620635365952,0.012199400924146175,0.021099700462073087
powershell_benign_dataset,2742.ps1,0,1,0.03050039917648564,0.016666666666666666,1.1668883459039147e-07,0.053033750504255295,0.03485020858546098
powershell_benign_dataset,2743.ps1,0,4,0.0013501791033680962,0.006666666666666667,8.490371797445112e-09,0.016844771802425385,0.011755719234546026
powershell_benign_dataset,2744.ps1,0,4,0.0047042651371838416,0.08333333333333333,1.953586427760812e-05,0.04423477128148079,0.06378405230740705
powershell_benign_dataset,2745.ps1,0,3,0.061530218620117115,0.03666666666666667,9.30204266247248e-08,0.014487619511783123,0.025577143089224895
powershell_benign_dataset,2746.ps1,0,0,0.013171498391922883,0.0033333333333333335,1.5942092632823706e-08,0.04501137137413025,0.02417235235373179
powershell_benign_dataset,2747.ps1,0,0,0.0017693496873554331,0.07333333333333333,3.7256505730085833e-06,0.14219023287296295,0.10776178310314814
powershell_benign_dataset,2748.ps1,0,3,0.001619696459391301,0.04,7.950932016846702e-07,0.07888755947351456,0.05944377973675728
powershell_benign_dataset,2749.ps1,0,0,0.02606356809261484,0.013333333333333334,1.0630629581194091e-06,0.13360533118247986,0.0734693322579066
powershell_benign_dataset,275.ps1,0,3,0.021258517879701982,0.016666666666666666,2.2409181540386416e-06,0.004223174881190062,0.010444920773928364
powershell_benign_dataset,2750.ps1,0,1,0.6181213594050173,0.05333333333333334,1.8012109520560904e-06,0.035660162568092346,0.044496747950712845
powershell_benign_dataset,2751.ps1,0,2,0.029048107705624,0.0,6.615121666474883e-08,0.022708959877490997,0.011354479938745499
powershell_benign_dataset,2752.ps1,0,1,0.29238139496340537,0.06,1.2907049172221235e-06,0.042762309312820435,0.051381154656410216
powershell_benign_dataset,2753.ps1,0,1,0.132944946330746,0.013333333333333334,4.07674000520184e-07,0.30062782764434814,0.15698058048884073
powershell_benign_dataset,2754.ps1,0,0,0.044799730224727066,0.023333333333333334,2.983910043933253e-06,0.0824011042714119,0.05286721880237261
powershell_benign_dataset,2755.ps1,0,2,0.05792828120403176,0.02666666666666667,2.4600664863513723e-05,0.023384178057312965,0.02502542236198982
powershell_benign_dataset,2756.ps1,0,2,0.00908311337580009,0.0,2.1795030221064287e-08,0.015263686887919903,0.007631843443959951
powershell_benign_dataset,2757.ps1,0,3,0.015332418001024686,0.016666666666666666,3.7707212672057004e-07,0.015006245113909245,0.015836455890287954
powershell_benign_dataset,2758.ps1,0,2,0.04371568365976756,0.08666666666666667,2.1120339663306596e-08,0.08594443649053574,0.0863055515786012
powershell_benign_dataset,2759.ps1,0,0,0.12803311549284344,0.09666666666666666,0.004234114984132087,0.3526884913444519,0.2246775790055593
powershell_benign_dataset,276.ps1,0,3,0.01325326911779771,0.006666666666666667,1.197248865765745e-07,0.007468740921467543,0.007067703794067105
powershell_benign_dataset,2760.ps1,0,1,0.7429074444700502,0.58,0.9615968605533489,0.5821711421012878,0.581085571050644
powershell_benign_dataset,2761.ps1,0,4,0.05238446960628589,0.12333333333333334,5.834032920540599e-05,0.010238082148134708,0.06678570774073403
powershell_benign_dataset,2762.ps1,0,4,0.057276145670650376,0.06333333333333334,1.842052108648659e-07,0.12577426433563232,0.09455379883448284
powershell_benign_dataset,2763.ps1,0,3,0.03097045280714938,0.01,2.144384305039537e-08,0.04482944309711456,0.027414721548557282
powershell_benign_dataset,2764.ps1,0,0,0.2890729481431669,0.26,0.0008346606519426939,0.1526241898536682,0.2063120949268341
powershell_benign_dataset,2765.ps1,0,2,0.011919821159027868,0.0033333333333333335,9.933696527717536e-09,0.02459203451871872,0.013962683926026027
powershell_benign_dataset,2766.ps1,0,2,0.06772390683213647,0.14666666666666667,0.00010481021724051322,0.008202164433896542,0.0774344155502816
powershell_benign_dataset,2767.ps1,0,0,0.11023360534976785,0.06,4.1673177340178115e-06,0.10954105854034424,0.08477052927017212
powershell_benign_dataset,2768.ps1,0,4,0.05507979549801175,0.15,0.00014749521123780295,0.012327632866799831,0.08116381643339991
powershell_benign_dataset,2769.ps1,0,2,0.05753609997478302,0.12333333333333334,4.340967085018861e-05,0.4788398742675781,0.3010866038004557
powershell_benign_dataset,277.ps1,0,1,0.009126615883510363,0.0,4.464625834142735e-09,0.012379515916109085,0.0061897579580545425
powershell_benign_dataset,2770.ps1,0,0,0.04994651537157754,0.02666666666666667,1.427520396331658e-07,0.05707860738039017,0.04187263702352842
powershell_benign_dataset,2771.ps1,0,2,0.0006795742833937008,0.0,3.0896942443777796e-08,0.03504354879260063,0.017521774396300316
powershell_benign_dataset,2772.ps1,0,3,0.2810748540644473,0.20333333333333334,0.0013123592722877415,0.016977285966277122,0.11015530964980523
powershell_benign_dataset,2773.ps1,0,0,0.02791303975662917,0.04666666666666667,4.247862559465272e-06,0.10564203560352325,0.07615435113509496
powershell_benign_dataset,2774.ps1,0,2,0.017214296758181195,0.03,1.3952924071096367e-07,0.003429398639127612,0.016714699319563806
powershell_benign_dataset,2775.ps1,0,2,0.4069857398580719,0.26666666666666666,0.00046726257128134826,0.04855876415967941,0.15761271541317304
powershell_benign_dataset,2776.ps1,0,4,0.002462098367396841,0.03,1.6560607897267477e-07,0.0049740406684577465,0.017487020334228873
powershell_benign_dataset,2777.ps1,0,3,0.018628270554859473,0.08666666666666667,4.845336097504058e-07,0.02355785109102726,0.055112258878846965
powershell_benign_dataset,2778.ps1,0,2,0.006115201079799847,0.0,1.3711549437269197e-07,0.0075777145102620125,0.0037888572551310062
powershell_benign_dataset,2779.ps1,0,4,0.16307667670796286,0.006666666666666667,4.2095100575194716e-08,0.007430317346006632,0.00704849200633665
powershell_benign_dataset,278.ps1,0,0,0.008274679140134591,0.0,3.4816087220364e-08,0.010353249497711658,0.005176624748855829
powershell_benign_dataset,2780.ps1,0,3,0.023294031960593424,0.03666666666666667,9.515545818535117e-06,0.0011862065875902772,0.018926436627128472
powershell_benign_dataset,2781.ps1,0,1,0.14547029078743565,0.04666666666666667,4.766197288104918e-06,0.40149644017219543,0.22408155341943106
powershell_benign_dataset,2782.ps1,0,1,0.06818516689408724,0.006666666666666667,1.4543836777093131e-07,0.016573721542954445,0.011620194104810556
powershell_benign_dataset,2783.ps1,0,0,0.19310210028683014,0.006666666666666667,2.4970971348227694e-06,0.062029123306274414,0.03434789498647054
powershell_benign_dataset,2784.ps1,0,2,0.06377806039868676,0.006666666666666667,1.645423410554111e-08,0.006768497638404369,0.006717582152535519
powershell_benign_dataset,2785.ps1,0,2,0.02183331725436688,0.0033333333333333335,2.951631264942866e-09,0.005828922148793936,0.004581127741063635
powershell_benign_dataset,2786.ps1,0,1,0.09172970700531269,0.006666666666666667,1.9724672311005864e-07,0.01084926724433899,0.008757966955502829
powershell_benign_dataset,2787.ps1,0,4,0.10534946128291825,0.0,1.9991560055743077e-07,0.006871622055768967,0.0034358110278844833
powershell_benign_dataset,2788.ps1,0,4,0.043363420277548866,0.0033333333333333335,2.1982223417197363e-07,0.004740495700389147,0.00403691451686124
powershell_benign_dataset,2789.ps1,0,3,0.1332522117494867,0.006666666666666667,3.532007575750494e-07,0.008380916900932789,0.007523791783799728
powershell_benign_dataset,279.ps1,0,3,0.0070620175965726145,0.006666666666666667,1.1302755850469512e-08,0.006493638269603252,0.00658015246813496
powershell_benign_dataset,2790.ps1,0,4,0.08443290176521413,0.006666666666666667,3.540834502870761e-07,0.0073571838438510895,0.007011925255258879
powershell_benign_dataset,2791.ps1,0,0,0.05545346681063998,0.006666666666666667,5.014287653901267e-06,0.043955523520708084,0.025311095093687376
powershell_benign_dataset,2792.ps1,0,0,0.045404615140981444,0.0,2.0933184874647166e-08,0.033975955098867416,0.016987977549433708
powershell_benign_dataset,2793.ps1,0,3,0.03774611214684047,0.0033333333333333335,6.327987790511235e-08,0.007919592782855034,0.005626463058094184
powershell_benign_dataset,2794.ps1,0,1,0.02930067422436619,0.0,3.756866591855571e-08,0.008249690756201744,0.004124845378100872
powershell_benign_dataset,2795.ps1,0,1,0.027519027080203966,0.0033333333333333335,1.3185866782842758e-07,0.01825873553752899,0.010796034435431163
powershell_benign_dataset,2796.ps1,0,3,0.027035225835196387,0.0,4.7031926253951985e-09,0.005436093080788851,0.0027180465403944254
powershell_benign_dataset,2797.ps1,0,3,0.049415028826091924,0.0033333333333333335,2.020667468337793e-08,0.007844346575438976,0.005588839954386155
powershell_benign_dataset,2798.ps1,0,1,0.0254406705374279,0.006666666666666667,2.911406799703126e-08,0.005936137400567532,0.0063014020336171
powershell_benign_dataset,2799.ps1,0,2,0.026769600893337908,0.0,7.525990738313697e-09,0.0052839722484350204,0.0026419861242175102
powershell_benign_dataset,28.ps1,0,0,0.02561879133251848,0.03,1.834419928057333e-07,0.014853926375508308,0.022426963187754154
powershell_benign_dataset,280.ps1,0,2,0.007591431840575644,0.0033333333333333335,3.3760435936235073e-07,0.011692436411976814,0.007512884872655074
powershell_benign_dataset,2800.ps1,0,1,0.030938172646757547,0.0,3.756866591855571e-08,0.008128567598760128,0.004064283799380064
powershell_benign_dataset,2801.ps1,0,3,0.04131345478402555,0.0,1.3970651652269556e-08,0.007522989064455032,0.003761494532227516
powershell_benign_dataset,2802.ps1,0,0,0.03804765666342286,0.0,2.8774974110671528e-08,0.03141099587082863,0.015705497935414314
powershell_benign_dataset,2803.ps1,0,4,0.032032288114750264,0.0,1.760276669842191e-08,0.003812059760093689,0.0019060298800468445
powershell_benign_dataset,2804.ps1,0,0,0.03003096882417468,0.006666666666666667,1.7497097603214767e-08,0.031036650761961937,0.018851658714314302
powershell_benign_dataset,2805.ps1,0,0,0.019652081924066735,0.02,3.367013342135352e-07,0.03807252645492554,0.02903626322746277
powershell_benign_dataset,2806.ps1,0,4,0.03251681122944183,0.0,3.423412720834091e-08,0.004265124909579754,0.002132562454789877
powershell_benign_dataset,2807.ps1,0,2,0.024575032645693558,0.0,2.603277696878097e-08,0.004416384268552065,0.0022081921342760324
powershell_benign_dataset,2808.ps1,0,0,0.06512787488677078,0.0,3.851005004265876e-08,0.03549395501613617,0.017746977508068085
powershell_benign_dataset,2809.ps1,0,4,0.041799654824877644,0.0,3.0216975948619634e-08,0.005397533066570759,0.0026987665332853794
powershell_benign_dataset,281.ps1,0,4,0.007853313893000211,0.0,9.719421952315569e-08,0.008656976744532585,0.004328488372266293
powershell_benign_dataset,2810.ps1,0,1,0.04064847985377825,0.0,1.823463315722493e-08,0.00711588840931654,0.00355794420465827
powershell_benign_dataset,2811.ps1,0,3,0.04691658819079618,0.0,1.28021212675945e-07,0.006410715635865927,0.0032053578179329634
powershell_benign_dataset,2812.ps1,0,0,0.09803818505224923,0.016666666666666666,4.9079469327648484e-05,0.04861580953001976,0.03264123809834321
powershell_benign_dataset,2813.ps1,0,2,0.03387635811292658,0.0,2.2253893468799654e-09,0.007164935115724802,0.003582467557862401
powershell_benign_dataset,2814.ps1,0,4,0.046054956832259616,0.0033333333333333335,2.876427643693496e-06,0.019200030714273453,0.011266682023803393
powershell_benign_dataset,2815.ps1,0,0,0.0616081355476613,0.0,6.249423330011877e-08,0.035586368292570114,0.017793184146285057
powershell_benign_dataset,2816.ps1,0,3,0.03363577476927962,0.03333333333333333,9.757702346591312e-07,0.01077982783317566,0.022056580583254496
powershell_benign_dataset,2817.ps1,0,1,0.036752045629222685,0.0,1.4230068386012923e-08,0.010519745759665966,0.005259872879832983
powershell_benign_dataset,2818.ps1,0,1,0.03694832836118037,0.0,1.8614176717435107e-08,0.007202068343758583,0.0036010341718792915
powershell_benign_dataset,2819.ps1,0,4,0.04185864337086266,0.0033333333333333335,1.0042672308724914e-07,0.0035849600099027157,0.003459146671618025
powershell_benign_dataset,282.ps1,0,0,0.0058193605333923615,0.0,2.1089290067448662e-08,0.041387878358364105,0.020693939179182053
powershell_benign_dataset,2820.ps1,0,0,0.11029784760992997,0.0033333333333333335,3.158040491353688e-06,0.029525963589549065,0.0164296484614412
powershell_benign_dataset,2821.ps1,0,0,0.04508872929252413,0.0,2.982088180599792e-08,0.06231212615966797,0.031156063079833984
powershell_benign_dataset,2822.ps1,0,1,0.012000272844963748,0.05333333333333334,2.9821866507340808e-06,0.010799849405884743,0.03206659136960904
powershell_benign_dataset,2823.ps1,0,2,0.031348580727713966,0.0,1.9073711444052804e-06,0.009176070801913738,0.004588035400956869
powershell_benign_dataset,2824.ps1,0,2,0.09256313093490798,0.0033333333333333335,7.149776810843949e-08,0.01212224829941988,0.007727790816376607
powershell_benign_dataset,2825.ps1,0,4,0.06328290694069415,0.016666666666666666,3.69896514073378e-06,0.008407080546021461,0.012536873606344064
powershell_benign_dataset,2826.ps1,0,0,0.09394575435869912,0.11,3.9053054619258677e-07,0.05496591702103615,0.08248295851051807
powershell_benign_dataset,2827.ps1,0,1,0.008675541263576536,0.0033333333333333335,2.6274546374822074e-08,0.004783963784575462,0.004058648558954398
powershell_benign_dataset,2828.ps1,0,1,0.008464023771249293,0.0033333333333333335,1.2238804186825836e-07,0.0017620146973058581,0.002547674015319596
powershell_benign_dataset,2829.ps1,0,2,0.005943038677470771,0.01,2.685775512423178e-07,0.002139338757842779,0.00606966937892139
powershell_benign_dataset,283.ps1,0,2,0.004728015624130507,0.06,2.0348674269824472e-07,0.010105038061738014,0.035052519030869006
powershell_benign_dataset,2830.ps1,0,3,0.019952224950502414,0.0,5.4768032594759505e-09,0.0016079166671261191,0.0008039583335630596
powershell_benign_dataset,2831.ps1,0,4,0.009755225062046154,0.0033333333333333335,2.4415996649802302e-08,0.0022833473049104214,0.0028083403191218777
powershell_benign_dataset,2832.ps1,0,2,0.022949352253185132,0.03,5.154365095217521e-06,0.02857336960732937,0.029286684803664684
powershell_benign_dataset,2833.ps1,0,1,0.030103319147691023,0.043333333333333335,4.54276480842574e-07,0.008735225535929203,0.02603427943463127
powershell_benign_dataset,2834.ps1,0,2,0.01799886843178806,0.0,1.1578729446741614e-08,0.0328480489552021,0.01642402447760105
powershell_benign_dataset,2835.ps1,0,4,0.010260324415990056,0.0,1.8329549863344648e-09,0.011220194399356842,0.005610097199678421
powershell_benign_dataset,2836.ps1,0,0,0.20969939534048412,0.09333333333333334,2.8792367756554036e-06,0.024250730872154236,0.05879203210274379
powershell_benign_dataset,2837.ps1,0,1,0.010489296300217471,0.02666666666666667,8.723279189202872e-07,0.014649889431893826,0.02065827804928025
powershell_benign_dataset,2838.ps1,0,4,0.00623923898585419,0.0,1.0979158089110112e-08,0.0037429004441946745,0.0018714502220973372
powershell_benign_dataset,2839.ps1,0,1,0.007815841246753682,0.043333333333333335,3.298091367774268e-07,0.009239662438631058,0.026286497885982196
powershell_benign_dataset,284.ps1,0,0,0.15669733495061622,0.06,8.318400561989066e-06,0.010597002692520618,0.03529850134626031
powershell_benign_dataset,2840.ps1,0,4,0.004280793309655965,0.0,2.303541796623287e-08,0.005684650503098965,0.0028423252515494823
powershell_benign_dataset,2841.ps1,0,1,0.09881247447764106,0.05,1.7270894179100424e-06,0.007382635027170181,0.028691317513585092
powershell_benign_dataset,2842.ps1,0,2,0.0013871528073078347,0.023333333333333334,9.7438313299932e-07,0.011647788807749748,0.01749056107054154
powershell_benign_dataset,2843.ps1,0,1,0.012163913154301263,0.01,8.095951946295408e-07,0.004311481025069952,0.007155740512534976
powershell_benign_dataset,2844.ps1,0,4,0.011356158729422767,0.07,1.0974534158991623e-06,0.014509216882288456,0.04225460844114423
powershell_benign_dataset,2845.ps1,0,2,0.014975284455244266,0.0,2.9613598391681214e-08,0.0067072841338813305,0.0033536420669406652
powershell_benign_dataset,2846.ps1,0,2,0.022448998718757378,0.0,3.0076559700124824e-08,0.003143560839816928,0.001571780419908464
powershell_benign_dataset,2847.ps1,0,2,0.0005312739179921277,0.006666666666666667,6.008530946438556e-08,0.0026218274142593145,0.004644247040462991
powershell_benign_dataset,2848.ps1,0,0,0.006369055255497272,0.04666666666666667,3.5500412280689057e-06,0.013875224627554417,0.030270945647110543
powershell_benign_dataset,2849.ps1,0,0,0.018996149505873618,0.016666666666666666,7.875254535565932e-08,0.02969193458557129,0.023179300626118976
powershell_benign_dataset,285.ps1,0,4,0.008279040429488644,0.0,2.3197844369270416e-07,0.0038013942539691925,0.0019006971269845963
powershell_benign_dataset,2850.ps1,0,1,0.039895878443036166,0.0,4.222366184709274e-07,0.020423611626029015,0.010211805813014507
powershell_benign_dataset,2851.ps1,0,3,0.03859475346548996,0.0,1.1724653253750333e-06,0.003602002514526248,0.001801001257263124
powershell_benign_dataset,2852.ps1,0,2,0.08442895725922865,0.0,5.433038755406703e-09,0.01130567118525505,0.005652835592627525
powershell_benign_dataset,2853.ps1,0,4,0.005222929268053749,0.0033333333333333335,1.9596764714917813e-07,0.0027098350692540407,0.0030215842012936873
powershell_benign_dataset,2854.ps1,0,1,0.011484095573357271,0.0033333333333333335,1.1804352395780985e-05,0.0009263636893592775,0.0021298485113463057
powershell_benign_dataset,2855.ps1,0,0,0.00615911941573995,0.0,9.746828263828984e-09,0.029109831899404526,0.014554915949702263
powershell_benign_dataset,2856.ps1,0,3,0.008355797018339595,0.03666666666666667,1.629129482446925e-07,0.018105769529938698,0.027386218098302682
powershell_benign_dataset,2857.ps1,0,2,0.006797977284129728,0.01,1.2081020237455548e-07,0.0044123269617557526,0.007206163480877876
powershell_benign_dataset,2858.ps1,0,1,0.03905996630601792,0.0033333333333333335,1.4080312694293904e-06,0.016143085435032845,0.00973820938418309
powershell_benign_dataset,2859.ps1,0,4,0.037874911097792466,0.0,1.561383156236062e-07,0.00986474473029375,0.004932372365146875
powershell_benign_dataset,286.ps1,0,2,0.05477901799299402,0.016666666666666666,1.123704546435783e-06,0.006367591209709644,0.011517128938188155
powershell_benign_dataset,2860.ps1,0,3,0.042615449997139385,0.0,3.172486164569442e-06,0.014201956801116467,0.007100978400558233
powershell_benign_dataset,2861.ps1,0,0,0.0075246463752725165,0.05,3.4245389581954373e-06,0.02114984765648842,0.03557492382824421
powershell_benign_dataset,2862.ps1,0,4,0.03372705226692075,0.0,1.473535923692594e-08,0.016105804592370987,0.008052902296185493
powershell_benign_dataset,2863.ps1,0,3,0.0390286748645472,0.0033333333333333335,8.008268698382776e-07,0.013599761761724949,0.008466547547529141
powershell_benign_dataset,2865.ps1,0,2,0.0196041786085609,0.0,1.4850982554101221e-08,0.007083243224769831,0.0035416216123849154
powershell_benign_dataset,2866.ps1,0,3,0.07968362828545789,0.18333333333333332,3.559548683693034e-05,0.016915928572416306,0.10012463095287481
powershell_benign_dataset,2868.ps1,0,4,0.00023150542213062753,0.0,4.20842846739407e-09,0.015251901000738144,0.007625950500369072
powershell_benign_dataset,287.ps1,0,0,0.09065612655786612,0.023333333333333334,9.731092738490238e-06,0.022664397954940796,0.022998865644137063
powershell_benign_dataset,2871.ps1,0,4,0.0070050767508178,0.0,1.1108954296332555e-08,0.006046837195754051,0.0030234185978770256
powershell_benign_dataset,2872.ps1,0,2,0.03336807490134622,0.0,3.7064345734930608e-09,0.010846013203263283,0.005423006601631641
powershell_benign_dataset,2873.ps1,0,4,0.00015170395811530215,0.0,7.546629096656323e-08,0.008346009068191051,0.004173004534095526
powershell_benign_dataset,288.ps1,0,0,0.013097788419428182,0.0,3.0390603966623245e-07,0.017788676545023918,0.008894338272511959
powershell_benign_dataset,2880.ps1,0,2,9.172439041130933e-07,0.0,8.210854445912965e-08,0.005171242635697126,0.002585621317848563
powershell_benign_dataset,2881.ps1,0,4,0.00694473191014938,0.0,1.1108954296332555e-08,0.006013529375195503,0.0030067646875977516
powershell_benign_dataset,2882.ps1,0,3,1.0506482462137504e-05,0.02,7.924206490648664e-07,0.007478517480194569,0.013739258740097285
powershell_benign_dataset,2883.ps1,0,4,0.004823193345120532,0.0,1.4238700744739713e-08,0.004285863135010004,0.002142931567505002
powershell_benign_dataset,2884.ps1,0,3,0.05865270978827404,0.023333333333333334,5.700636553094176e-07,0.006338642910122871,0.014835988121728103
powershell_benign_dataset,2885.ps1,0,2,0.008304798995365355,0.0,1.0120767221565994e-07,0.003115399507805705,0.0015576997539028525
powershell_benign_dataset,2886.ps1,0,2,0.006176235321035809,0.01,1.3343773169674228e-08,0.0075456732884049416,0.008772836644202472
powershell_benign_dataset,289.ps1,0,0,0.00478356199195526,0.0,9.688241641621095e-08,0.019018668681383133,0.009509334340691566
powershell_benign_dataset,2891.ps1,0,3,0.0016410977322530791,0.0,4.45864573464974e-09,0.004883370827883482,0.002441685413941741
powershell_benign_dataset,2892.ps1,0,0,6.273942278580429e-05,0.0033333333333333335,4.428005299782347e-08,0.07667276263237,0.04000304798285166
powershell_benign_dataset,2894.ps1,0,2,5.915547008537585e-06,0.01,9.921179723708036e-09,0.007140888832509518,0.00857044441625476
powershell_benign_dataset,2895.ps1,0,0,4.4517077819743184e-05,0.006666666666666667,2.1869602844930292e-07,0.03710339590907097,0.02188503128786882
powershell_benign_dataset,2896.ps1,0,3,0.03571797378489337,0.0,3.548415858078944e-08,0.01769692450761795,0.008848462253808975
powershell_benign_dataset,2897.ps1,0,3,0.020105924543111043,0.01,1.0063913103094584e-07,0.007487796247005463,0.008743898123502732
powershell_benign_dataset,2898.ps1,0,0,9.00343718340622e-05,0.006666666666666667,2.361711297898196e-07,0.043619800359010696,0.025143233512838682
powershell_benign_dataset,29.ps1,0,4,0.3122190812070278,0.04,3.7194239434686723e-07,0.012664036825299263,0.026332018412649632
powershell_benign_dataset,290.ps1,0,3,0.0024664439241241986,0.0,7.143291013195065e-08,0.0025060365442186594,0.0012530182721093297
powershell_benign_dataset,2900.ps1,0,0,0.0004910506294066426,0.0,8.354735493856218e-08,0.026201032102108,0.013100516051054
powershell_benign_dataset,2901.ps1,0,0,0.0004934318015902689,0.006666666666666667,8.324526834732495e-08,0.0389915406703949,0.022829103668530783
powershell_benign_dataset,2903.ps1,0,0,0.0022769831456389946,0.006666666666666667,1.655226486153045e-08,0.04529384896159172,0.025980257814129194
powershell_benign_dataset,2904.ps1,0,3,5.9072806570458466e-05,0.006666666666666667,5.283317212891313e-08,0.010350440628826618,0.008508553647746643
powershell_benign_dataset,2905.ps1,0,3,2.995514802345048e-05,0.01,3.5773763620356137e-07,0.008767361752688885,0.009383680876344443
powershell_benign_dataset,2907.ps1,0,0,5.1397061148231514e-05,0.0,4.775269979059718e-07,0.044780291616916656,0.022390145808458328
powershell_benign_dataset,291.ps1,0,2,0.009902010169506514,0.016666666666666666,1.7831992342051523e-07,0.005153277888894081,0.010909972277780374
powershell_benign_dataset,2910.ps1,0,1,0.2383091762321818,0.02666666666666667,5.981209102957473e-08,0.027517681941390038,0.027092174304028355
powershell_benign_dataset,2911.ps1,0,4,0.00029785480789050017,0.0033333333333333335,1.3252433473149873e-09,0.006680936086922884,0.005007134710128109
powershell_benign_dataset,2912.ps1,0,4,0.01994609413623425,0.0,1.3879987969693137e-08,0.005420250352472067,0.0027101251762360334
powershell_benign_dataset,2913.ps1,0,2,0.008112959413603621,0.0,1.0120767221565994e-07,0.0029408938717097044,0.0014704469358548522
powershell_benign_dataset,2914.ps1,0,3,0.03346815122596208,0.0,2.3195874470577145e-08,0.004911922384053469,0.0024559611920267344
powershell_benign_dataset,2915.ps1,0,2,0.0078747069343009,0.0,7.830652723483364e-08,0.002737626666203141,0.0013688133331015706
powershell_benign_dataset,2916.ps1,0,2,0.010176304454970121,0.0033333333333333335,1.7678399169008132e-09,0.01029307022690773,0.006813201780120532
powershell_benign_dataset,2918.ps1,0,4,0.0387106524368441,0.023333333333333334,1.0513679774973405e-08,0.003972382750362158,0.013652858041847746
powershell_benign_dataset,2919.ps1,0,3,0.0002582923833486336,0.006666666666666667,2.7385285405263517e-08,0.010666409507393837,0.008666538087030252
powershell_benign_dataset,292.ps1,0,0,0.04989976444276538,0.02,3.353767127004905e-06,0.03660334274172783,0.028301671370863916
powershell_benign_dataset,2920.ps1,0,3,0.006020312807019712,0.006666666666666667,4.369905559548029e-08,0.005972941871732473,0.006319804269199571
powershell_benign_dataset,2921.ps1,0,4,0.02235200657686273,0.006666666666666667,1.6190569380298958e-08,0.015401909127831459,0.011034287897249064
powershell_benign_dataset,2922.ps1,0,4,0.09894302351875514,0.09333333333333334,1.4918170586366269e-06,0.018509650602936745,0.05592149196813504
powershell_benign_dataset,2923.ps1,0,3,0.01870601947961559,0.0,3.044947709899759e-08,0.011485622264444828,0.005742811132222414
powershell_benign_dataset,2924.ps1,0,0,0.026505323055974597,0.006666666666666667,1.0511531683433716e-07,0.020061230286955833,0.01336394847681125
powershell_benign_dataset,2929.ps1,0,4,0.007922718689696556,0.0,1.460435878555939e-08,0.005982521455734968,0.002991260727867484
powershell_benign_dataset,293.ps1,0,2,0.03846854524828948,0.02666666666666667,1.8414376641377514e-06,0.01208896841853857,0.01937781754260262
powershell_benign_dataset,2931.ps1,0,0,0.0016409405214701691,0.0,1.069362946206035e-07,0.046011436730623245,0.023005718365311623
powershell_benign_dataset,2932.ps1,0,3,0.00728240827571622,0.0033333333333333335,1.5868103529927028e-07,0.02061876840889454,0.011976050871113936
powershell_benign_dataset,2933.ps1,0,3,0.00728240827571622,0.0033333333333333335,1.5868103529927028e-07,0.020511960610747337,0.011922646972040336
powershell_benign_dataset,2934.ps1,0,4,0.006813043698488473,0.0,1.1108954296332555e-08,0.006070998497307301,0.0030354992486536503
powershell_benign_dataset,2936.ps1,0,2,0.05485628501220671,0.013333333333333334,3.5071579952105494e-06,0.004640189465135336,0.008986761399234336
powershell_benign_dataset,2937.ps1,0,3,0.00046332608995355645,0.0033333333333333335,3.1378077887420087e-09,0.006081273779273033,0.0047073035563031836
powershell_benign_dataset,2938.ps1,0,3,0.006225622288174031,0.0033333333333333335,1.8359136506986624e-07,0.00861465185880661,0.005973992596069972
powershell_benign_dataset,2939.ps1,0,4,3.891874701721585e-05,0.006666666666666667,2.227565337510029e-07,0.0072700632736086845,0.006968364970137676
powershell_benign_dataset,294.ps1,0,2,0.018872401185142967,0.0,6.668797057207981e-08,0.0067931609228253365,0.0033965804614126682
powershell_benign_dataset,2940.ps1,0,4,0.00016502835018788542,0.0,6.7372701456213834e-09,0.00548317888751626,0.00274158944375813
powershell_benign_dataset,2944.ps1,0,1,0.021557540819506085,0.0033333333333333335,1.5141053794022416e-08,0.016785679385066032,0.010059506359199683
powershell_benign_dataset,2945.ps1,0,0,3.432096240951479e-05,0.01,1.3698756282222879e-07,0.036410510540008545,0.023205255270004273
powershell_benign_dataset,2946.ps1,0,4,0.0068722521798875265,0.0,1.1108954296332555e-08,0.005921259988099337,0.0029606299940496683
powershell_benign_dataset,2947.ps1,0,4,0.003387418834459502,0.0,1.6493916913248092e-08,0.005655066575855017,0.0028275332879275084
powershell_benign_dataset,2948.ps1,0,2,0.008304798995365355,0.0,1.0120767221565994e-07,0.003115399507805705,0.0015576997539028525
powershell_benign_dataset,2949.ps1,0,2,0.0005524044680172241,0.006666666666666667,8.659794435102013e-09,0.004121650476008654,0.005394158571337661
powershell_benign_dataset,295.ps1,0,0,0.0009519217769258679,0.0,4.6615854674076104e-08,0.03931007534265518,0.01965503767132759
powershell_benign_dataset,2952.ps1,0,2,0.0003037744171784539,0.016666666666666666,1.8077450208299117e-07,0.02990945614874363,0.023288061407705146
powershell_benign_dataset,2953.ps1,0,1,0.00025809459622354975,0.0,1.0027032755400132e-08,0.004028819501399994,0.002014409750699997
powershell_benign_dataset,2954.ps1,0,0,4.2355738333017944e-05,0.0,1.900465659961037e-08,0.05285508558154106,0.02642754279077053
powershell_benign_dataset,2955.ps1,0,2,0.04525986135270498,0.013333333333333334,2.006604571370735e-07,0.003157655941322446,0.008245494637327891
powershell_benign_dataset,2956.ps1,0,2,0.011069883082513108,0.006666666666666667,5.445947182489387e-07,0.0039773499593138695,0.005322008312990269
powershell_benign_dataset,2957.ps1,0,0,0.00032714783421573297,0.0033333333333333335,5.2846134053857516e-08,0.031139960512518883,0.01723664692292611
powershell_benign_dataset,2958.ps1,0,3,0.0003337017717789706,0.006666666666666667,8.164070813828282e-08,0.015933867543935776,0.011300267105301222
powershell_benign_dataset,2959.ps1,0,1,0.0066961650584838215,0.03,1.19480142801865e-06,0.004651933908462524,0.01732596695423126
powershell_benign_dataset,296.ps1,0,3,0.023962002988955095,0.0,7.1348992782020505e-09,0.006489019375294447,0.0032445096876472235
powershell_benign_dataset,2960.ps1,0,4,0.017557556281001894,0.0033333333333333335,7.202874831882902e-07,0.0037500066682696342,0.003541670000801484
powershell_benign_dataset,2961.ps1,0,4,2.2349717389784796e-05,0.01,7.06943730366128e-09,0.026762474328279495,0.01838123716413975
powershell_benign_dataset,2964.ps1,0,3,0.00027280592149763117,0.0,1.863264612941559e-08,0.004596327897161245,0.0022981639485806227
powershell_benign_dataset,2965.ps1,0,2,0.0056208271774487875,0.0033333333333333335,4.089165095788858e-09,0.0184023454785347,0.010867839405934016
powershell_benign_dataset,2966.ps1,0,2,0.19770339944780002,0.08666666666666667,5.008194680553632e-05,0.010788408108055592,0.04872753738736113
powershell_benign_dataset,2967.ps1,0,2,0.12716046618753504,0.01,2.0050369921612895e-07,0.004645257722586393,0.007322628861293197
powershell_benign_dataset,2968.ps1,0,1,0.21152216276132071,0.02666666666666667,7.508090767489121e-08,0.005256058182567358,0.015961362424617015
powershell_benign_dataset,2969.ps1,0,0,0.04847624964039919,0.14333333333333334,1.6239098284506966e-05,0.04114843159914017,0.09224088246623675
powershell_benign_dataset,297.ps1,0,3,0.0039285407481673435,0.0,1.964440690326784e-08,0.0046427007764577866,0.0023213503882288933
powershell_benign_dataset,2970.ps1,0,1,0.07805211464795891,0.0,2.1495055698082213e-08,0.015561900101602077,0.007780950050801039
powershell_benign_dataset,2971.ps1,0,2,0.1914948071767438,0.013333333333333334,3.3299873090452874e-06,0.016227371990680695,0.014780352662007015
powershell_benign_dataset,2972.ps1,0,2,0.0011467274904279994,0.0,3.91330171194461e-08,0.0009755781502462924,0.0004877890751231462
powershell_benign_dataset,2973.ps1,0,1,0.006237445997158575,0.0,1.1986980579264277e-08,0.0042557548731565475,0.0021278774365782738
powershell_benign_dataset,2974.ps1,0,3,0.1664555873588201,0.056666666666666664,1.4690641841099914e-07,0.01519080437719822,0.035928735521932445
powershell_benign_dataset,2975.ps1,0,2,0.020605604460018558,0.0,8.67399748327904e-09,0.0043738605454564095,0.0021869302727282047
powershell_benign_dataset,2976.ps1,0,4,0.0014877991360187053,0.01,1.1332103180879844e-07,0.0013510063290596008,0.0056755031645298005
powershell_benign_dataset,2977.ps1,0,2,0.049148284088253946,0.02666666666666667,1.8486026725460088e-06,0.03825446218252182,0.032460564424594246
powershell_benign_dataset,2978.ps1,0,1,0.07885549424347614,0.0033333333333333335,5.7269604969326144e-08,0.022553028538823128,0.01294318093607823
powershell_benign_dataset,2979.ps1,0,4,0.013515643305611176,0.006666666666666667,1.651240404172054e-08,0.012562854215502739,0.009614760441084703
powershell_benign_dataset,298.ps1,0,1,0.02467053850847824,0.0,4.7780017612253e-09,0.012965753674507141,0.0064828768372535706
powershell_benign_dataset,2980.ps1,0,4,0.004810669483148098,0.0,4.44383030494324e-08,0.004446851089596748,0.002223425544798374
powershell_benign_dataset,2981.ps1,0,2,0.0017730735596105445,0.0,8.340989905947326e-08,0.0017131019849330187,0.0008565509924665093
powershell_benign_dataset,2982.ps1,0,0,0.005995166316609823,0.02,2.7954838858908708e-06,0.022432968020439148,0.021216484010219576
powershell_benign_dataset,2983.ps1,0,2,0.005428440367409686,0.0,2.261650052926714e-09,0.0008738262695260346,0.0004369131347630173
powershell_benign_dataset,2984.ps1,0,0,0.008924634691953624,0.0,6.477641026887524e-07,0.015267113223671913,0.007633556611835957
powershell_benign_dataset,2985.ps1,0,4,0.003290214222820741,0.0033333333333333335,3.3384062652334036e-08,0.002631391165778041,0.0029823622495556874
powershell_benign_dataset,2986.ps1,0,1,0.007430302613371793,0.03,1.1292197399757483e-06,0.011877389624714851,0.020938694812357425
powershell_benign_dataset,2987.ps1,0,4,0.0015756045861766853,0.07666666666666666,9.697482074241976e-07,0.0016353249084204435,0.03915099578754355
powershell_benign_dataset,2988.ps1,0,3,0.006289214353644652,0.0,6.228144204094982e-07,0.005768411792814732,0.002884205896407366
powershell_benign_dataset,2989.ps1,0,1,0.00019941662999262616,0.0,3.785443413924878e-08,0.005736650433391333,0.0028683252166956663
powershell_benign_dataset,299.ps1,0,1,0.008863603711207611,0.0,1.958742373886055e-08,0.007127800490707159,0.0035639002453535795
powershell_benign_dataset,2990.ps1,0,3,0.028359022540698598,0.0,2.142107744257501e-07,0.0023379658814519644,0.0011689829407259822
powershell_benign_dataset,2991.ps1,0,0,0.0055732521435057185,0.01,8.834495123397656e-09,0.010413064621388912,0.010206532310694457
powershell_benign_dataset,2992.ps1,0,1,0.011161527651937264,0.0033333333333333335,1.7772861605561687e-06,0.003891052445396781,0.0036121928893650575
powershell_benign_dataset,2993.ps1,0,4,7.029682917704237e-05,0.023333333333333334,6.123408609613231e-08,0.0027757775969803333,0.013054555465156834
powershell_benign_dataset,2994.ps1,0,0,0.037022443469664164,0.0033333333333333335,2.65165328760807e-06,0.018205206841230392,0.010769270087281863
powershell_benign_dataset,2995.ps1,0,4,0.0020432076186619233,0.023333333333333334,3.875609646262232e-08,0.0018001837888732553,0.012566758561103295
powershell_benign_dataset,2996.ps1,0,2,0.001962797106182549,0.0,1.0241662537311882e-07,0.0012382505228742957,0.0006191252614371479
powershell_benign_dataset,2997.ps1,0,2,0.0023797377463725218,0.0,2.6311840025771212e-08,0.0010132008465006948,0.0005066004232503474
powershell_benign_dataset,2998.ps1,0,3,0.01843186853658441,0.0,3.877987533582897e-08,0.0188205074518919,0.00941025372594595
powershell_benign_dataset,2999.ps1,0,2,0.019316866103593008,0.0,2.7780340237185594e-08,0.0010137095814570785,0.0005068547907285392
powershell_benign_dataset,3.ps1,0,1,0.024088865807695908,0.24,2.133073263756338e-05,0.003050982253625989,0.12152549112681299
powershell_benign_dataset,30.ps1,0,0,0.0019279358812752958,0.0033333333333333335,2.212273843048962e-08,0.015936844050884247,0.00963508869210879
powershell_benign_dataset,300.ps1,0,2,0.0009659358652377652,0.01,7.271376370750079e-08,0.004020293243229389,0.007010146621614695
powershell_benign_dataset,3000.ps1,0,0,0.017929471796946605,0.006666666666666667,3.7457809108261704e-05,0.006365654524415731,0.0065161605955412
powershell_benign_dataset,3001.ps1,0,1,8.443661009131898e-06,0.0,9.57053919779039e-09,0.0036074884701520205,0.0018037442350760102
powershell_benign_dataset,3002.ps1,0,2,7.934405257021609e-05,0.01,4.153255062807652e-08,0.006370074115693569,0.008185037057846786
powershell_benign_dataset,3003.ps1,0,1,0.0015862021865140226,0.02,3.2937697713817224e-07,0.0015087195206433535,0.010754359760321677
powershell_benign_dataset,3004.ps1,0,1,0.00797681719481474,0.016666666666666666,8.117990860181175e-07,0.0012925945920869708,0.008979630629376819
powershell_benign_dataset,3005.ps1,0,1,0.0017555844797157304,0.0,1.064070375912113e-08,0.0034950650297105312,0.0017475325148552656
powershell_benign_dataset,3006.ps1,0,0,0.018700928036387798,0.0033333333333333335,6.902037668119856e-09,0.007566771004348993,0.005450052168841164
powershell_benign_dataset,3007.ps1,0,2,0.0013791745732341409,0.0,7.2871664730841685e-09,0.002572600031271577,0.0012863000156357884
powershell_benign_dataset,3008.ps1,0,4,0.000206323103736319,0.01,1.833810136866548e-07,0.004453761503100395,0.007226880751550198
powershell_benign_dataset,3009.ps1,0,3,0.00047305965770870956,0.05,9.096684703753258e-08,0.0022446014918386936,0.026122300745919348
powershell_benign_dataset,301.ps1,0,1,0.012199207650204637,0.006666666666666667,6.914393049422257e-08,0.005184250883758068,0.005925458775212368
powershell_benign_dataset,3010.ps1,0,3,0.0005278918191369772,0.0,4.84098737015966e-08,0.0028861756436526775,0.0014430878218263388
powershell_benign_dataset,3011.ps1,0,4,0.003468423334470127,0.11666666666666667,2.0298589962091418e-05,0.003207945032045245,0.05993730584935596
powershell_benign_dataset,3012.ps1,0,0,0.004827476022361591,0.05333333333333334,4.551074735639197e-06,0.009700054302811623,0.03151669381807248
powershell_benign_dataset,3013.ps1,0,0,0.013446351803606699,0.0,1.1779488662718226e-06,0.009440761059522629,0.004720380529761314
powershell_benign_dataset,3014.ps1,0,0,0.014044201541569818,0.0,2.330051032793928e-08,0.037499796599149704,0.018749898299574852
powershell_benign_dataset,3015.ps1,0,3,0.0006854798623387061,0.0,6.3548622142692895e-09,0.0013692589709535241,0.0006846294854767621
powershell_benign_dataset,3016.ps1,0,3,0.0007596523639246449,0.013333333333333334,1.1450624060720494e-07,0.002615345409139991,0.007974339371236663
powershell_benign_dataset,3017.ps1,0,2,0.0015477271936910901,0.016666666666666666,1.0790693402938299e-07,0.0007541807135567069,0.008710423690111687
powershell_benign_dataset,3018.ps1,0,1,0.045260490802729654,0.0,7.320757376234367e-08,0.08252283930778503,0.04126141965389252
powershell_benign_dataset,3019.ps1,0,1,0.004139885459997413,0.0,9.057208857599379e-09,0.0012543334160000086,0.0006271667080000043
powershell_benign_dataset,302.ps1,0,0,0.02086144862921789,0.0033333333333333335,1.298907335560307e-07,0.017199166119098663,0.010266249726215999
powershell_benign_dataset,3020.ps1,0,4,0.0018287387201892838,0.03,8.981798794479005e-08,0.01561486255377531,0.022807431276887655
powershell_benign_dataset,3021.ps1,0,0,0.0008693159537023921,0.0,2.3124612830327584e-08,0.012337778694927692,0.006168889347463846
powershell_benign_dataset,3022.ps1,0,0,0.009579163870301537,0.04,7.741939721972582e-08,0.007328427396714687,0.023664213698357344
powershell_benign_dataset,3023.ps1,0,3,0.0008642879099446138,0.01,5.852676036441355e-08,0.0020831977017223835,0.006041598850861192
powershell_benign_dataset,3024.ps1,0,2,0.0019142791691967316,0.016666666666666666,2.9002761025150928e-08,0.0012494904221966863,0.008958078544431676
powershell_benign_dataset,3025.ps1,0,1,0.040585903410251596,0.0033333333333333335,5.246859863021793e-07,0.006660029292106628,0.004996681312719981
powershell_benign_dataset,3026.ps1,0,3,0.002604900713399259,0.02,6.827803020792544e-07,0.004117139615118504,0.012058569807559252
powershell_benign_dataset,3027.ps1,0,0,0.004432550789891991,0.01,6.796167273365277e-08,0.027108436450362206,0.018554218225181104
powershell_benign_dataset,3028.ps1,0,3,0.0012352344057770975,0.01,7.855193692513008e-08,0.007823568768799305,0.008911784384399653
powershell_benign_dataset,3029.ps1,0,2,0.0020707528577856025,0.0,1.6945428940473303e-07,0.00204080599360168,0.00102040299680084
powershell_benign_dataset,303.ps1,0,4,0.06993526773975431,0.01,2.732501625711517e-07,0.0040991720743477345,0.007049586037173867
powershell_benign_dataset,3030.ps1,0,1,0.0030600293595450484,0.03666666666666667,8.562143172285777e-09,0.0028197180945426226,0.019743192380604645
powershell_benign_dataset,3031.ps1,0,4,0.004357831788661832,0.0,3.7245316307386162e-09,0.006595323793590069,0.0032976618967950344
powershell_benign_dataset,3032.ps1,0,2,0.00845694247861952,0.0033333333333333335,2.156769860634366e-07,0.0037216448690742254,0.0035274891012037797
powershell_benign_dataset,3033.ps1,0,2,0.0014742041063712725,0.0033333333333333335,3.556559054822385e-08,0.0035244750324636698,0.003428904182898502
powershell_benign_dataset,3034.ps1,0,1,0.007079540898689163,0.0,4.3720551438179154e-07,0.0045191701501607895,0.0022595850750803947
powershell_benign_dataset,3035.ps1,0,3,0.0034343851233384994,0.0033333333333333335,5.1563135743241e-07,0.0036201407201588154,0.0034767370267460747
powershell_benign_dataset,3036.ps1,0,3,0.002933545534857471,0.0,2.0599394833442642e-08,0.008000731468200684,0.004000365734100342
powershell_benign_dataset,3037.ps1,0,1,0.004247131383006579,0.006666666666666667,5.4525562034750315e-08,0.008845127187669277,0.007755896927167973
powershell_benign_dataset,3038.ps1,0,4,0.00292518148035678,0.0033333333333333335,1.0332827366389272e-07,0.003195126075297594,0.003264229704315464
powershell_benign_dataset,3039.ps1,0,2,0.00032793013138130263,0.02,7.697707951668782e-09,0.0016950308345258236,0.010847515417262912
powershell_benign_dataset,304.ps1,0,1,0.005553211175375521,0.0,2.2736292902035187e-08,0.003702071262523532,0.001851035631261766
powershell_benign_dataset,3040.ps1,0,3,0.0011960895641540477,0.006666666666666667,5.2920843308901925e-08,0.004043648485094309,0.005355157575880488
powershell_benign_dataset,3041.ps1,0,1,0.00594211785981271,0.006666666666666667,1.1981300413746146e-07,0.0060783084481954575,0.006372487557431063
powershell_benign_dataset,3042.ps1,0,2,0.0032522114870202784,0.0033333333333333335,2.418984282885286e-07,0.005707503762096167,0.00452041854771475
powershell_benign_dataset,3043.ps1,0,4,0.00113242006028691,0.0,2.015427887995818e-08,0.00505474116653204,0.00252737058326602
powershell_benign_dataset,3044.ps1,0,4,0.0005454929965688887,0.0033333333333333335,2.598262540958149e-08,0.005241784732788801,0.004287559033061068
powershell_benign_dataset,3045.ps1,0,2,0.0018550316915463038,0.0033333333333333335,4.497268884372339e-08,0.007295329123735428,0.005314331228534381
powershell_benign_dataset,3046.ps1,0,2,0.001931347349938096,0.0,2.0433385703877717e-08,0.00791475735604763,0.003957378678023815
powershell_benign_dataset,3047.ps1,0,0,0.005606796073418938,0.0033333333333333335,2.326477278391264e-08,0.017435792833566666,0.01038456308345
powershell_benign_dataset,3048.ps1,0,3,0.007665928321679459,0.05333333333333334,6.423142180624427e-08,0.007852967828512192,0.030593150580922764
powershell_benign_dataset,3049.ps1,0,2,0.0040173871733436405,0.0033333333333333335,2.4026610275581513e-08,0.006495053414255381,0.004914193373794357
powershell_benign_dataset,305.ps1,0,4,0.0015288224609064996,0.006666666666666667,3.9994307529603826e-08,0.003945250995457172,0.00530595883106192
powershell_benign_dataset,3050.ps1,0,4,0.01085479341998548,0.013333333333333334,8.659177275455887e-07,0.002060854807496071,0.0076970940704147025
powershell_benign_dataset,3051.ps1,0,3,0.003852869848466122,0.06666666666666667,2.743895654648953e-07,0.005693403538316488,0.03618003510249158
powershell_benign_dataset,3052.ps1,0,3,0.002122322337743585,0.01,1.503041570050211e-08,0.004398676101118326,0.007199338050559163
powershell_benign_dataset,3053.ps1,0,0,0.01770241528080721,0.0033333333333333335,3.836575932686477e-06,0.009837144985795021,0.0065852391595641775
powershell_benign_dataset,3054.ps1,0,3,0.002407302054460727,0.006666666666666667,3.859002130709746e-08,0.0016538461204618216,0.004160256393564245
powershell_benign_dataset,3055.ps1,0,4,0.0024839710173566,0.0,5.552743552309244e-08,0.0009806747548282146,0.0004903373774141073
powershell_benign_dataset,3056.ps1,0,2,0.0006503571968750896,0.0,1.2608520997193636e-08,0.0020581793505698442,0.0010290896752849221
powershell_benign_dataset,3057.ps1,0,1,0.004100163635764783,0.0,3.0237453434295084e-08,0.010440395213663578,0.005220197606831789
powershell_benign_dataset,3058.ps1,0,0,0.0054982229387751606,0.0,2.479922951298282e-07,0.011042017489671707,0.005521008744835854
powershell_benign_dataset,3059.ps1,0,3,0.0009793570732372198,0.006666666666666667,1.5192920075735936e-08,0.006892144214361906,0.006779405440514287
powershell_benign_dataset,306.ps1,0,2,0.03018764421259757,0.0,1.1509810472766141e-07,0.007410593796521425,0.0037052968982607126
powershell_benign_dataset,3060.ps1,0,1,0.018115158741845466,0.006666666666666667,8.402342031489445e-08,0.004100860096514225,0.0053837633815904465
powershell_benign_dataset,3061.ps1,0,3,0.0005443750983921651,0.0033333333333333335,1.1310603946644596e-07,0.004890986252576113,0.004112159792954723
powershell_benign_dataset,3062.ps1,0,0,0.024081093897784015,0.006666666666666667,1.1546337080853204e-07,0.024220768362283707,0.015443717514475187
powershell_benign_dataset,3063.ps1,0,2,0.0004627624529353455,0.016666666666666666,3.51217236381526e-08,0.0011395486071705818,0.008903107636918624
powershell_benign_dataset,3064.ps1,0,3,0.0014811896523743793,0.0033333333333333335,1.9222611175808115e-08,0.0043587158434093,0.003846024588371317
powershell_benign_dataset,3065.ps1,0,2,0.0024551683302456466,0.0,4.938257475227881e-08,0.002282522851601243,0.0011412614258006215
powershell_benign_dataset,3066.ps1,0,3,0.001250490656586942,0.0,5.721779772859514e-08,0.0030778679065406322,0.0015389339532703161
powershell_benign_dataset,3067.ps1,0,0,0.012713628478699177,0.006666666666666667,9.293637142975965e-08,0.012526869773864746,0.009596768220265707
powershell_benign_dataset,3068.ps1,0,3,0.004840621490492786,0.013333333333333334,9.382351890326975e-08,0.006596473976969719,0.009964903655151527
powershell_benign_dataset,3069.ps1,0,2,0.0052618716384171425,0.0033333333333333335,4.195024798592368e-08,0.0018117452273145318,0.002572539280323933
powershell_benign_dataset,307.ps1,0,1,0.02140982829252168,0.0,2.4801649172611964e-08,0.003918517846614122,0.001959258923307061
powershell_benign_dataset,3070.ps1,0,3,0.005353386012907111,0.0,1.5841450060443742e-08,0.0026411754079163074,0.0013205877039581537
powershell_benign_dataset,3072.ps1,0,0,0.004262669068519307,0.013333333333333334,3.27026371820358e-08,0.00869129691272974,0.011012315123031538
powershell_benign_dataset,3073.ps1,0,1,0.00010114773713132467,0.006666666666666667,5.709529183819492e-07,0.007392118219286203,0.007029392442976436
powershell_benign_dataset,3074.ps1,0,4,0.0017435202772797635,0.0,2.5003461360183414e-08,0.015251572243869305,0.007625786121934652
powershell_benign_dataset,3075.ps1,0,1,0.0015573542625707006,0.0,7.24459191819009e-08,0.018994733691215515,0.009497366845607758
powershell_benign_dataset,3076.ps1,0,2,0.0014495234796206772,0.013333333333333334,1.5717923762413718e-08,0.0025269577745348215,0.007930145553934079
powershell_benign_dataset,3077.ps1,0,0,0.0018072715313929037,0.0,1.1467776462402502e-07,0.011277413927018642,0.005638706963509321
powershell_benign_dataset,3078.ps1,0,4,0.0024976829241830957,0.0,3.1205645080671596e-09,0.0040052300319075584,0.0020026150159537792
powershell_benign_dataset,3079.ps1,0,4,0.0017587893757822545,0.0,1.9379971658973077e-08,0.01825719140470028,0.00912859570235014
powershell_benign_dataset,308.ps1,0,2,0.005761545200642378,0.0033333333333333335,1.5711758704175761e-07,0.005255684722214937,0.004294509027774136
powershell_benign_dataset,3080.ps1,0,2,0.0012499705491300392,0.01,2.7018756165608855e-08,0.001868545776233077,0.005934272888116539
powershell_benign_dataset,3081.ps1,0,2,0.0019960489901931933,0.0033333333333333335,3.1411678813519196e-08,0.008350588381290436,0.005841960857311885
powershell_benign_dataset,3082.ps1,0,0,0.01617436992755705,0.056666666666666664,5.089179946715138e-07,0.03754148632287979,0.04710407649477323
powershell_benign_dataset,3083.ps1,0,2,0.002900513513285976,0.02666666666666667,2.2837298804184508e-07,0.00044572711340151727,0.013556196890034093
powershell_benign_dataset,3084.ps1,0,3,8.39271796209909e-05,0.0,5.2830824162843555e-08,0.00767763564363122,0.00383881782181561
powershell_benign_dataset,3085.ps1,0,1,3.870268678460252e-07,0.023333333333333334,7.28005058618902e-07,0.03241468220949173,0.02787400777141253
powershell_benign_dataset,3086.ps1,0,1,0.03188340378706846,0.0,4.3126584839762234e-09,0.04569252207875252,0.02284626103937626
powershell_benign_dataset,3087.ps1,0,1,0.0047685732983640036,0.0,3.5046452434250135e-08,0.008975040167570114,0.004487520083785057
powershell_benign_dataset,3088.ps1,0,3,0.04132762553046398,0.0,1.518924518848701e-07,0.006269281730055809,0.0031346408650279045
powershell_benign_dataset,3089.ps1,0,4,0.0056350181941836495,0.0,9.761597768747928e-09,0.0033124068286269903,0.0016562034143134952
powershell_benign_dataset,309.ps1,0,0,0.03344373997748759,0.006666666666666667,1.3078479572362176e-06,0.022235684096813202,0.014451175381739935
powershell_benign_dataset,3090.ps1,0,4,0.006501099525860096,0.0,3.783061345167567e-08,0.0034723698627203703,0.0017361849313601851
powershell_benign_dataset,3091.ps1,0,0,0.004899672131921725,0.0033333333333333335,5.89288563536894e-07,0.019136833027005196,0.011235083180169265
powershell_benign_dataset,3092.ps1,0,4,0.050695931650170487,0.03333333333333333,2.1740821642328396e-07,0.004457463044673204,0.01889539818900327
powershell_benign_dataset,3093.ps1,0,4,0.03173125691870536,0.0,1.2947199748344979e-08,0.005732972174882889,0.0028664860874414444
powershell_benign_dataset,3094.ps1,0,4,0.0063578780313126625,0.0,3.783061345167567e-08,0.004390208050608635,0.0021951040253043175
powershell_benign_dataset,3095.ps1,0,1,0.048933191294731275,0.006666666666666667,4.155293060117463e-08,0.0038910468574613333,0.005278856762064001
powershell_benign_dataset,3096.ps1,0,0,0.007438414418681671,0.006666666666666667,1.2275279031979556e-07,0.024331966415047646,0.015499316540857157
powershell_benign_dataset,3097.ps1,0,3,6.826103897648677e-05,0.0033333333333333335,2.1358883282638985e-08,0.004165824968367815,0.0037495791508505745
powershell_benign_dataset,3098.ps1,0,1,0.001232232571493237,0.016666666666666666,2.4992705198245033e-08,0.0022500953637063503,0.009458381015186508
powershell_benign_dataset,3099.ps1,0,3,0.005613357108312587,0.006666666666666667,4.174993366746568e-07,0.0033743055537343025,0.005020486110200485
powershell_benign_dataset,31.ps1,0,0,0.05658356813929533,0.08666666666666667,6.396336369566473e-06,0.026527728885412216,0.05659719777603944
powershell_benign_dataset,310.ps1,0,0,0.03702053075939175,0.02666666666666667,0.0004945924674742326,0.018754368647933006,0.02271051765729984
powershell_benign_dataset,3100.ps1,0,0,0.02658739842314277,0.006666666666666667,2.2928814002390092e-08,0.024827338755130768,0.015747002710898718
powershell_benign_dataset,3101.ps1,0,4,0.02383981400499641,0.03,1.4062137319746422e-06,0.003952678758651018,0.01697633937932551
powershell_benign_dataset,3102.ps1,0,2,0.033357405052530556,0.0033333333333333335,8.649139575404425e-08,0.010795707814395428,0.007064520573864381
powershell_benign_dataset,3103.ps1,0,0,0.03177707007548617,0.0,2.7157241647418404e-08,0.022771799936890602,0.011385899968445301
powershell_benign_dataset,3104.ps1,0,3,0.23145791562192766,0.11666666666666667,7.762837314937502e-05,0.019210949540138245,0.06793880810340246
powershell_benign_dataset,3107.ps1,0,2,0.9992150503643058,0.6633333333333333,0.9990386822252196,0.07774212956428528,0.3705377314488093
powershell_benign_dataset,3108.ps1,0,3,0.00014279403461753566,0.023333333333333334,1.9034437109634732e-07,0.007256203796714544,0.01529476856502394
powershell_benign_dataset,3109.ps1,0,1,0.02766470279261519,0.013333333333333334,1.516741250586572e-07,0.002077026292681694,0.007705179813007514
powershell_benign_dataset,311.ps1,0,2,0.0023235898633300763,0.006666666666666667,4.847137596490089e-08,0.002374952659010887,0.0045208096628387776
powershell_benign_dataset,3110.ps1,0,4,0.0504708699578845,0.11666666666666667,2.833104532340358e-05,0.00966572854667902,0.06316619760667284
powershell_benign_dataset,3111.ps1,0,1,0.007066298741751801,0.10666666666666667,1.0688310570883273e-07,0.01390013750642538,0.06028340208654603
powershell_benign_dataset,3112.ps1,0,2,0.0028509948444140234,0.006666666666666667,3.836309360834274e-07,0.021223368123173714,0.01394501739492019
powershell_benign_dataset,3113.ps1,0,2,0.0018437368825211062,0.0033333333333333335,2.1491661717723508e-07,0.011767646297812462,0.007550489815572898
powershell_benign_dataset,3114.ps1,0,0,0.003625454324128614,0.07666666666666666,1.0415217610371686e-07,0.1532037854194641,0.11493522604306539
powershell_benign_dataset,3115.ps1,0,2,0.0007607366177124782,0.0,2.8160647159826236e-08,0.012627535499632359,0.006313767749816179
powershell_benign_dataset,3116.ps1,0,2,0.009327579805384838,0.0033333333333333335,7.396426499851445e-07,0.015550989657640457,0.009442161495486896
powershell_benign_dataset,3117.ps1,0,2,0.010809053500238966,0.02,8.069490961358113e-06,0.008590792305767536,0.014295396152883768
powershell_benign_dataset,3118.ps1,0,3,0.005800946621637602,0.0,9.455189348947718e-09,0.018091587349772453,0.009045793674886227
powershell_benign_dataset,3119.ps1,0,2,0.012480192232195495,0.0033333333333333335,6.839632123705452e-08,0.009497198276221752,0.006415265804777543
powershell_benign_dataset,312.ps1,0,3,0.01367183495678449,0.0033333333333333335,1.6993873304374483e-08,0.002501062583178282,0.002917197958255808
powershell_benign_dataset,3120.ps1,0,4,0.007997776528084335,0.006666666666666667,6.33235478226342e-08,0.003624129807576537,0.0051453982371216025
powershell_benign_dataset,3121.ps1,0,3,0.005919895547171407,0.0033333333333333335,1.3319123210831604e-08,0.0024405154399573803,0.002886924386645357
powershell_benign_dataset,3122.ps1,0,1,0.00138338354837965,0.016666666666666666,3.481547540646724e-07,0.01101883314549923,0.013842749906082948
powershell_benign_dataset,3123.ps1,0,2,0.23575438355416778,0.07333333333333333,5.131051445837091e-05,0.011467699892818928,0.04240051661307613
powershell_benign_dataset,3124.ps1,0,2,0.0062164921093383245,0.02,3.367159418431033e-07,0.010936610400676727,0.015468305200338364
powershell_benign_dataset,3125.ps1,0,0,0.011759571136771904,0.24333333333333335,6.866490401071436e-06,0.2314615696668625,0.23739745150009792
powershell_benign_dataset,3126.ps1,0,4,0.1230086075575784,0.056666666666666664,1.022006579777909e-05,0.03487302362918854,0.045769845147927604
powershell_benign_dataset,3127.ps1,0,0,0.01604688216955351,0.06666666666666667,9.978792650566672e-06,0.03850646689534187,0.05258656678100427
powershell_benign_dataset,3128.ps1,0,1,0.09381461594575892,0.17,8.089506288354046e-05,0.01255188137292862,0.09127594068646432
powershell_benign_dataset,3129.ps1,0,3,0.035367370961427544,0.03,9.163669821631566e-09,0.012991293333470821,0.02149564666673541
powershell_benign_dataset,313.ps1,0,0,0.011433081520827872,0.006666666666666667,9.812221979606573e-09,0.018815189599990845,0.012740928133328756
powershell_benign_dataset,3130.ps1,0,1,0.013747383486083165,0.03333333333333333,7.978517017208433e-05,0.0048399632796645164,0.019086648306498925
powershell_benign_dataset,3131.ps1,0,3,0.09556243675492886,0.04,2.3210270235052288e-05,0.009770727716386318,0.02488536385819316
powershell_benign_dataset,3132.ps1,0,1,0.07522209444596124,0.04,2.6469241482694467e-05,0.019305359572172165,0.029652679786086083
powershell_benign_dataset,3133.ps1,0,1,0.008837708996312461,0.19666666666666666,0.00011109916344495789,0.014005127362906933,0.1053358970147868
powershell_benign_dataset,3134.ps1,0,4,0.007823482555963402,0.02,3.778423752493282e-05,0.00793502852320671,0.013967514261603356
powershell_benign_dataset,3135.ps1,0,2,0.022103217225340394,0.0033333333333333335,1.3349366689182705e-08,0.02821921370923519,0.015776273521284263
powershell_benign_dataset,3136.ps1,0,1,0.00743780505624835,0.02666666666666667,1.8012742775958324e-06,0.0314958319067955,0.029081249286731087
powershell_benign_dataset,3137.ps1,0,4,0.011251308178744918,0.02666666666666667,2.8926827707941605e-07,0.03417976573109627,0.03042321619888147
powershell_benign_dataset,3138.ps1,0,4,0.028163890582160418,0.0,8.587954397458454e-10,0.025292901322245598,0.012646450661122799
powershell_benign_dataset,3139.ps1,0,2,0.02850510437212654,0.006666666666666667,1.1774351267482583e-07,0.012886025942862034,0.009776346304764351
powershell_benign_dataset,314.ps1,0,1,0.006500337724193615,0.0,7.654599470889777e-09,0.002278984524309635,0.0011394922621548176
powershell_benign_dataset,3140.ps1,0,4,0.3200491319447107,0.15,0.0001912406642882602,0.21807081997394562,0.18403540998697282
powershell_benign_dataset,3141.ps1,0,1,0.2342515139119017,0.19,6.360179801440975e-05,0.0717165544629097,0.13085827723145485
powershell_benign_dataset,3142.ps1,0,0,0.004536531079600937,0.023333333333333334,1.0314056795076122e-05,0.04515981674194336,0.034246575037638345
powershell_benign_dataset,3143.ps1,0,0,0.14103565378344596,0.03,6.227839841080748e-07,0.06491552293300629,0.04745776146650314
powershell_benign_dataset,3144.ps1,0,0,0.04152805962791066,0.02,2.559613275584392e-08,0.06166306510567665,0.04083153255283833
powershell_benign_dataset,3145.ps1,0,3,0.15339494771046214,0.07,6.369862314731135e-06,0.017319999635219574,0.04365999981760979
powershell_benign_dataset,3147.ps1,0,0,0.06443014106894802,0.0033333333333333335,6.683370826840017e-07,0.041280537843704224,0.02230693558851878
powershell_benign_dataset,3148.ps1,0,3,0.1993289390101561,0.06666666666666667,8.185993406140968e-06,0.04414001479744911,0.05540334073205789
powershell_benign_dataset,3149.ps1,0,2,0.009688187712813424,0.01,2.8695114520421497e-07,0.005377274006605148,0.007688637003302574
powershell_benign_dataset,315.ps1,0,3,0.015318481386701617,0.006666666666666667,4.051698870461989e-08,0.003240864025428891,0.00495376534604778
powershell_benign_dataset,3150.ps1,0,4,3.972858268124728e-08,0.03333333333333333,4.335969158281632e-07,0.007388245780020952,0.020360789556677143
powershell_benign_dataset,3151.ps1,0,3,0.9999999985996515,0.9166666666666666,0.999999453140354,0.7903822064399719,0.8535244365533192
powershell_benign_dataset,3152.ps1,0,4,0.5267239262715959,0.14,0.029658755905235108,0.054925136268138885,0.09746256813406945
powershell_benign_dataset,3154.ps1,0,3,0.000503455644272633,0.04666666666666667,2.9827553584160375e-08,0.005378908943384886,0.026022787805025777
powershell_benign_dataset,3155.ps1,0,3,0.0028230426116648733,0.006666666666666667,6.27769008389377e-08,0.032552722841501236,0.019609694754083952
powershell_benign_dataset,3156.ps1,0,0,0.009131982325688529,0.0033333333333333335,6.45823684586411e-08,0.02428099885582924,0.013807166094581286
powershell_benign_dataset,3157.ps1,0,4,0.0010609815311419977,0.0033333333333333335,3.645882609926502e-08,0.004963064566254616,0.004148198949793975
powershell_benign_dataset,3158.ps1,0,2,0.01686976041648045,0.013333333333333334,2.0062693463122098e-07,0.022137751802802086,0.01773554256806771
powershell_benign_dataset,316.ps1,0,0,0.017657036692922214,0.08,2.0336415371448224e-06,0.03381398692727089,0.056906993463635445
powershell_benign_dataset,3160.ps1,0,3,0.05652349782412888,0.056666666666666664,2.5815224628773823e-05,0.018346913158893585,0.03750678991278013
powershell_benign_dataset,3161.ps1,0,1,0.04902704630589689,0.013333333333333334,1.2193847949694576e-06,0.009728843346238136,0.011531088339785736
powershell_benign_dataset,3162.ps1,0,4,0.002201761627810157,0.0,5.219839176171479e-09,0.004129853565245867,0.0020649267826229334
powershell_benign_dataset,3163.ps1,0,2,0.2974459772760094,0.05333333333333334,4.574711199135744e-06,0.017845269292593002,0.03558930131296317
powershell_benign_dataset,3164.ps1,0,3,0.0002488544122158024,0.0033333333333333335,6.570991907091645e-08,0.04047892615199089,0.021906129742662112
powershell_benign_dataset,3165.ps1,0,2,0.017149687826719773,0.01,3.993476741498261e-06,0.03244166076183319,0.021220830380916596
powershell_benign_dataset,3166.ps1,0,1,0.004676419761960598,0.006666666666666667,7.26564978533178e-08,0.0060040769167244434,0.006335371791695556
powershell_benign_dataset,3167.ps1,0,3,0.05102382737911236,0.01,2.7314961871196856e-06,0.018717287108302116,0.01435864355415106
powershell_benign_dataset,3168.ps1,0,3,0.007741951663767218,0.0033333333333333335,2.5609849158707393e-07,0.006938664708286524,0.005135999020809929
powershell_benign_dataset,3169.ps1,0,1,0.008748714391939163,0.0,1.4750678977950989e-08,0.0016386853531002998,0.0008193426765501499
powershell_benign_dataset,317.ps1,0,2,0.0029498823804197842,0.0,3.385966044909955e-09,0.004279811400920153,0.0021399057004600763
powershell_benign_dataset,3170.ps1,0,0,0.07143080568276511,0.04666666666666667,4.704306529803637e-05,0.053762733936309814,0.05021470030148824
powershell_benign_dataset,3171.ps1,0,2,0.0035127840253644247,0.013333333333333334,2.5677285711660327e-07,0.010669227689504623,0.01200128051141898
powershell_benign_dataset,3172.ps1,0,1,0.015451854661127027,0.15333333333333332,3.889758940514626e-06,0.014485012739896774,0.08390917303661505
powershell_benign_dataset,3173.ps1,0,3,0.006032795337392417,0.006666666666666667,1.1805090984900071e-07,0.005463970825076103,0.006065318745871386
powershell_benign_dataset,3174.ps1,0,3,0.004340481047354801,0.03333333333333333,8.6581557907684e-07,0.008763015270233154,0.021048174301783244
powershell_benign_dataset,3175.ps1,0,3,0.008763170159709352,0.02,1.4756308708233455e-07,0.021404510363936424,0.020702255181968214
powershell_benign_dataset,3176.ps1,0,0,0.022276504717573385,0.10333333333333333,1.3885007067568544e-06,0.016970627009868622,0.06015198017160098
powershell_benign_dataset,3177.ps1,0,2,0.009377587812528558,0.0033333333333333335,1.0965562180532526e-08,0.0070079718716442585,0.005170652602488796
powershell_benign_dataset,3178.ps1,0,4,0.013523564884619031,0.0,6.1529560242210475e-09,0.010423530824482441,0.0052117654122412205
powershell_benign_dataset,3179.ps1,0,1,0.08809185842269746,0.2733333333333333,0.007958008266806992,0.07925808429718018,0.17629570881525675
powershell_benign_dataset,318.ps1,0,2,0.004129431601966407,0.016666666666666666,9.134056076746244e-08,0.003436282742768526,0.010051474704717596
powershell_benign_dataset,3180.ps1,0,1,0.04637356359076003,0.19,0.0001589539246519438,0.19129560887813568,0.19064780443906784
powershell_benign_dataset,3181.ps1,0,3,0.22391208095383763,0.02666666666666667,5.474002643999607e-06,0.03930186480283737,0.03298426573475202
powershell_benign_dataset,3182.ps1,0,0,0.010316512239029147,0.03666666666666667,1.4953805188099772e-07,0.01775570772588253,0.0272111871962746
powershell_benign_dataset,3183.ps1,0,1,0.00539827879349768,0.016666666666666666,6.627463527441647e-08,0.00760440481826663,0.012135535742466648
powershell_benign_dataset,3184.ps1,0,2,0.009719305855830323,0.006666666666666667,6.070869853617976e-09,0.008521195501089096,0.007593931083877882
powershell_benign_dataset,3185.ps1,0,1,0.2538452127771812,0.07,0.0001124282799448289,0.17995604872703552,0.12497802436351776
powershell_benign_dataset,3186.ps1,0,2,0.13876963656680785,0.05333333333333334,3.093832574790874e-05,0.0305293221026659,0.04193132771799962
powershell_benign_dataset,3187.ps1,0,0,0.025010798433866853,0.06,2.6050119644530794e-06,0.02700672671198845,0.04350336335599422
powershell_benign_dataset,3188.ps1,0,4,0.008660236729308298,0.04666666666666667,1.635769945103566e-07,0.009812485426664352,0.02823957604666551
powershell_benign_dataset,3189.ps1,0,1,0.004338817554110294,0.03333333333333333,8.443696968324422e-08,0.023597195744514465,0.0284652645389239
powershell_benign_dataset,319.ps1,0,2,0.001954909786728826,0.0,2.7228506288884428e-08,0.005604155361652374,0.002802077680826187
powershell_benign_dataset,3191.ps1,0,1,0.008366509504079273,0.07,7.428755413479679e-08,0.013278096914291382,0.041639048457145694
powershell_benign_dataset,3192.ps1,0,4,0.0046184385487436815,0.013333333333333334,1.453457428457767e-08,0.014531849883496761,0.013932591608415049
powershell_benign_dataset,3193.ps1,0,0,0.017441456319867293,0.02666666666666667,1.272305307736728e-08,0.03232903778553009,0.02949785222609838
powershell_benign_dataset,3194.ps1,0,2,0.003883025685830802,0.023333333333333334,4.792634592839982e-07,0.03478015214204788,0.029056742737690607
powershell_benign_dataset,3195.ps1,0,2,0.004026905453787414,0.09,1.8955076708750803e-06,0.007126140408217907,0.04856307020410895
powershell_benign_dataset,3196.ps1,0,1,0.006174402863986743,0.02,2.636840955013416e-07,0.009031090885400772,0.014515545442700386
powershell_benign_dataset,3197.ps1,0,3,0.02451191963617217,0.02666666666666667,7.070020877071053e-08,0.02438993752002716,0.025528302093346916
powershell_benign_dataset,3198.ps1,0,0,0.00929542309826824,0.03666666666666667,1.403752388850936e-08,0.017962533980607986,0.027314600323637327
powershell_benign_dataset,3199.ps1,0,2,0.0034277012912218036,0.03,3.3180055404002138e-06,0.010454726405441761,0.02022736320272088
powershell_benign_dataset,32.ps1,0,2,0.0072594933088838826,0.1,6.5534228476245676e-06,0.013201436027884483,0.056600718013942244
powershell_benign_dataset,320.ps1,0,4,0.010270896935232036,0.006666666666666667,1.8794833583090382e-06,0.003896713722497225,0.005281690194581946
powershell_benign_dataset,3200.ps1,0,4,0.01612139402147441,0.02666666666666667,3.316402725587851e-07,0.007989143021404743,0.017327904844035708
powershell_benign_dataset,3201.ps1,0,3,0.01309721711002556,0.006666666666666667,1.0795240913556576e-05,0.008989658206701279,0.007828162436683973
powershell_benign_dataset,3202.ps1,0,3,0.009441524195046047,0.006666666666666667,3.739797534356294e-07,0.009530620649456978,0.008098643658061823
powershell_benign_dataset,3203.ps1,0,2,0.01793325803208792,0.0033333333333333335,6.221475421116398e-08,0.008104766719043255,0.005719050026188294
powershell_benign_dataset,3204.ps1,0,3,0.01706172344160167,0.0,3.959524978077298e-08,0.03721744939684868,0.01860872469842434
powershell_benign_dataset,3205.ps1,0,3,0.27605719199500667,0.056666666666666664,3.0151370756966067e-06,0.007891159504652023,0.03227891308565935
powershell_benign_dataset,3206.ps1,0,4,0.008234293501109444,0.006666666666666667,2.1826456680944685e-08,0.04973161965608597,0.028199143161376318
powershell_benign_dataset,3207.ps1,0,4,0.004132090250333241,0.006666666666666667,1.811035519700402e-06,0.0010802210308611393,0.003873443848763903
powershell_benign_dataset,3208.ps1,0,3,0.02155878567501826,0.07333333333333333,7.69565460175719e-05,0.0032761231996119022,0.03830472826647262
powershell_benign_dataset,3209.ps1,0,3,0.01430036170444296,0.08666666666666667,5.223488715594094e-07,0.014292463660240173,0.05047956516345342
powershell_benign_dataset,321.ps1,0,0,0.0133905376931512,0.006666666666666667,1.8424930491559615e-07,0.01634291000664234,0.011504788336654505
powershell_benign_dataset,3210.ps1,0,3,0.015996414070063542,0.02666666666666667,3.1321408174453044e-07,0.0033857712987810373,0.015026218982723853
powershell_benign_dataset,3211.ps1,0,4,0.003945084694721444,0.10666666666666667,8.44874407850363e-07,0.020132409408688545,0.06339953803767762
powershell_benign_dataset,3212.ps1,0,4,0.14015054433681137,0.48333333333333334,0.0006491416065933564,0.11980634182691574,0.30156983758012457
powershell_benign_dataset,3213.ps1,0,4,0.008306065773069096,0.0,1.6884034201463893e-08,0.00211492832750082,0.00105746416375041
powershell_benign_dataset,3214.ps1,0,0,0.010539610460358992,0.0033333333333333335,5.477338353454804e-07,0.01009826734662056,0.006715800339976947
powershell_benign_dataset,3215.ps1,0,2,0.0037907400398615454,0.0,9.355571377820542e-09,0.0037529722321778536,0.0018764861160889268
powershell_benign_dataset,3216.ps1,0,0,0.005868712878914606,0.0,2.3222424771580762e-08,0.027450481429696083,0.013725240714848042
powershell_benign_dataset,3217.ps1,0,3,0.004596963817143636,0.0033333333333333335,2.605660130142899e-07,0.006797962822020054,0.005065648077676694
powershell_benign_dataset,3218.ps1,0,0,0.0049073099992223475,0.0,1.1956687191311335e-08,0.027692878618836403,0.013846439309418201
powershell_benign_dataset,3219.ps1,0,2,0.012118221009427213,0.0,2.875076131984085e-09,0.0006904543261043727,0.00034522716305218637
powershell_benign_dataset,322.ps1,0,4,0.004267094745949614,0.0,1.4528266630526244e-07,0.0053725172765553,0.00268625863827765
powershell_benign_dataset,3220.ps1,0,4,0.00956938959969621,0.0,2.405841596759051e-08,0.0010372407268732786,0.0005186203634366393
powershell_benign_dataset,3221.ps1,0,1,0.013121666461024318,0.0,7.163915114068173e-09,0.0017201376613229513,0.0008600688306614757
powershell_benign_dataset,3222.ps1,0,2,0.008840623690166156,0.006666666666666667,2.831431234403447e-08,0.006691944785416126,0.006679305726041397
powershell_benign_dataset,3223.ps1,0,4,0.011286429515900436,0.0,1.6192520416934525e-08,0.0024459916166961193,0.0012229958083480597
powershell_benign_dataset,3224.ps1,0,3,0.008282477146364611,0.006666666666666667,2.3986197876582562e-08,0.003011152148246765,0.0048389094074567165
powershell_benign_dataset,3225.ps1,0,0,0.02250921499309901,0.0,2.0032442551585328e-07,0.007731874939054251,0.0038659374695271254
powershell_benign_dataset,3226.ps1,0,2,0.005114468881265391,0.0033333333333333335,3.0243803450734226e-08,0.004534151405096054,0.003933742369214694
powershell_benign_dataset,3227.ps1,0,1,0.015051129429934194,0.006666666666666667,2.622468846781259e-08,0.003631213214248419,0.005148939940457543
powershell_benign_dataset,3228.ps1,0,3,0.02186267333967016,0.0033333333333333335,3.93291112565145e-09,0.001538451761007309,0.0024358925471703215
powershell_benign_dataset,3229.ps1,0,1,0.0266672973265889,0.0033333333333333335,1.6117411240163775e-08,0.003682406386360526,0.00350786985984693
powershell_benign_dataset,323.ps1,0,4,0.05753198431059703,0.016666666666666666,4.206956255821191e-06,0.0037793556693941355,0.010223011168030401
powershell_benign_dataset,3230.ps1,0,1,0.0074490370326830225,0.016666666666666666,3.572600409311269e-07,0.004459691699594259,0.010563179183130463
powershell_benign_dataset,3231.ps1,0,3,0.013902405633416591,0.01,1.5867931702480462e-07,0.00215660291723907,0.006078301458619535
powershell_benign_dataset,3232.ps1,0,3,0.0075747647118132415,0.0033333333333333335,3.522276872951304e-07,0.007940303534269333,0.005636818433801333
powershell_benign_dataset,3233.ps1,0,0,0.0009736324163172822,0.006666666666666667,1.518927736087771e-07,0.07528034597635269,0.04097350632150968
powershell_benign_dataset,3234.ps1,0,4,0.004988362029233587,0.016666666666666666,2.3495852495717e-07,0.007683748845010996,0.012175207755838831
powershell_benign_dataset,3235.ps1,0,3,0.012706444631603354,0.006666666666666667,5.757678673997651e-08,0.007314917631447315,0.006990792149056992
powershell_benign_dataset,3236.ps1,0,1,0.01144467821234173,0.016666666666666666,2.8051823706889113e-07,0.0038274279795587063,0.010247047323112686
powershell_benign_dataset,3237.ps1,0,0,0.023838179155383263,0.0,1.199787502968691e-07,0.017332682386040688,0.008666341193020344
powershell_benign_dataset,3239.ps1,0,4,0.010115263424936698,0.0,3.089492559275436e-08,0.005126328207552433,0.0025631641037762165
powershell_benign_dataset,324.ps1,0,3,0.02699042621353736,0.0033333333333333335,3.168942945549453e-08,0.005096944514662027,0.004215138923997681
powershell_benign_dataset,3240.ps1,0,0,0.014647667041817086,0.0,5.8779617286672466e-08,0.0647462010383606,0.0323731005191803
powershell_benign_dataset,3241.ps1,0,4,0.013712259564647226,0.0,2.0557551198873284e-08,0.012569984421133995,0.0062849922105669975
powershell_benign_dataset,3242.ps1,0,3,0.0025240713727924476,0.0,2.3213187748702594e-08,0.003906513564288616,0.001953256782144308
powershell_benign_dataset,3243.ps1,0,1,0.013675223969796313,0.0,1.0461694136850342e-07,0.006834530737251043,0.0034172653686255217
powershell_benign_dataset,3244.ps1,0,1,0.011675200841555758,0.02666666666666667,2.6791133736390006e-05,0.003579567652195692,0.01512311715943118
powershell_benign_dataset,3245.ps1,0,3,0.0026554111006373447,0.03333333333333333,2.0262083260763887e-08,0.003965978976339102,0.018649656154836217
powershell_benign_dataset,3246.ps1,0,1,0.011537734972512216,0.01,6.361838057024873e-08,0.00456903874874115,0.007284519374370575
powershell_benign_dataset,3247.ps1,0,4,0.0014562162135758735,0.02,5.960282406409947e-09,0.01375969685614109,0.016879848428070547
powershell_benign_dataset,3248.ps1,0,0,0.0036978590330597277,0.07,7.580507935323473e-06,0.018904756754636765,0.044452378377318386
powershell_benign_dataset,3249.ps1,0,3,0.010054120141559625,0.01,7.763096864140211e-08,0.00384982256218791,0.006924911281093955
powershell_benign_dataset,325.ps1,0,2,0.002074442389099486,0.0,1.3931911866982841e-08,0.005204223096370697,0.0026021115481853485
powershell_benign_dataset,3250.ps1,0,1,0.02338446040785799,0.02666666666666667,1.9095119111608617e-05,0.01166740246117115,0.01916703456391891
powershell_benign_dataset,3251.ps1,0,2,0.01662105337617553,0.01,2.797718496551701e-08,0.0028945531230419874,0.006447276561520994
powershell_benign_dataset,3252.ps1,0,4,0.00248331786590808,0.0033333333333333335,1.0482960216491323e-07,0.005949421785771847,0.00464137755955259
powershell_benign_dataset,3253.ps1,0,3,0.0005626656011552152,0.006666666666666667,2.7560298068272264e-08,0.021561894565820694,0.014114280616243681
powershell_benign_dataset,3254.ps1,0,1,0.0017543832653490468,0.0033333333333333335,3.963965948380306e-08,0.011451618745923042,0.007392476039628188
powershell_benign_dataset,3255.ps1,0,3,0.34210999147364807,0.03666666666666667,1.4781993993935765e-06,0.08914084732532501,0.06290375699599585
powershell_benign_dataset,3256.ps1,0,4,0.056358275093602896,0.0033333333333333335,1.281340154806433e-07,0.007951061241328716,0.005642197287331025
powershell_benign_dataset,3257.ps1,0,1,0.002321580368418748,0.0033333333333333335,2.736165444589822e-08,0.006217190530151129,0.004775261931742231
powershell_benign_dataset,3258.ps1,0,4,0.002555406846362205,0.01,2.2407695375779662e-08,0.00924480240792036,0.009622401203960181
powershell_benign_dataset,3259.ps1,0,0,0.011026430077339324,0.03,1.2258570781902085e-05,0.0646873190999031,0.04734365954995155
powershell_benign_dataset,326.ps1,0,2,0.002811764078694067,0.0033333333333333335,1.0389268010854913e-08,0.005821234546601772,0.004577283939967553
powershell_benign_dataset,3260.ps1,0,3,0.019750642356472108,0.02666666666666667,5.885315670235641e-07,0.004327715840190649,0.015497191253428659
powershell_benign_dataset,3261.ps1,0,3,0.02013474839967734,0.0,5.150056954157404e-09,0.006464592181146145,0.0032322960905730724
powershell_benign_dataset,3262.ps1,0,4,0.009905145598230617,0.0,1.900905162462967e-08,0.006016619503498077,0.0030083097517490387
powershell_benign_dataset,3263.ps1,0,2,0.00017392110505045133,0.0033333333333333335,3.503463861341222e-08,0.021493129432201385,0.01241323138276736
powershell_benign_dataset,3264.ps1,0,0,0.00010801060296859918,0.0,9.092948139410042e-09,0.05693269520998001,0.028466347604990005
powershell_benign_dataset,3265.ps1,0,2,0.013676183409897843,0.013333333333333334,4.550902469882873e-08,0.010845261625945568,0.012089297479639452
powershell_benign_dataset,3266.ps1,0,4,0.003974749658464734,0.0,7.092304982093762e-09,0.006024004425853491,0.0030120022129267454
powershell_benign_dataset,3267.ps1,0,2,0.0008829552051287226,0.013333333333333334,6.253049326013165e-08,0.0038957293145358562,0.008614531323934596
powershell_benign_dataset,3268.ps1,0,2,0.011085107348592884,0.006666666666666667,1.6958542647901956e-06,0.02055036835372448,0.013608517510195574
powershell_benign_dataset,3269.ps1,0,0,0.01571312432696993,0.01,1.8673897725234886e-07,0.0463288389146328,0.0281644194573164
powershell_benign_dataset,327.ps1,0,4,0.007545528344253507,0.0,8.76931909238034e-09,0.0015888966154307127,0.0007944483077153563
powershell_benign_dataset,3270.ps1,0,1,0.04807880682768961,0.02666666666666667,1.234466680931711e-05,0.001839214819483459,0.014252940743075064
powershell_benign_dataset,3271.ps1,0,0,0.014098794301989402,0.01,3.7122520239844444e-07,0.08834027498960495,0.04917013749480247
powershell_benign_dataset,3272.ps1,0,3,0.021159867747498742,0.006666666666666667,4.531914725982724e-07,0.010900456458330154,0.008783561562498411
powershell_benign_dataset,3273.ps1,0,2,3.681490370189136e-05,0.13,1.838578191964939e-07,0.01263711042702198,0.07131855521351099
powershell_benign_dataset,3274.ps1,0,0,0.04009930149427655,0.0,1.9595209541577182e-07,0.10531600564718246,0.05265800282359123
powershell_benign_dataset,3275.ps1,0,0,0.010662696120180247,0.0033333333333333335,3.375962440536823e-08,0.04797698184847832,0.025655157590905826
powershell_benign_dataset,3276.ps1,0,0,0.05422553807210366,0.01,9.253832243578258e-06,0.07974165678024292,0.04487082839012146
powershell_benign_dataset,3277.ps1,0,2,0.02012167689217433,0.006666666666666667,5.467011075809871e-07,0.026989152655005455,0.01682790966083606
powershell_benign_dataset,3278.ps1,0,2,0.001786064439048891,0.056666666666666664,3.3907362863443038e-06,0.004910515155643225,0.030788590911154944
powershell_benign_dataset,3279.ps1,0,2,0.012843108110648116,0.0,8.715740644408624e-07,0.006910706404596567,0.0034553532022982836
powershell_benign_dataset,328.ps1,0,4,0.0039722343794918995,0.0033333333333333335,5.790622312464355e-09,0.003898335387930274,0.003615834360631804
powershell_benign_dataset,3280.ps1,0,2,0.1222398875431873,0.03333333333333333,8.784812696406187e-06,0.024586521089076996,0.028959927211205164
powershell_benign_dataset,3281.ps1,0,3,0.018022627037742687,0.0,1.3788983066759322e-08,0.005237350706011057,0.0026186753530055285
powershell_benign_dataset,3282.ps1,0,1,0.02467158072808879,0.0,6.662689145371003e-08,0.003941600676625967,0.0019708003383129835
powershell_benign_dataset,3283.ps1,0,4,0.08523137670901275,0.1,8.17280641324823e-06,0.1497468203306198,0.12487341016530991
powershell_benign_dataset,3285.ps1,0,1,0.1274054527970074,0.04666666666666667,7.084991442397441e-07,0.003216178622096777,0.024941422644381723
powershell_benign_dataset,3287.ps1,0,4,0.028837302931360775,0.016666666666666666,7.555055263422585e-08,0.020675387233495712,0.018671026950081188
powershell_benign_dataset,3288.ps1,0,2,0.015913161643323938,0.03,4.728694444623585e-05,0.018551530316472054,0.024275765158236026
powershell_benign_dataset,3289.ps1,0,2,0.03977363342246235,0.05333333333333334,2.3357803874947755e-06,0.06847484409809113,0.060904088715712235
powershell_benign_dataset,329.ps1,0,4,0.03770843778296258,0.0,2.366197400074362e-08,0.003422017674893141,0.0017110088374465704
powershell_benign_dataset,3290.ps1,0,1,0.0035658133531909515,0.016666666666666666,3.296052722627252e-08,0.014451912604272366,0.015559289635469516
powershell_benign_dataset,3291.ps1,0,3,0.07037488212599909,0.03333333333333333,8.202923129825936e-08,0.011016998440027237,0.022175165886680285
powershell_benign_dataset,3292.ps1,0,1,0.017430705789840375,0.23,1.3117446180022392e-05,0.005905658006668091,0.11795282900333405
powershell_benign_dataset,3293.ps1,0,1,0.015630496826403217,0.013333333333333334,6.238013118173217e-08,0.0035315894056111574,0.008432461369472247
powershell_benign_dataset,3294.ps1,0,1,0.011512758553791932,0.006666666666666667,9.314464851759055e-08,0.0017128183972090483,0.004189742531937858
powershell_benign_dataset,3295.ps1,0,3,0.012311547084955217,0.013333333333333334,7.858901849631557e-07,0.0018522816244512796,0.007592807478892307
powershell_benign_dataset,3296.ps1,0,2,0.01785222524112743,0.006666666666666667,5.2237712299917554e-08,0.002238211687654257,0.004452439177160462
powershell_benign_dataset,3297.ps1,0,3,0.021829242788818416,0.0,1.1497057484669074e-07,0.0025309836491942406,0.0012654918245971203
powershell_benign_dataset,3298.ps1,0,1,0.022324114283942476,0.0,1.9588545081530374e-08,0.007090053986757994,0.003545026993378997
powershell_benign_dataset,3299.ps1,0,3,0.008150858585098154,0.016666666666666666,3.186713094610072e-07,0.004880442749708891,0.010773554708187779
powershell_benign_dataset,33.ps1,0,0,0.03279350914006728,0.0033333333333333335,3.2408032474474443e-09,0.00962330773472786,0.006478320534030597
powershell_benign_dataset,330.ps1,0,1,0.003280594643583901,0.0033333333333333335,8.227076536834885e-09,0.0014612337108701468,0.0023972835221017404
powershell_benign_dataset,3300.ps1,0,4,0.006322906250014575,0.0,4.296818429201042e-08,0.004276086110621691,0.0021380430553108454
powershell_benign_dataset,3301.ps1,0,1,0.024734525209751303,0.006666666666666667,5.562877831622655e-07,0.001030494342558086,0.0038485805046123765
powershell_benign_dataset,3302.ps1,0,0,0.05122165528247123,0.0,6.909826582978297e-08,0.020191388204693794,0.010095694102346897
powershell_benign_dataset,3303.ps1,0,3,0.01119107743600728,0.006666666666666667,2.2986755785183556e-07,0.001461146050132811,0.0040639063583997395
powershell_benign_dataset,3304.ps1,0,3,0.01391087341984492,0.0,3.231239892623243e-06,0.0017324694199487567,0.0008662347099743783
powershell_benign_dataset,3305.ps1,0,2,0.01347199881218693,0.016666666666666666,3.5824342904876634e-07,0.0007460883352905512,0.008706377500978609
powershell_benign_dataset,3306.ps1,0,3,0.03042741220511198,0.016666666666666666,4.085594016429112e-08,0.006494521163403988,0.011580593915035327
powershell_benign_dataset,3307.ps1,0,3,0.07051443166442464,0.06666666666666667,0.0007761418883492676,0.026554523035883904,0.046610594851275285
powershell_benign_dataset,3308.ps1,0,0,0.056139455038341314,0.03,1.7399120621089087e-07,0.03601105511188507,0.033005527555942535
powershell_benign_dataset,3309.ps1,0,0,0.013405896628996073,0.006666666666666667,8.343786293415894e-07,0.01619616150856018,0.011431414087613424
powershell_benign_dataset,331.ps1,0,3,0.02104483170819663,0.0033333333333333335,1.02573604067383e-07,0.006856289226561785,0.005094811279947559
powershell_benign_dataset,3310.ps1,0,4,0.006108124973353511,0.0,1.176005596055387e-08,0.001482982886955142,0.000741491443477571
powershell_benign_dataset,3311.ps1,0,1,0.0048880238274065235,0.0033333333333333335,9.339704193766513e-08,0.006878814660012722,0.005106073996673028
powershell_benign_dataset,3312.ps1,0,3,0.07352859393769502,0.013333333333333334,0.00015422441792835916,0.005649569910019636,0.009491451621676486
powershell_benign_dataset,3313.ps1,0,4,0.01573766201206428,0.0,4.9842310807080756e-08,0.002180075040087104,0.001090037520043552
powershell_benign_dataset,3314.ps1,0,0,0.006134460516770089,0.023333333333333334,2.2177713389493768e-07,0.07363104820251465,0.04848219076792399
powershell_benign_dataset,3315.ps1,0,2,0.023078807910257768,0.0,6.652146380899443e-08,0.0026340631302446127,0.0013170315651223063
powershell_benign_dataset,3316.ps1,0,1,0.027247434235634572,0.0,2.726728416346559e-08,0.0033389455638825893,0.0016694727819412947
powershell_benign_dataset,3317.ps1,0,2,0.008214711794627004,0.0033333333333333335,1.9167701563605e-08,0.002727111103013158,0.003030222218173246
powershell_benign_dataset,3318.ps1,0,3,0.024806348887314845,0.0,6.658438579390791e-07,0.003880581585690379,0.0019402907928451896
powershell_benign_dataset,3319.ps1,0,2,0.014992525107189045,0.0,6.550307280819487e-08,0.004020832013338804,0.002010416006669402
powershell_benign_dataset,332.ps1,0,1,0.013006895673827927,0.0033333333333333335,6.487213846093269e-07,0.014825768768787384,0.009079551051060359
powershell_benign_dataset,3320.ps1,0,2,0.014143989944585445,0.006666666666666667,1.806502812607494e-07,0.0032381971832364798,0.004952431924951574
powershell_benign_dataset,3321.ps1,0,2,0.02154447866678482,0.0,1.2258925517649836e-07,0.005038685165345669,0.0025193425826728344
powershell_benign_dataset,3322.ps1,0,3,0.012057227024298515,0.0033333333333333335,1.0975277628456032e-07,0.0037234751507639885,0.0035284042420486612
powershell_benign_dataset,3323.ps1,0,0,0.025530538520569912,0.006666666666666667,3.707923026860896e-07,0.011354934424161911,0.00901080054541429
powershell_benign_dataset,3324.ps1,0,3,0.00841498667708845,0.0,1.1371446695558895e-08,0.0093367425724864,0.0046683712862432
powershell_benign_dataset,3325.ps1,0,0,0.019404077624803402,0.006666666666666667,6.526339294054307e-09,0.026800842955708504,0.016733754811187586
powershell_benign_dataset,3326.ps1,0,0,0.014727884647602146,0.01,3.4257125329259663e-08,0.01623651757836342,0.01311825878918171
powershell_benign_dataset,3327.ps1,0,4,0.010041693156361865,0.0,9.934867511940771e-08,0.0016052450519055128,0.0008026225259527564
powershell_benign_dataset,3328.ps1,0,2,0.01795191911273115,0.006666666666666667,4.6593235784108945e-08,0.00358858285471797,0.005127624760692319
powershell_benign_dataset,3329.ps1,0,4,0.03160015102328704,0.0,5.815188492127688e-08,0.00270692165941,0.001353460829705
powershell_benign_dataset,333.ps1,0,4,0.010378668461511495,0.0,6.359210118530406e-09,0.0038043588865548372,0.0019021794432774186
powershell_benign_dataset,3330.ps1,0,3,0.002848682034128212,0.013333333333333334,3.396461464908009e-07,0.007454622536897659,0.010393977935115498
powershell_benign_dataset,3331.ps1,0,4,0.017786245450962832,0.0,2.165090527419255e-07,0.004315149039030075,0.0021575745195150375
powershell_benign_dataset,3332.ps1,0,3,0.025241934207685748,0.0,7.98926715269016e-07,0.005355129484087229,0.0026775647420436144
powershell_benign_dataset,3333.ps1,0,4,0.04731473810085466,0.006666666666666667,7.699745266159097e-07,0.003605649573728442,0.005136158120197555
powershell_benign_dataset,3334.ps1,0,3,0.061576010415625604,0.006666666666666667,4.991392289496565e-07,0.0074473717249929905,0.007057019195829829
powershell_benign_dataset,3335.ps1,0,3,0.06250533723663776,0.0,2.0296088199273588e-07,0.015074051916599274,0.007537025958299637
powershell_benign_dataset,3336.ps1,0,0,0.008929520823481944,0.0033333333333333335,1.0161630296443587e-07,0.018170712515711784,0.01075202292452256
powershell_benign_dataset,3337.ps1,0,4,0.016819166566316324,0.0,2.069100606878096e-08,0.006573410239070654,0.003286705119535327
powershell_benign_dataset,3338.ps1,0,0,0.009318414448814826,0.006666666666666667,8.135239903958598e-08,0.014700104482471943,0.010683385574569305
powershell_benign_dataset,3339.ps1,0,0,0.03756687683115738,0.0,1.256960965816463e-06,0.01819809153676033,0.009099045768380165
powershell_benign_dataset,334.ps1,0,1,0.0027938676683284874,0.006666666666666667,3.1291274018079396e-08,0.004308516159653664,0.005487591413160166
powershell_benign_dataset,3340.ps1,0,1,0.04181751372540738,0.013333333333333334,9.467176018224436e-06,0.0031789836939424276,0.008256158513637882
powershell_benign_dataset,3341.ps1,0,3,0.01892808658711888,0.0033333333333333335,6.877293387943683e-07,0.0029991113115102053,0.0031662223224217696
powershell_benign_dataset,3342.ps1,0,3,0.03169249316955889,0.0,2.5495702161882372e-08,0.009022973477840424,0.004511486738920212
powershell_benign_dataset,3343.ps1,0,3,0.055961420317990535,0.0,1.7764870994455712e-08,0.006313652731478214,0.003156826365739107
powershell_benign_dataset,3344.ps1,0,2,0.027650119626463677,0.0,1.1139437290492184e-07,0.005267729051411152,0.002633864525705576
powershell_benign_dataset,3345.ps1,0,4,0.022956721196320747,0.006666666666666667,9.595763890686267e-08,0.006668264977633953,0.0066674658221503105
powershell_benign_dataset,3346.ps1,0,2,0.01744262296447023,0.0,3.278321115744198e-08,0.0032610760536044836,0.0016305380268022418
powershell_benign_dataset,3347.ps1,0,2,0.017329597568663202,0.0,8.62529027155086e-07,0.002588401548564434,0.001294200774282217
powershell_benign_dataset,3348.ps1,0,2,0.0831746264092847,0.006666666666666667,9.345189702839211e-07,0.008110572583973408,0.007388619625320038
powershell_benign_dataset,3349.ps1,0,3,0.008510788987434176,0.006666666666666667,1.3963570696520639e-08,0.004343351349234581,0.0055050090079506245
powershell_benign_dataset,335.ps1,0,4,0.001405650158525451,0.0033333333333333335,8.475470391695023e-09,0.00218181312084198,0.002757573227087657
powershell_benign_dataset,3350.ps1,0,3,0.04908004551735875,0.02,2.9297687501934837e-06,0.0040387315675616264,0.012019365783780813
powershell_benign_dataset,3351.ps1,0,4,0.04489797240220532,0.0,1.3072448948633646e-07,0.0063910698518157005,0.0031955349259078503
powershell_benign_dataset,3352.ps1,0,1,0.030087481455644452,0.0,1.934296767873172e-08,0.015517293475568295,0.007758646737784147
powershell_benign_dataset,3353.ps1,0,0,0.045056431274221265,0.006666666666666667,7.148773686974205e-08,0.022584538906812668,0.014625602786739668
powershell_benign_dataset,3354.ps1,0,4,0.11919194873445715,0.08666666666666667,0.004112628094171628,0.0027879609260708094,0.04472731379636874
powershell_benign_dataset,3355.ps1,0,2,0.0059963835066583725,0.0033333333333333335,2.453911910263054e-07,0.0020136770326644182,0.002673505182998876
powershell_benign_dataset,3356.ps1,0,2,0.0004334367491987185,0.0033333333333333335,5.57591798662327e-08,0.0011196817504242063,0.00222650754187877
powershell_benign_dataset,3357.ps1,0,4,0.0320774654557857,0.0033333333333333335,1.242233321709303e-07,0.0017832994926720858,0.00255831641300271
powershell_benign_dataset,3358.ps1,0,3,0.0008990455461355461,0.006666666666666667,1.3801910515094577e-06,0.0022591957822442055,0.004462931224455437
powershell_benign_dataset,3359.ps1,0,3,0.00015997875839542596,0.0033333333333333335,8.602224076286522e-09,0.0023928326554596424,0.002863082994396488
powershell_benign_dataset,336.ps1,0,4,0.035124998787155214,0.0,7.833441141986654e-09,0.0031164155807346106,0.0015582077903673053
powershell_benign_dataset,3360.ps1,0,1,0.00010613882337440424,0.01,1.692520011895693e-08,0.0020468623843044043,0.006023431192152202
powershell_benign_dataset,3361.ps1,0,2,0.005607621740119543,0.03333333333333333,6.633998275852084e-06,0.0020382534712553024,0.017685793402294318
powershell_benign_dataset,3362.ps1,0,1,0.0026929546354480913,0.1,1.2526959653248263e-07,0.001213688519783318,0.05060684425989166
powershell_benign_dataset,3363.ps1,0,3,0.027602692191114078,0.03333333333333333,2.95971278805523e-06,0.00441913353279233,0.01887623343306283
powershell_benign_dataset,3364.ps1,0,2,0.4668800949798019,0.1,1.2005629868462732e-05,0.018496643751859665,0.059248321875929835
powershell_benign_dataset,3365.ps1,0,2,0.06043514690955887,0.06,8.544184848601299e-07,0.006114821415394545,0.03305741070769727
powershell_benign_dataset,3366.ps1,0,0,0.07808432143149839,0.016666666666666666,1.233720532476929e-06,0.013153975829482079,0.014910321248074372
powershell_benign_dataset,3367.ps1,0,3,0.06286298928279883,0.01,1.3955892711946284e-07,0.01793980412185192,0.013969902060925962
powershell_benign_dataset,3368.ps1,0,3,0.0240167606469588,0.04,3.404454896368111e-06,0.006168982945382595,0.023084491472691298
powershell_benign_dataset,3369.ps1,0,1,0.3648743478440007,0.2,1.3314532360530154e-06,0.02043500915169716,0.11021750457584858
powershell_benign_dataset,337.ps1,0,0,0.012422167724523776,0.0,6.367929967537137e-08,0.009218494407832623,0.004609247203916311
powershell_benign_dataset,3370.ps1,0,3,0.0027158720329951785,0.08666666666666667,2.1210895821986568e-07,0.0005830292357131839,0.04362484795118993
powershell_benign_dataset,3371.ps1,0,0,0.02230662969482754,0.006666666666666667,3.001868240426991e-08,0.016266508027911186,0.011466587347288927
powershell_benign_dataset,3372.ps1,0,1,0.09667535580663386,0.23333333333333334,0.00010225165092601225,0.01004503108561039,0.12168918220947186
powershell_benign_dataset,3373.ps1,0,4,0.006449577423176652,0.006666666666666667,1.9004025162829965e-08,0.004205441568046808,0.005436054117356738
powershell_benign_dataset,3374.ps1,0,2,0.02373313195011303,0.0033333333333333335,1.1798394824126497e-08,0.003549834480509162,0.003441583906921248
powershell_benign_dataset,3375.ps1,0,0,0.04746709134854206,0.05333333333333334,2.0225521870451378e-06,0.02162703312933445,0.0374801832313339
powershell_benign_dataset,3376.ps1,0,3,0.07543756158174753,0.01,6.93129538512758e-06,0.005237691104412079,0.0076188455522060395
powershell_benign_dataset,3377.ps1,0,1,0.017240746600704182,0.04666666666666667,0.0004562925603600687,0.022555237635970116,0.03461095215131839
powershell_benign_dataset,3378.ps1,0,4,0.006154289856365454,0.02,4.6649933243954425e-09,0.0016769535141065717,0.010838476757053286
powershell_benign_dataset,3379.ps1,0,4,0.0009993457866065995,0.006666666666666667,1.3538739655257904e-07,0.0013923017540946603,0.004029484210380664
powershell_benign_dataset,338.ps1,0,1,0.008592613344802795,0.006666666666666667,9.939632249065342e-08,0.0022981043439358473,0.004482385505301258
powershell_benign_dataset,3380.ps1,0,0,0.010119397600492616,0.006666666666666667,4.1587847173049207e-07,0.013426277786493301,0.010046472226579985
powershell_benign_dataset,3381.ps1,0,3,0.045499892067747856,0.04,4.420771811218618e-06,0.006654989905655384,0.023327494952827692
powershell_benign_dataset,3382.ps1,0,3,0.043727395333775516,0.04,3.0757212059650473e-06,0.005414315965026617,0.02270715798251331
powershell_benign_dataset,3383.ps1,0,0,0.005599385086713891,0.0,8.574321419622836e-08,0.008653719909489155,0.004326859954744577
powershell_benign_dataset,3384.ps1,0,4,0.0036936788077612157,0.0,5.252590831480982e-07,0.007786259055137634,0.003893129527568817
powershell_benign_dataset,3385.ps1,0,1,0.00017195757585802224,0.013333333333333334,3.058772302863883e-08,0.0013606500579044223,0.007346991695618878
powershell_benign_dataset,3386.ps1,0,0,0.002137716577887349,0.02666666666666667,1.3373823609482528e-06,0.00881782453507185,0.01774224560086926
powershell_benign_dataset,3387.ps1,0,2,0.00010348089186884242,0.0,5.399308826462357e-08,0.0012230438878759742,0.0006115219439379871
powershell_benign_dataset,3388.ps1,0,3,0.004769278389878369,0.016666666666666666,1.3132825074533485e-06,0.0033886719029396772,0.010027669284803172
powershell_benign_dataset,3389.ps1,0,1,7.341940608420242e-05,0.013333333333333334,9.540443878023643e-07,0.003949259407818317,0.008641296370575827
powershell_benign_dataset,339.ps1,0,3,0.04061649515613281,0.01,4.0366348613786165e-07,0.002302099484950304,0.006151049742475152
powershell_benign_dataset,3390.ps1,0,2,2.593903989499209e-12,0.056666666666666664,2.2254534469867988e-05,0.00521104596555233,0.030938856316109497
powershell_benign_dataset,3392.ps1,0,2,0.008189204020019516,0.0,3.2920802459818896e-07,0.001133489073254168,0.000566744536627084
powershell_benign_dataset,3393.ps1,0,4,2.9382617972750172e-05,0.0,6.4694392217054965e-09,0.0030400685500353575,0.0015200342750176787
powershell_benign_dataset,3394.ps1,0,2,0.02738592003387367,0.0,1.481910160927123e-07,0.002163410885259509,0.0010817054426297545
powershell_benign_dataset,3395.ps1,0,2,0.016772602373428272,0.0033333333333333335,9.501317565014275e-08,0.0032437690533697605,0.0032885511933515472
powershell_benign_dataset,3396.ps1,0,3,0.10777680909346132,0.13333333333333333,1.8746240710704697e-07,0.009399935603141785,0.07136663446823756
powershell_benign_dataset,3397.ps1,0,3,0.003162855204751153,0.0,2.3012927915233774e-09,0.0011445294367149472,0.0005722647183574736
powershell_benign_dataset,3398.ps1,0,4,0.0022603458344467994,0.016666666666666666,1.7192462635252428e-07,0.009983701631426811,0.013325184149046739
powershell_benign_dataset,3399.ps1,0,1,5.33029379691932e-27,0.15,2.869591201389178e-06,0.0036690332926809788,0.07683451664634049
powershell_benign_dataset,34.ps1,0,1,0.005940015184224731,0.03333333333333333,8.670919845125391e-08,0.00622783787548542,0.019780585604409377
powershell_benign_dataset,340.ps1,0,3,0.010698428430918823,0.0,3.307981225196021e-07,0.0014757377794012427,0.0007378688897006214
powershell_benign_dataset,3400.ps1,0,2,0.00012070793899866876,0.023333333333333334,1.2510539896010053e-06,0.0013835614081472158,0.012358447370740275
powershell_benign_dataset,3401.ps1,0,3,1.8104122553623204e-11,0.006666666666666667,3.108321677246322e-07,0.007452582474797964,0.007059624570732316
powershell_benign_dataset,3402.ps1,0,2,0.013317883141506202,0.0,1.6435078399072433e-08,0.0013944972306489944,0.0006972486153244972
powershell_benign_dataset,3403.ps1,0,1,3.994580793536248e-06,0.013333333333333334,2.4994791115054324e-08,0.0028696570079773664,0.008101495170655351
powershell_benign_dataset,3404.ps1,0,1,0.0032170528105607277,0.0,4.653356511249687e-09,0.0007298628333956003,0.00036493141669780016
powershell_benign_dataset,3405.ps1,0,0,0.010110884476667905,0.0033333333333333335,2.1294088580296717e-08,0.015451738610863686,0.00939253597209851
powershell_benign_dataset,3406.ps1,0,4,9.224137283310443e-09,0.06,4.230721052031034e-07,0.014221216551959515,0.037110608275979756
powershell_benign_dataset,3407.ps1,0,0,4.2334453165291084e-05,0.006666666666666667,5.922072451769637e-07,0.02195306494832039,0.014309865807493528
powershell_benign_dataset,3408.ps1,0,0,0.003093157382646009,0.0,1.632753980563473e-08,0.004900748375803232,0.002450374187901616
powershell_benign_dataset,3409.ps1,0,2,0.001122813782513427,0.0033333333333333335,4.051134847075832e-08,0.0011390113504603505,0.0022361723418968422
powershell_benign_dataset,341.ps1,0,0,0.013188145321044316,0.0,6.022425595436515e-07,0.007536287419497967,0.0037681437097489834
powershell_benign_dataset,3410.ps1,0,0,0.0008335308502839325,0.01,4.57499960174549e-07,0.005438586231321096,0.007719293115660548
powershell_benign_dataset,3411.ps1,0,1,0.0015571357082552683,0.006666666666666667,1.242442935668431e-08,0.007403532974421978,0.007035099820544323
powershell_benign_dataset,3412.ps1,0,0,0.0018153411583811856,0.0033333333333333335,1.298067589611822e-07,0.006377421785145998,0.004855377559239666
powershell_benign_dataset,3413.ps1,0,0,0.0005514700166439694,0.0033333333333333335,4.452915074597169e-07,0.005004330538213253,0.0041688319357732935
powershell_benign_dataset,3414.ps1,0,2,0.006672815365683107,0.0033333333333333335,1.3374770324151533e-08,0.002752198837697506,0.00304276608551542
powershell_benign_dataset,3415.ps1,0,0,0.03939490874362988,0.07666666666666666,8.714784628915122e-07,0.005378691945225,0.04102267930594583
powershell_benign_dataset,3416.ps1,0,4,0.0007238049051659294,0.0,5.24920790208796e-08,0.0028192768804728985,0.0014096384402364492
powershell_benign_dataset,3417.ps1,0,1,0.010475788510800561,0.0033333333333333335,1.0680995363652192e-08,0.002526987809687853,0.0029301605715105934
powershell_benign_dataset,3418.ps1,0,3,1.6197894449019538e-05,0.013333333333333334,1.4801295631595882e-08,0.006679746322333813,0.010006539827833574
powershell_benign_dataset,3419.ps1,0,2,0.0004936546108933586,0.0033333333333333335,2.1053152757425586e-07,0.0005092702922411263,0.00192130181278723
powershell_benign_dataset,342.ps1,0,3,0.0014205632885316542,0.0033333333333333335,6.624368981262683e-08,0.0019214929779991508,0.0026274131556662424
powershell_benign_dataset,3420.ps1,0,4,0.06216857152897395,0.19333333333333333,2.665232485912211e-06,0.0017764474032446742,0.097554890368289
powershell_benign_dataset,3421.ps1,0,4,0.0003344746215968543,0.0,4.5961752061273945e-08,0.0004632401105482131,0.00023162005527410656
powershell_benign_dataset,3422.ps1,0,2,0.0012600286872740396,0.0,1.1265181132448823e-09,0.010269890539348125,0.005134945269674063
powershell_benign_dataset,3423.ps1,0,0,0.0001507031356835664,0.0,1.3439094573220498e-08,0.018911976367235184,0.009455988183617592
powershell_benign_dataset,3424.ps1,0,4,0.005433706725732331,0.0,5.783660051083565e-08,0.0009423793526366353,0.00047118967631831765
powershell_benign_dataset,3425.ps1,0,1,0.01024171389068144,0.0,9.949437130293848e-09,0.0016840365715324879,0.0008420182857662439
powershell_benign_dataset,3426.ps1,0,3,0.004440518656133206,0.0,4.786631345408754e-08,0.0012135411379858851,0.0006067705689929426
powershell_benign_dataset,3427.ps1,0,3,0.0004712659158824712,0.0,5.785541860641455e-09,0.0012057750718668103,0.0006028875359334052
powershell_benign_dataset,3428.ps1,0,3,0.0006647349463026582,0.0033333333333333335,1.0294260637036776e-07,0.002219780581071973,0.0027765569572026534
powershell_benign_dataset,3429.ps1,0,1,0.014604368764370212,0.023333333333333334,1.1702357757696505e-07,0.0012304314877837896,0.012281882410558562
powershell_benign_dataset,343.ps1,0,1,0.0023235500263887915,0.0033333333333333335,3.1372027366440274e-09,0.001268022577278316,0.002300677955305825
powershell_benign_dataset,3430.ps1,0,1,0.0022474522332719842,0.056666666666666664,8.500691788459231e-07,0.005690747871994972,0.031178707269330818
powershell_benign_dataset,3431.ps1,0,0,0.044459958360396755,0.04,2.9031707968347233e-07,0.015931610018014908,0.027965805009007454
powershell_benign_dataset,3432.ps1,0,3,0.0057157261485120325,0.013333333333333334,1.913393405336497e-08,0.0008164969040080905,0.007074915118670712
powershell_benign_dataset,3433.ps1,0,2,0.03608283525353065,0.01,1.4028821354350332e-07,0.003666818607598543,0.006833409303799272
powershell_benign_dataset,3434.ps1,0,3,0.2128893701258578,0.11666666666666667,0.00042039145045119923,0.021218396723270416,0.06894253169496854
powershell_benign_dataset,3435.ps1,0,2,0.01070609082194059,0.0,9.000241176294453e-08,0.002813945058733225,0.0014069725293666124
powershell_benign_dataset,3436.ps1,0,4,0.0029693858176088827,0.0033333333333333335,3.7823529787784303e-08,0.003561892779543996,0.003447613056438665
powershell_benign_dataset,3437.ps1,0,0,0.006265399740020154,0.006666666666666667,1.3893302752271428e-07,0.00838402844965458,0.0075253475581606236
powershell_benign_dataset,3438.ps1,0,0,0.00723259486924605,0.006666666666666667,8.020302327299063e-07,0.010966069996356964,0.008816368331511816
powershell_benign_dataset,3439.ps1,0,3,0.007728093965664603,0.0033333333333333335,1.1289295742765475e-07,0.011127505451440811,0.007230419392387073
powershell_benign_dataset,344.ps1,0,1,0.006845885115681069,0.0033333333333333335,1.194464997388339e-08,0.001202364219352603,0.0022678487763429685
powershell_benign_dataset,3440.ps1,0,2,0.04356113116123052,0.03,5.565123185545168e-07,0.006955157965421677,0.018477578982710838
powershell_benign_dataset,3441.ps1,0,3,0.03282416999215309,0.0,4.113168220552419e-08,0.1513645499944687,0.07568227499723434
powershell_benign_dataset,3442.ps1,0,0,0.09050013602525532,0.006666666666666667,1.804845520419903e-05,0.019430674612522125,0.013048670639594397
powershell_benign_dataset,3443.ps1,0,2,0.011539021821799448,0.006666666666666667,1.096845462935768e-07,0.010466423816978931,0.0085665452418228
powershell_benign_dataset,3444.ps1,0,2,0.00809740511637227,0.0,2.121199252277128e-08,0.002020101761445403,0.0010100508807227015
powershell_benign_dataset,3445.ps1,0,1,0.017392579142105385,0.006666666666666667,5.6047866446684324e-08,0.012498506344854832,0.00958258650576075
powershell_benign_dataset,3446.ps1,0,0,0.0041094705359190015,0.0,9.677203272703511e-09,0.004243788775056601,0.0021218943875283003
powershell_benign_dataset,3447.ps1,0,1,0.004247877874034957,0.0,3.5966300714911712e-09,0.0006518161972053349,0.00032590809860266745
powershell_benign_dataset,3448.ps1,0,4,0.0004326655407571406,0.0,7.050433833933854e-09,0.0013390324311330914,0.0006695162155665457
powershell_benign_dataset,3449.ps1,0,4,0.0018309020736682914,0.0,2.2083834905975715e-08,0.0010207045124843717,0.0005103522562421858
powershell_benign_dataset,345.ps1,0,0,0.0646886622143446,0.01,2.3152040050630486e-07,0.017199696972966194,0.013599848486483098
powershell_benign_dataset,3450.ps1,0,2,0.0025191179927790217,0.0,6.222368565819624e-09,0.0007487465045414865,0.00037437325227074325
powershell_benign_dataset,3451.ps1,0,4,0.0014859353877562658,0.0,6.805566906882638e-09,0.0008348885457962751,0.00041744427289813757
powershell_benign_dataset,3453.ps1,0,2,0.010031524265168892,0.0,1.9647677762582457e-09,0.0011494971113279462,0.0005747485556639731
powershell_benign_dataset,3454.ps1,0,3,0.0014710137385091323,0.0,1.9978298752270892e-08,0.0012428925838321447,0.0006214462919160724
powershell_benign_dataset,3455.ps1,0,3,0.002297305247659341,0.0,7.500179093377356e-09,0.0008186806226149201,0.00040934031130746007
powershell_benign_dataset,3456.ps1,0,3,0.003624651244199766,0.0,3.221688895966991e-09,0.0007843781495466828,0.0003921890747733414
powershell_benign_dataset,3457.ps1,0,0,0.015006480289572674,0.0033333333333333335,1.3639876050044804e-06,0.00526547571644187,0.004299404524887602
powershell_benign_dataset,3458.ps1,0,0,0.0032984826812754073,0.0,1.305747615762075e-08,0.005839185789227486,0.002919592894613743
powershell_benign_dataset,3459.ps1,0,0,0.0017154171799784188,0.006666666666666667,4.291963426974349e-07,0.005856717005372047,0.006261691836019358
powershell_benign_dataset,346.ps1,0,0,0.02173322442781912,0.0033333333333333335,3.006707557406775e-07,0.012505995109677315,0.007919664221505324
powershell_benign_dataset,3460.ps1,0,2,0.0006609899573050481,0.0,1.4363165868714462e-08,0.0006258791545405984,0.0003129395772702992
powershell_benign_dataset,3461.ps1,0,3,0.015361402224380588,0.0033333333333333335,1.2810444221242019e-09,0.0013684311416000128,0.0023508822374666734
powershell_benign_dataset,3462.ps1,0,2,0.005656901095483461,0.0033333333333333335,4.078165467168093e-09,0.00136323063634336,0.002348281984838347
powershell_benign_dataset,3465.ps1,0,0,0.00213501045745674,0.0033333333333333335,1.546388658330252e-07,0.007539466023445129,0.005436399678389232
powershell_benign_dataset,3466.ps1,0,0,0.001838413633794144,0.0,8.025018701390631e-09,0.004920567851513624,0.002460283925756812
powershell_benign_dataset,3468.ps1,0,2,0.00021330465674551053,0.0,9.655228593728918e-09,0.0017646023770794272,0.0008823011885397136
powershell_benign_dataset,347.ps1,0,2,0.0015131938738107901,0.006666666666666667,1.6954428516586794e-08,0.0007392287370748818,0.0037029477018707744
powershell_benign_dataset,3470.ps1,0,4,0.005901987672099154,0.0,3.034647927173979e-08,0.002033289521932602,0.001016644760966301
powershell_benign_dataset,3471.ps1,0,4,0.0017334990082225742,0.0,7.637980129199185e-09,0.0032513970509171486,0.0016256985254585743
powershell_benign_dataset,3472.ps1,0,0,0.003491085788098868,0.0,1.406117634885695e-09,0.0077551184222102165,0.0038775592111051083
powershell_benign_dataset,3473.ps1,0,4,0.010400428934962496,0.0,7.276689987368018e-08,0.0025039096362888813,0.0012519548181444407
powershell_benign_dataset,3474.ps1,0,3,0.001864535437345271,0.0033333333333333335,1.8917101387873206e-07,0.0011385817779228091,0.0022359575556280716
powershell_benign_dataset,3475.ps1,0,2,0.010068571040053376,0.0,2.011464067033429e-08,0.0016015649307519197,0.0008007824653759599
powershell_benign_dataset,3476.ps1,0,0,4.485343476233065e-05,0.0,1.1836355067464172e-08,0.0037212632596492767,0.0018606316298246384
powershell_benign_dataset,3477.ps1,0,1,0.002002523438717914,0.0,1.088362495515724e-08,0.0012622030917555094,0.0006311015458777547
powershell_benign_dataset,3478.ps1,0,0,0.004628976802098631,0.0033333333333333335,1.1627540622445848e-08,0.0051650963723659515,0.004249214852849643
powershell_benign_dataset,3479.ps1,0,3,0.0009532791743606687,0.06333333333333334,2.562311395567531e-09,0.001131008961237967,0.03223217114728565
powershell_benign_dataset,348.ps1,0,4,0.005697996428467161,0.0,8.246050208740556e-08,0.005263580475002527,0.0026317902375012636
powershell_benign_dataset,3480.ps1,0,2,0.0013986216832700016,0.016666666666666666,1.535043646928978e-07,0.0011904218699783087,0.008928544268322488
powershell_benign_dataset,3481.ps1,0,3,0.0014991541896136984,0.0,8.782770777607393e-09,0.0008906653965823352,0.0004453326982911676
powershell_benign_dataset,3483.ps1,0,1,0.0018994013815909331,0.0033333333333333335,1.903023640142331e-09,0.0019034277647733688,0.0026183805490533514
powershell_benign_dataset,3484.ps1,0,1,0.008008728688538143,0.0033333333333333335,6.686715537579041e-08,0.0063807163387537,0.004857024836043517
powershell_benign_dataset,3485.ps1,0,4,0.00604938886152475,0.01,3.6464356844486024e-09,0.0036864900030195713,0.006843245001509786
powershell_benign_dataset,3486.ps1,0,2,0.004185014350489559,0.0,3.6768613975531957e-09,0.0008909726748242974,0.0004454863374121487
powershell_benign_dataset,3487.ps1,0,3,0.004832112112624506,0.0,6.764679635456353e-09,0.01060667634010315,0.005303338170051575
powershell_benign_dataset,3488.ps1,0,1,0.0038004787867359606,0.0033333333333333335,1.9159994353441973e-08,0.0025066088419407606,0.0029199710876370473
powershell_benign_dataset,3489.ps1,0,4,0.00262311935558487,0.0,4.737620321132623e-08,0.0026305716019123793,0.0013152858009561896
powershell_benign_dataset,349.ps1,0,4,0.014145409167328836,0.0,6.862559660236997e-08,0.0071664112620055676,0.0035832056310027838
powershell_benign_dataset,3490.ps1,0,0,0.0022238753290992376,0.023333333333333334,6.028396393211617e-08,0.012768465094268322,0.018050899213800826
powershell_benign_dataset,3491.ps1,0,4,0.0024616893709977807,0.006666666666666667,8.62987566070542e-08,0.0011673421831801534,0.003917004424923411
powershell_benign_dataset,3492.ps1,0,1,0.00844182966283082,0.0,7.257911897257036e-09,0.003655583830550313,0.0018277919152751565
powershell_benign_dataset,3493.ps1,0,3,0.0005417455343070175,0.0033333333333333335,1.0071204975454868e-07,0.002328848000615835,0.0028310906669745846
powershell_benign_dataset,3494.ps1,0,0,0.005132835110140931,0.0,6.22819418014199e-08,0.0058366176672279835,0.0029183088336139917
powershell_benign_dataset,3495.ps1,0,0,0.0045260718111574645,0.0033333333333333335,3.3390342091839176e-08,0.012546763755381107,0.00794004854435722
powershell_benign_dataset,3496.ps1,0,3,0.005463043283226656,0.006666666666666667,3.029489224896853e-08,0.004107667598873377,0.005387167132770022
powershell_benign_dataset,3497.ps1,0,4,0.001448454484285859,0.03,2.0080233762333465e-07,0.004423039499670267,0.017211519749835133
powershell_benign_dataset,3498.ps1,0,0,0.0029673901731397446,0.02666666666666667,2.1362696425735023e-06,0.021726222708821297,0.024196444687743984
powershell_benign_dataset,3499.ps1,0,0,0.005342204716800519,0.056666666666666664,2.1419449356895744e-07,0.0753234326839447,0.06599504967530569
powershell_benign_dataset,35.ps1,0,1,0.017184762230341977,0.0033333333333333335,3.4085712415494914e-09,0.0024400651454925537,0.002886699239412944
powershell_benign_dataset,350.ps1,0,0,0.013059182557587905,0.0,8.815894277856035e-09,0.01019265130162239,0.005096325650811195
powershell_benign_dataset,3500.ps1,0,1,0.0004357946283285208,0.0033333333333333335,7.470158173869701e-08,0.0015839171828702092,0.0024586252581017716
powershell_benign_dataset,3501.ps1,0,2,0.0012650445452577833,0.0,1.0847456081451239e-07,0.0010765375336632133,0.0005382687668316066
powershell_benign_dataset,3502.ps1,0,2,0.001970843199314616,0.0,1.701395753719038e-07,0.001089834375306964,0.000544917187653482
powershell_benign_dataset,3503.ps1,0,3,0.006076898512694811,0.0,1.2820278107262384e-08,0.0018935519037768245,0.0009467759518884122
powershell_benign_dataset,3504.ps1,0,1,0.004900103290092472,0.006666666666666667,1.6425271805594014e-08,0.0011350715067237616,0.0039008690866952143
powershell_benign_dataset,3505.ps1,0,1,0.012878892263400225,0.04,7.0629144399420075e-06,0.0016396762803196907,0.020819838140159846
powershell_benign_dataset,3506.ps1,0,1,0.003714822991608038,0.0033333333333333335,1.396477635802664e-08,0.0019547578413039446,0.0026440455873186393
powershell_benign_dataset,3508.ps1,0,0,5.6369072988219e-05,0.0033333333333333335,3.5439164633214174e-09,0.005315952934324741,0.004324643133829038
powershell_benign_dataset,3509.ps1,0,0,0.02258172076603948,0.013333333333333334,1.2154108223234217e-07,0.005710646044462919,0.009521989688898128
powershell_benign_dataset,351.ps1,0,2,0.003034357314536878,0.0,6.44354127289475e-09,0.002016104757785797,0.0010080523788928986
powershell_benign_dataset,3512.ps1,0,1,2.6695041446438957e-05,0.023333333333333334,1.501763356323043e-08,0.002172393025830388,0.012752863179581861
powershell_benign_dataset,3513.ps1,0,1,2.0866867606781032e-05,0.0,2.23320950318754e-09,0.003249330213293433,0.0016246651066467166
powershell_benign_dataset,3514.ps1,0,1,2.6202128882248255e-05,0.02,1.2344460448378034e-08,0.0021665599197149277,0.011083279959857464
powershell_benign_dataset,3515.ps1,0,1,0.0009223189961841327,0.0033333333333333335,6.033501307762282e-09,0.0033092377707362175,0.0033212855520347757
powershell_benign_dataset,3516.ps1,0,0,0.0002926998308579151,0.0,2.5944756250054347e-08,0.007704850286245346,0.003852425143122673
powershell_benign_dataset,3517.ps1,0,4,0.0003690463945611313,0.0,3.7705384130882726e-08,0.002032328862696886,0.001016164431348443
powershell_benign_dataset,3518.ps1,0,4,0.00010684483006703084,0.006666666666666667,1.9572605564628217e-07,0.0043762074783444405,0.005521437072505554
powershell_benign_dataset,352.ps1,0,1,0.00717172693721991,0.013333333333333334,2.0098739220648056e-08,0.0021028874907642603,0.007718110412048797
powershell_benign_dataset,3521.ps1,0,0,0.0022121574430355546,0.0,2.382192971164917e-08,0.004422924015671015,0.0022114620078355074
powershell_benign_dataset,3522.ps1,0,4,0.00617645672439008,0.0,6.299807385397169e-07,0.006076819263398647,0.0030384096316993237
powershell_benign_dataset,3523.ps1,0,2,0.0002592127845587509,0.0,1.0616239527896205e-08,0.004794274922460318,0.002397137461230159
powershell_benign_dataset,3524.ps1,0,2,0.0011250530063178135,0.0,4.1793392260622355e-09,0.004415872506797314,0.002207936253398657
powershell_benign_dataset,3525.ps1,0,3,4.3031425214437386e-05,0.006666666666666667,4.446494388034736e-09,0.002018823754042387,0.0043427452103545275
powershell_benign_dataset,3526.ps1,0,2,0.0009862776180744612,0.0,5.921524190490246e-08,0.0020747296512126923,0.0010373648256063461
powershell_benign_dataset,3527.ps1,0,1,0.0008337012133705536,0.006666666666666667,3.4407387502754043e-09,0.0068361880257725716,0.00675142734621962
powershell_benign_dataset,3528.ps1,0,3,0.0008605249366828529,0.0,1.7230709266487345e-09,0.0051032304763793945,0.0025516152381896973
powershell_benign_dataset,353.ps1,0,3,0.00803220366762883,0.01,5.6530587413863106e-08,0.002433093497529626,0.006216546748764813
powershell_benign_dataset,3530.ps1,0,1,0.0028533676021020183,0.0,3.8336357566378336e-09,0.0018195160664618015,0.0009097580332309008
powershell_benign_dataset,3531.ps1,0,0,0.0018753149014722218,0.0,6.937968588484178e-07,0.011418134905397892,0.005709067452698946
powershell_benign_dataset,3532.ps1,0,0,0.001481151439763578,0.0033333333333333335,1.2091787889840409e-08,0.004391829948872328,0.003862581641102831
powershell_benign_dataset,3533.ps1,0,2,0.0013851679806588186,0.01,3.4280462857766855e-08,0.002050573704764247,0.006025286852382124
powershell_benign_dataset,3534.ps1,0,0,0.0017504190303973112,0.04666666666666667,2.2125129086063856e-06,0.02235785312950611,0.034512259898086387
powershell_benign_dataset,3535.ps1,0,3,0.0006724031676635555,0.006666666666666667,3.5299825863096028e-09,0.0022388019133359194,0.004452734290001294
powershell_benign_dataset,3536.ps1,0,3,0.0012221312433207247,0.0033333333333333335,2.2090559631737925e-08,0.0023039234802126884,0.002818628406773011
powershell_benign_dataset,3537.ps1,0,4,0.00182993514124273,0.0033333333333333335,2.370370518488002e-08,0.004553722683340311,0.0039435280083368225
powershell_benign_dataset,3538.ps1,0,3,0.00021205398847480152,0.0033333333333333335,2.332641201773024e-08,0.0027707996778190136,0.003052066505576174
powershell_benign_dataset,3539.ps1,0,0,0.002686954954592571,0.013333333333333334,3.71665804771374e-06,0.011954501271247864,0.0126439173022906
powershell_benign_dataset,354.ps1,0,1,0.010689221205965188,0.0,7.70928860513161e-08,0.003581386059522629,0.0017906930297613144
powershell_benign_dataset,3540.ps1,0,4,0.0051661431254922795,0.0,8.137938359553755e-09,0.0030815615318715572,0.0015407807659357786
powershell_benign_dataset,3541.ps1,0,2,0.0010654139095992638,0.0,2.7509423324560906e-09,0.007554269395768642,0.003777134697884321
powershell_benign_dataset,3542.ps1,0,3,0.009060698141748962,0.023333333333333334,3.2050478078883693e-07,0.0024221681524068117,0.012877750742870073
powershell_benign_dataset,3543.ps1,0,1,0.030212948737262546,0.006666666666666667,2.447218660167859e-08,0.005745687521994114,0.006206177094330391
powershell_benign_dataset,3544.ps1,0,3,0.009249226650641014,0.01,3.9044583117995884e-08,0.0034929413814097643,0.006746470690704882
powershell_benign_dataset,3545.ps1,0,2,0.00047634371479031315,0.0033333333333333335,1.5838456248804473e-08,0.0022415132261812687,0.0027874232797573013
powershell_benign_dataset,3546.ps1,0,1,0.007867009578858249,0.03666666666666667,1.8468487825357828e-06,0.006009169854223728,0.021337918260445198
powershell_benign_dataset,3547.ps1,0,2,0.0002002415772544114,0.006666666666666667,3.379017945358886e-08,0.002494031097739935,0.0045803488822033014
powershell_benign_dataset,3548.ps1,0,1,0.002745483966209449,0.016666666666666666,8.841011494452073e-06,0.002289676107466221,0.009478171387066444
powershell_benign_dataset,3549.ps1,0,3,0.002621487791126099,0.0033333333333333335,3.551404594284019e-09,0.004795319400727749,0.004064326367030541
powershell_benign_dataset,355.ps1,0,0,0.003447922884997855,0.006666666666666667,2.2178996424889394e-07,0.024211518466472626,0.015439092566569647
powershell_benign_dataset,3550.ps1,0,4,0.00015153650999054626,0.0,1.3881611283666703e-08,0.002067641355097294,0.001033820677548647
powershell_benign_dataset,3551.ps1,0,0,0.004442948970396766,0.023333333333333334,6.945124437161903e-07,0.024949148297309875,0.024141240815321603
powershell_benign_dataset,3552.ps1,0,2,0.0005453107605515429,0.0,2.7168177163010575e-09,0.0020635523833334446,0.0010317761916667223
powershell_benign_dataset,3553.ps1,0,3,0.0014670140144095584,0.0033333333333333335,1.710586116248748e-08,0.002345115179196,0.002839224256264667
powershell_benign_dataset,3554.ps1,0,0,0.004190293335612289,0.0,4.535409070716372e-09,0.02455628104507923,0.012278140522539616
powershell_benign_dataset,3555.ps1,0,4,0.000267568068310138,0.02,1.7682953604407744e-07,0.002003733767196536,0.011001866883598268
powershell_benign_dataset,3557.ps1,0,1,0.007278229570564817,0.016666666666666666,9.959032652002473e-08,0.0020599253475666046,0.009363296007116636
powershell_benign_dataset,3558.ps1,0,1,0.00028522506429171123,0.0033333333333333335,2.7416657153814387e-08,0.0029408391565084457,0.00313708624492089
powershell_benign_dataset,3559.ps1,0,3,4.7041760566430405e-05,0.0033333333333333335,5.103070753980137e-08,0.0014627511845901608,0.0023980422589617474
powershell_benign_dataset,356.ps1,0,0,0.021606023545463385,0.0,3.0375541292676643e-07,0.013364192098379135,0.0066820960491895676
powershell_benign_dataset,3560.ps1,0,0,0.001360611869971822,0.03333333333333333,2.752651819529458e-07,0.015010220929980278,0.024171777131656805
powershell_benign_dataset,3561.ps1,0,3,0.003929970627602317,0.006666666666666667,5.846755867487214e-08,0.002122459001839161,0.0043945628342529144
powershell_benign_dataset,3562.ps1,0,2,0.001337553208791957,0.023333333333333334,1.1455197241309194e-07,0.0025801726151257753,0.012956752974229555
powershell_benign_dataset,3563.ps1,0,2,0.00019995886680654137,0.0,1.1701157446086162e-08,0.001648712088353932,0.000824356044176966
powershell_benign_dataset,3566.ps1,0,0,0.15496444369753262,0.016666666666666666,1.2149666540518153e-06,0.028021259233355522,0.022343962950011093
powershell_benign_dataset,3567.ps1,0,0,0.010625942428043059,0.0033333333333333335,5.786585982179007e-08,0.016266576945781708,0.009799955139557521
powershell_benign_dataset,3569.ps1,0,4,9.121880587639543e-05,0.0033333333333333335,2.871300144004913e-08,0.0012602702481672168,0.0022968017907502754
powershell_benign_dataset,357.ps1,0,4,0.0070870507923773045,0.0033333333333333335,3.980040246542447e-09,0.002824089489877224,0.003078711411605279
powershell_benign_dataset,3570.ps1,0,4,0.00032780125245460156,0.0033333333333333335,6.8664281677659876e-09,0.001655084197409451,0.0024942087653713925
powershell_benign_dataset,3572.ps1,0,2,0.00017996599168176384,0.0,3.267526014158771e-09,0.0003699065127875656,0.0001849532563937828
powershell_benign_dataset,3573.ps1,0,0,0.0005789260783097017,0.006666666666666667,5.203380022382971e-08,0.0063814749009907246,0.006524070783828696
powershell_benign_dataset,3574.ps1,0,0,5.607428147593379e-05,0.016666666666666666,1.4506606775297944e-08,0.006612325552850962,0.011639496109758814
powershell_benign_dataset,3575.ps1,0,4,0.004744704722116502,0.0,9.4597548515824e-09,0.001534437295049429,0.0007672186475247145
powershell_benign_dataset,3576.ps1,0,0,0.002576619936964452,0.0033333333333333335,2.3568391516854885e-09,0.004959307610988617,0.0041463204721609755
powershell_benign_dataset,3577.ps1,0,3,0.00019325359854567413,0.01,3.130349114221538e-08,0.0011042809346690774,0.005552140467334539
powershell_benign_dataset,3578.ps1,0,4,0.0020241487128579176,0.0033333333333333335,1.0333471110226955e-08,0.001400959910824895,0.0023671466220791144
powershell_benign_dataset,3579.ps1,0,2,9.337070253818427e-10,0.18666666666666668,2.7871709526406138e-08,0.0036981236189603806,0.09518239514281353
powershell_benign_dataset,358.ps1,0,1,0.00432142705829454,0.0,3.493014013875322e-08,0.0037612200248986483,0.0018806100124493241
powershell_benign_dataset,3581.ps1,0,3,0.001091973932081816,0.0,3.5781015146215895e-08,0.0010317860869690776,0.0005158930434845388
powershell_benign_dataset,3582.ps1,0,1,0.00351601968269387,0.006666666666666667,2.1509467057912773e-07,0.0021597493905574083,0.004413208028612038
powershell_benign_dataset,3583.ps1,0,1,0.0004839760895403673,0.01,3.3553565341597545e-07,0.0028954946901649237,0.006447747345082462
powershell_benign_dataset,3584.ps1,0,3,0.0001284350243164606,0.0,1.5962415710585582e-08,0.001695989747531712,0.000847994873765856
powershell_benign_dataset,3586.ps1,0,4,0.0012868075941565975,0.0,2.0460042442434825e-09,0.0013013359857723117,0.0006506679928861558
powershell_benign_dataset,3587.ps1,0,1,0.002403971087836305,0.01,5.027075545529175e-07,0.0021416591480374336,0.006070829574018717
powershell_benign_dataset,3589.ps1,0,4,3.3782693724668377e-06,0.016666666666666666,9.23254203596108e-08,0.007087919395416975,0.01187729303104182
powershell_benign_dataset,359.ps1,0,0,0.07978025120557744,0.03,2.3811191780268746e-07,0.06923574209213257,0.049617871046066284
powershell_benign_dataset,3590.ps1,0,1,0.0037436435517788007,0.0,1.8486149190109994e-07,0.0018101611640304327,0.0009050805820152164
powershell_benign_dataset,3591.ps1,0,3,0.00017206337840978183,0.0,8.185880330705076e-09,0.001202919869683683,0.0006014599348418415
powershell_benign_dataset,3592.ps1,0,2,0.00016051687163251235,0.0,1.3396913208165773e-08,0.002900529420003295,0.0014502647100016475
powershell_benign_dataset,3593.ps1,0,1,0.0005864598406522815,0.0,6.527456687960788e-08,0.001063853851519525,0.0005319269257597625
powershell_benign_dataset,3594.ps1,0,2,0.0008660279255775516,0.0033333333333333335,1.8248132830415105e-08,0.0024389000609517097,0.002886116697142522
powershell_benign_dataset,3595.ps1,0,1,0.0005976252805377257,0.0,2.09653019004467e-08,0.002465346595272422,0.001232673297636211
powershell_benign_dataset,3596.ps1,0,0,0.0006481876901294235,0.006666666666666667,3.0629205063463494e-09,0.0083196721971035,0.007493169431885084
powershell_benign_dataset,3597.ps1,0,0,0.007260116126771356,0.006666666666666667,1.0768579304736507e-06,0.020390819758176804,0.013528743212421736
powershell_benign_dataset,3598.ps1,0,1,0.000578736734849333,0.0,1.982590522158968e-08,0.002465187106281519,0.0012325935531407595
powershell_benign_dataset,3599.ps1,0,0,0.0003478690123519302,0.0,1.8653546118153786e-09,0.014177916571497917,0.007088958285748959
powershell_benign_dataset,36.ps1,0,3,0.006083645979127102,0.023333333333333334,1.3649541096757241e-08,0.0029864541720598936,0.013159893752696614
powershell_benign_dataset,360.ps1,0,4,0.012087577979669115,0.03666666666666667,1.1691843583340269e-05,0.010319855064153671,0.02349326086541017
powershell_benign_dataset,3600.ps1,0,1,0.009114238996940532,0.02,1.7957112158245348e-08,0.002389065455645323,0.011194532727822662
powershell_benign_dataset,3601.ps1,0,0,0.0004233453811217208,0.0,1.889819976770656e-09,0.010766996070742607,0.0053834980353713036
powershell_benign_dataset,3602.ps1,0,2,0.0009102171001554179,0.07666666666666666,2.693535633143982e-08,0.00325545622035861,0.039961061443512635
powershell_benign_dataset,3603.ps1,0,3,0.0007800439607450395,0.01,2.195227150783207e-09,0.0034791412763297558,0.006739570638164878
powershell_benign_dataset,3604.ps1,0,0,0.0011670415174622484,0.0,1.0095081751664839e-08,0.01042173057794571,0.005210865288972855
powershell_benign_dataset,3605.ps1,0,0,0.0005405137705282357,0.0,7.186341221371828e-09,0.005662549752742052,0.002831274876371026
powershell_benign_dataset,3606.ps1,0,1,0.000976724736750444,0.006666666666666667,3.874663485241035e-08,0.01576663739979267,0.01121665203322967
powershell_benign_dataset,3607.ps1,0,1,0.0017354396492907814,0.01,2.6125723766989316e-08,0.0033422617707401514,0.006671130885370076
powershell_benign_dataset,3608.ps1,0,3,0.001525179792515265,0.0,1.6091301063444904e-09,0.0038283043541014194,0.0019141521770507097
powershell_benign_dataset,3609.ps1,0,4,0.0005570240239368154,0.0033333333333333335,8.087360072344196e-09,0.004158456809818745,0.0037458950715760393
powershell_benign_dataset,361.ps1,0,4,0.002643120243685708,0.0,1.0872087341298207e-08,0.0030048885382711887,0.0015024442691355944
powershell_benign_dataset,3610.ps1,0,3,0.0015086510390213284,0.0,1.6637483428325127e-09,0.003229043446481228,0.001614521723240614
powershell_benign_dataset,3611.ps1,0,3,0.0014752425055892598,0.006666666666666667,1.4787756590235962e-08,0.003286298830062151,0.0049764827483644095
powershell_benign_dataset,3613.ps1,0,4,6.20412129214885e-05,0.013333333333333334,3.525315406383501e-08,0.0012140959734097123,0.007273714653371523
powershell_benign_dataset,3614.ps1,0,4,0.00675043045043177,0.013333333333333334,1.5850483461316234e-08,0.00204199505969882,0.007687664196516077
powershell_benign_dataset,3615.ps1,0,1,0.005909896093454817,0.016666666666666666,3.073066351682276e-08,0.002090824767947197,0.009378745717306932
powershell_benign_dataset,3616.ps1,0,3,0.0002953982000077467,0.0033333333333333335,1.1970279476984619e-09,0.003089686157181859,0.0032115097452575965
powershell_benign_dataset,3617.ps1,0,4,0.0004767003234142786,0.0033333333333333335,1.8651708546191696e-08,0.005771656520664692,0.004552494926999013
powershell_benign_dataset,3618.ps1,0,0,0.0014140973421834543,0.0,2.0208629414626996e-09,0.007809483911842108,0.003904741955921054
powershell_benign_dataset,3619.ps1,0,0,0.007720421871135364,0.0033333333333333335,3.1598844057017805e-08,0.009277291595935822,0.006305312464634578
powershell_benign_dataset,362.ps1,0,4,0.021035050538898536,0.0033333333333333335,6.344354832512435e-06,0.006499387789517641,0.0049163605614254875
powershell_benign_dataset,3620.ps1,0,3,0.009236018568829774,0.03666666666666667,2.882563489053613e-06,0.003175526624545455,0.01992109664560606
powershell_benign_dataset,3621.ps1,0,3,0.017796731571662144,0.006666666666666667,1.0193615494883557e-07,0.0037251650355756283,0.005195915851121148
powershell_benign_dataset,3622.ps1,0,1,0.013311612617024338,0.06333333333333334,9.939915541957296e-06,0.005520234350115061,0.0344267838417242
powershell_benign_dataset,3624.ps1,0,0,0.03507657126097609,0.016666666666666666,6.770630792604828e-07,0.036188576370477676,0.02642762151857217
powershell_benign_dataset,3626.ps1,0,2,0.00030878873185140413,0.0033333333333333335,2.712245530307275e-08,0.0009623313089832664,0.0021478323211583
powershell_benign_dataset,3627.ps1,0,3,0.0010947546475020774,0.01,1.080581966010529e-07,0.0011436091735959053,0.005571804586797953
powershell_benign_dataset,3628.ps1,0,0,0.0014329036507427647,0.006666666666666667,2.6133925690171505e-09,0.004994361195713282,0.005830513931189975
powershell_benign_dataset,3629.ps1,0,4,0.001386671500523566,0.0,2.3634568943871278e-09,0.0029227063059806824,0.0014613531529903412
powershell_benign_dataset,363.ps1,0,1,0.0009361793365501229,0.006666666666666667,4.90503333778989e-09,0.00713505269959569,0.006900859683131179
powershell_benign_dataset,3630.ps1,0,3,0.0020754550126426312,0.0033333333333333335,1.73008461368158e-08,0.004239486996084452,0.003786410164708893
powershell_benign_dataset,3631.ps1,0,3,0.002425143881840878,0.0033333333333333335,2.9618189011642274e-08,0.0017280919710174203,0.002530712652175377
powershell_benign_dataset,3632.ps1,0,1,0.0007762140335969218,0.0,2.2345899513985672e-08,0.002022582571953535,0.0010112912859767675
powershell_benign_dataset,3633.ps1,0,1,0.0016287102813633033,0.0,2.2491131843745997e-09,0.001084606978110969,0.0005423034890554845
powershell_benign_dataset,3634.ps1,0,1,0.002273162114171006,0.0033333333333333335,1.3228219496060906e-08,0.0015344613930210471,0.0024338973631771905
powershell_benign_dataset,3635.ps1,0,4,0.038802130795949075,0.02,2.5931754492357032e-06,0.00314575363881886,0.01157287681940943
powershell_benign_dataset,3636.ps1,0,1,8.222035433203144e-05,0.0,1.6242143363415095e-08,0.0011522516142576933,0.0005761258071288466
powershell_benign_dataset,3637.ps1,0,2,0.0038438862952865555,0.0,6.41869572168816e-09,0.0014827768318355083,0.0007413884159177542
powershell_benign_dataset,3638.ps1,0,1,0.002553530396635937,0.0,6.062490543615107e-08,0.0018394591752439737,0.0009197295876219869
powershell_benign_dataset,3639.ps1,0,1,0.007048605441793256,0.07,2.8278272733060198e-08,0.001552276429720223,0.035776138214860115
powershell_benign_dataset,364.ps1,0,3,0.013876442763927315,0.0033333333333333335,6.095370234568412e-09,0.002047603717073798,0.002690468525203566
powershell_benign_dataset,3640.ps1,0,1,0.0003448385907881055,0.03333333333333333,9.834963687872256e-08,0.0025267857126891613,0.017930059523011247
powershell_benign_dataset,3641.ps1,0,3,0.0019599271596223156,0.04666666666666667,2.2774195759059207e-08,0.001509125460870564,0.024087896063768616
powershell_benign_dataset,3642.ps1,0,0,0.001265149978327793,0.01,1.8842747966676918e-07,0.009480687789618969,0.009740343894809485
powershell_benign_dataset,3643.ps1,0,1,0.0008075832316041299,0.10333333333333333,1.2544585207781044e-05,0.0040335888043046,0.053683461068818966
powershell_benign_dataset,3644.ps1,0,3,0.00040858794780352243,0.03,1.570459791499402e-08,0.0008726103114895523,0.015436305155744776
powershell_benign_dataset,3645.ps1,0,2,2.469941037345028e-06,0.03,3.6766888307029517e-08,0.0008473828784190118,0.015423691439209505
powershell_benign_dataset,3646.ps1,0,4,0.0008565718211791507,0.02,5.103929949818009e-07,0.003610713640227914,0.011805356820113957
powershell_benign_dataset,3647.ps1,0,1,0.020955297986364838,0.0033333333333333335,6.074313593446139e-09,0.0032699492294341326,0.0033016412813837333
powershell_benign_dataset,3648.ps1,0,2,0.0010048540919489655,0.006666666666666667,1.7521614197082566e-08,0.001489827292971313,0.0040782469798189905
powershell_benign_dataset,3649.ps1,0,4,0.002426863971603188,0.0033333333333333335,3.677849479704175e-09,0.001720696222037077,0.0025270147776852055
powershell_benign_dataset,365.ps1,0,2,0.0006403946724924537,0.006666666666666667,5.777807036110068e-08,0.012529767118394375,0.009598216892530521
powershell_benign_dataset,3650.ps1,0,3,3.035775744129777e-05,0.01,5.5256908692921576e-08,0.002227442106232047,0.006113721053116024
powershell_benign_dataset,3651.ps1,0,2,5.1040657553358855e-05,0.03,7.161103507811201e-08,0.003910753410309553,0.016955376705154776
powershell_benign_dataset,3652.ps1,0,3,0.008418324606274157,0.0,2.918709017541794e-09,0.0015690050786361098,0.0007845025393180549
powershell_benign_dataset,3653.ps1,0,1,0.0007008856653046966,0.023333333333333334,3.638369548026759e-08,0.0025613154284656048,0.01294732438089947
powershell_benign_dataset,3654.ps1,0,4,0.0018218937954205452,0.013333333333333334,4.252082641970364e-08,0.002192886546254158,0.007763109939793746
powershell_benign_dataset,3655.ps1,0,3,0.0018529519158285758,0.0033333333333333335,1.1346071684390434e-08,0.0023044594563543797,0.002818896394843857
powershell_benign_dataset,3656.ps1,0,2,5.3323194819901454e-05,0.006666666666666667,1.6473775770719342e-08,0.0013912421418353915,0.00402895440425103
powershell_benign_dataset,3657.ps1,0,2,0.0004414859993237242,0.0,2.8091043396135294e-08,0.0006284191622398794,0.0003142095811199397
powershell_benign_dataset,3658.ps1,0,1,0.0011514433251875408,0.03333333333333333,3.512487190911625e-07,0.001700046588666737,0.017516689961000035
powershell_benign_dataset,3659.ps1,0,3,0.005516019895167385,0.0033333333333333335,2.2124877671901728e-09,0.001184870139695704,0.002259101736514519
powershell_benign_dataset,366.ps1,0,0,0.0068654272437387205,0.0,4.0001577856336126e-08,0.03192058205604553,0.015960291028022766
powershell_benign_dataset,3660.ps1,0,0,0.0008880458281044414,0.0033333333333333335,2.06811788721816e-07,0.004493605345487595,0.003913469339410464
powershell_benign_dataset,3661.ps1,0,2,0.001963775021383983,0.02,1.7918948312108115e-07,0.003414818085730076,0.011707409042865038
powershell_benign_dataset,3662.ps1,0,4,0.0028980402095491976,0.0033333333333333335,1.972960670808891e-08,0.0008085742592811584,0.002070953796307246
powershell_benign_dataset,3663.ps1,0,3,6.146726418990697e-05,0.0033333333333333335,4.5060667910807733e-07,0.0008649827796034515,0.0020991580564683927
powershell_benign_dataset,3664.ps1,0,3,0.0011245131771725548,0.0,2.822359115708555e-09,0.0014585533645004034,0.0007292766822502017
powershell_benign_dataset,3665.ps1,0,2,0.0017846707128891394,0.0,3.2340747662456312e-09,0.0007714711828157306,0.0003857355914078653
powershell_benign_dataset,3666.ps1,0,0,0.00117690123692245,0.0,2.090787814216209e-08,0.009140598587691784,0.004570299293845892
powershell_benign_dataset,3667.ps1,0,1,0.005260120675623778,0.02666666666666667,2.552585187736209e-06,0.0010060938075184822,0.013836380237092575
powershell_benign_dataset,3668.ps1,0,4,0.0006834503901413508,0.023333333333333334,1.0558567635947814e-08,0.0017161088762804866,0.01252472110480691
powershell_benign_dataset,3669.ps1,0,2,0.004811275438409779,0.0033333333333333335,4.143360081076321e-09,0.0023749403189867735,0.0028541368261600537
powershell_benign_dataset,367.ps1,0,3,0.004828827294927641,0.006666666666666667,6.496279907081101e-09,0.008254307322204113,0.0074604869944353905
powershell_benign_dataset,3670.ps1,0,2,0.0016058495497081784,0.006666666666666667,1.6299684993204705e-07,0.0010472893482074142,0.0038569780074370406
powershell_benign_dataset,3671.ps1,0,2,0.0004503496591899211,0.0033333333333333335,4.720340586610629e-09,0.0011026631109416485,0.0022179982221374912
powershell_benign_dataset,3672.ps1,0,1,0.005301214905523563,0.0033333333333333335,1.800293199351075e-06,0.00196669134311378,0.002650012338223557
powershell_benign_dataset,3673.ps1,0,0,0.002174094041900331,0.0,1.0810984763838617e-08,0.011286407709121704,0.005643203854560852
powershell_benign_dataset,3674.ps1,0,3,0.0007568722210273505,0.006666666666666667,3.133641387901936e-09,0.0009319280507043004,0.0037992973586854837
powershell_benign_dataset,3675.ps1,0,3,0.00047846153993357475,0.0,3.97144053641872e-09,0.0031136360485106707,0.0015568180242553353
powershell_benign_dataset,3676.ps1,0,4,0.000102239406013764,0.023333333333333334,2.143630458755646e-06,0.0015807285672053695,0.012457030950269352
powershell_benign_dataset,3677.ps1,0,0,0.01651802334029796,0.01,2.5290371783356865e-07,0.010838895104825497,0.01041944755241275
powershell_benign_dataset,3678.ps1,0,1,0.0007041208915458647,0.006666666666666667,2.4524458870386374e-09,0.001236440846696496,0.003951553756681582
powershell_benign_dataset,3679.ps1,0,3,0.00810533883729662,0.38,3.778960409056091e-05,0.013039285317063332,0.19651964265853167
powershell_benign_dataset,368.ps1,0,0,0.005614150321925334,0.013333333333333334,2.6632289171977633e-07,0.02409566566348076,0.018714499498407047
powershell_benign_dataset,3680.ps1,0,1,0.005523262057527913,0.0,6.613833961880677e-09,0.0014093266800045967,0.0007046633400022984
powershell_benign_dataset,3681.ps1,0,3,0.010607632298538072,0.0,2.603133089073345e-09,0.004173758905380964,0.002086879452690482
powershell_benign_dataset,3682.ps1,0,1,0.009115205647726943,0.006666666666666667,5.153022166526869e-09,0.007337375544011593,0.00700202110533913
powershell_benign_dataset,3683.ps1,0,3,0.00567239883641504,0.0,1.2540350867488418e-08,0.0021384696010500193,0.0010692348005250096
powershell_benign_dataset,3684.ps1,0,1,0.0050599103344401075,0.013333333333333334,6.773590494604124e-08,0.0026396687608212233,0.00798650104707728
powershell_benign_dataset,3685.ps1,0,0,0.006043700353005429,0.0,1.2689081689666698e-08,0.008863287977874279,0.0044316439889371395
powershell_benign_dataset,3686.ps1,0,4,0.001787858335824302,0.0,5.8458695762185484e-08,0.0007019516197033226,0.0003509758098516613
powershell_benign_dataset,3687.ps1,0,4,0.0017519827653942315,0.0033333333333333335,9.002012833704415e-09,0.0017399307107552886,0.0025366320220443113
powershell_benign_dataset,3688.ps1,0,1,0.005276677124701615,0.0,1.2282328790165704e-08,0.001238238182850182,0.000619119091425091
powershell_benign_dataset,3689.ps1,0,4,0.002770853275276128,0.0,9.249152201815117e-09,0.000996802351437509,0.0004984011757187545
powershell_benign_dataset,369.ps1,0,1,0.008928048382328798,0.0,7.609099246194403e-09,0.0019465717487037182,0.0009732858743518591
powershell_benign_dataset,3690.ps1,0,1,0.005019848691669301,0.0,2.0105472018106435e-09,0.0014606515178456903,0.0007303257589228451
powershell_benign_dataset,3691.ps1,0,1,0.007483804117016745,0.0,2.0763825421722756e-08,0.001033414271660149,0.0005167071358300745
powershell_benign_dataset,3692.ps1,0,1,0.005744366492299066,0.02666666666666667,3.9153948984525695e-08,0.0026827992405742407,0.014674732953620455
powershell_benign_dataset,3693.ps1,0,0,0.005933307236160797,0.0033333333333333335,1.394594660213291e-08,0.006575898267328739,0.004954615800331037
powershell_benign_dataset,3694.ps1,0,2,0.004236651775010556,0.0,1.8640921525513126e-08,0.0008610167424194515,0.00043050837120972574
powershell_benign_dataset,3695.ps1,0,0,0.022302135632434286,0.013333333333333334,8.762512239802223e-07,0.013918605633080006,0.01362596948320667
powershell_benign_dataset,3696.ps1,0,4,0.0034627708100819494,0.0,4.850725123773165e-07,0.002501924056559801,0.0012509620282799006
powershell_benign_dataset,3697.ps1,0,4,0.0018870210669480088,0.0033333333333333335,3.5706992477183028e-09,0.001075100270099938,0.002204216801716636
powershell_benign_dataset,3699.ps1,0,3,0.002854688473528371,0.0,6.371514985416695e-09,0.00738938944414258,0.00369469472207129
powershell_benign_dataset,37.ps1,0,0,0.023677589666722957,0.06,7.39136161654821e-08,0.019846007227897644,0.03992300361394882
powershell_benign_dataset,370.ps1,0,2,0.0075622556638075406,0.0,8.635145461599807e-09,0.005945215933024883,0.0029726079665124416
powershell_benign_dataset,3700.ps1,0,2,0.0001486089587698072,0.0033333333333333335,1.2398744166713953e-07,0.004265270661562681,0.0037993019974480076
powershell_benign_dataset,3701.ps1,0,3,0.0015832373176906177,0.01,8.80096033772965e-08,0.00148519326467067,0.005742596632335335
powershell_benign_dataset,3702.ps1,0,1,0.0014298079413188084,0.0,1.8612836569108427e-07,0.0023339565377682447,0.0011669782688841224
powershell_benign_dataset,3704.ps1,0,1,0.005661642084659134,0.0033333333333333335,3.536820235074791e-07,0.003412018297240138,0.003372675815286736
powershell_benign_dataset,3705.ps1,0,0,0.01962561590385908,0.03333333333333333,1.4049283258102242e-07,0.014530941843986511,0.023932137588659922
powershell_benign_dataset,3706.ps1,0,1,0.012051253414286141,0.006666666666666667,6.5737324618442815e-09,0.005140174180269241,0.005903420423467955
powershell_benign_dataset,3707.ps1,0,3,0.0033832161126638193,0.01,9.296477576182711e-08,0.0022970878053456545,0.006148543902672827
powershell_benign_dataset,3708.ps1,0,0,0.023423999015190385,0.07,2.019538113855951e-06,0.015234701335430145,0.042617350667715076
powershell_benign_dataset,3709.ps1,0,2,0.0025531263783754475,0.0,3.266102614141534e-08,0.0007505878456868231,0.00037529392284341156
powershell_benign_dataset,371.ps1,0,2,0.024286355668323836,0.023333333333333334,1.4518597740583896e-06,0.0023645847104489803,0.012848959021891157
powershell_benign_dataset,3710.ps1,0,2,6.677687996773426e-05,0.0,4.147067172541984e-08,0.0009298163349740207,0.00046490816748701036
powershell_benign_dataset,3712.ps1,0,0,0.001644771552019047,0.02666666666666667,6.214270908066278e-07,0.006996615789830685,0.016831641228248678
powershell_benign_dataset,3713.ps1,0,0,0.003497493037971347,0.0,4.776534671641787e-08,0.0042036231607198715,0.0021018115803599358
powershell_benign_dataset,3714.ps1,0,1,0.00111473596855465,0.01,5.949376411816292e-06,0.0030534155666828156,0.006526707783341408
powershell_benign_dataset,3717.ps1,0,4,0.0008756113824066982,0.006666666666666667,1.0205561902139714e-08,0.0014359046472236514,0.00405128565694516
powershell_benign_dataset,3718.ps1,0,1,0.00040363838035149645,0.0033333333333333335,1.0246139271486615e-07,0.0030632142443209887,0.0031982737888271613
powershell_benign_dataset,3719.ps1,0,0,2.9283416437225904e-05,0.006666666666666667,2.4418230553305887e-08,0.009475553408265114,0.008071110037465891
powershell_benign_dataset,372.ps1,0,2,0.002131422645753718,0.02,1.9657546015105874e-07,0.002692269627004862,0.011346134813502431
powershell_benign_dataset,3721.ps1,0,4,0.6174088981808248,0.17,0.02666713347073135,0.017934368923306465,0.09396718446165324
powershell_benign_dataset,3722.ps1,0,4,0.0002405898279400133,0.006666666666666667,1.1535973963586538e-08,0.0022672326304018497,0.004466949648534259
powershell_benign_dataset,3723.ps1,0,0,3.363769955411062e-05,0.0033333333333333335,9.420505723881614e-09,0.013967151753604412,0.008650242543468873
powershell_benign_dataset,3724.ps1,0,3,0.0001971862092018331,0.0,3.4718142691094915e-08,0.001833694288507104,0.000916847144253552
powershell_benign_dataset,3726.ps1,0,3,0.009264497046021268,0.0,2.4755949303345015e-09,0.010855542495846748,0.005427771247923374
powershell_benign_dataset,3727.ps1,0,4,0.0013203785887210848,0.006666666666666667,6.997746445648936e-09,0.0016444730572402477,0.004155569861953458
powershell_benign_dataset,3728.ps1,0,4,0.0014156400905021606,0.0,2.1545957076092976e-08,0.0033797461073845625,0.0016898730536922812
powershell_benign_dataset,3729.ps1,0,2,0.006032694146246741,0.03,7.979426622179751e-08,0.0006776484078727663,0.015338824203936383
powershell_benign_dataset,373.ps1,0,0,0.007566212370480414,0.0033333333333333335,3.850532841152231e-08,0.01089286059141159,0.007113096962372462
powershell_benign_dataset,3731.ps1,0,2,0.0022943052229595427,0.0033333333333333335,2.7237690392123055e-09,0.002195082837715745,0.0027642080855245395
powershell_benign_dataset,3732.ps1,0,3,3.6108588067154306e-05,0.0033333333333333335,5.3528015822539985e-09,0.0019120769575238228,0.0026227051454285784
powershell_benign_dataset,3733.ps1,0,2,0.0017015565860635372,0.0,4.878175514459373e-08,0.0008609137730672956,0.0004304568865336478
powershell_benign_dataset,3734.ps1,0,2,1.5785610805424437e-05,0.0,5.457352027049879e-09,0.0012609445257112384,0.0006304722628556192
powershell_benign_dataset,3735.ps1,0,4,0.0033332743629885734,0.006666666666666667,1.0961805932840211e-07,0.003966604825109243,0.005316635745887956
powershell_benign_dataset,3737.ps1,0,3,0.0025930582721044836,0.0,1.0173081443716857e-07,0.0018518039723858237,0.0009259019861929119
powershell_benign_dataset,3738.ps1,0,3,0.0014157855572986312,0.006666666666666667,4.5872096670362347e-07,0.001924061798490584,0.004295364232578626
powershell_benign_dataset,3739.ps1,0,4,1.8510851614052576e-05,0.023333333333333334,2.7194124809978904e-08,0.004429544787853956,0.013881439060593645
powershell_benign_dataset,374.ps1,0,2,0.004019726735912531,0.0,6.904490750053627e-09,0.002438100753352046,0.001219050376676023
powershell_benign_dataset,3740.ps1,0,2,4.441866045650357e-05,0.02666666666666667,1.4161562553030886e-07,0.002632651710882783,0.014649659188774726
powershell_benign_dataset,3741.ps1,0,1,7.165833003967987e-05,0.013333333333333334,5.473366995942745e-07,0.001839432050473988,0.007586382691903661
powershell_benign_dataset,3742.ps1,0,1,0.00018871775391647295,0.01,1.6533034575982417e-07,0.00848643109202385,0.009243215546011926
powershell_benign_dataset,3743.ps1,0,3,0.0001475125087149617,0.016666666666666666,1.8888577656015026e-08,0.005616961978375912,0.011141814322521289
powershell_benign_dataset,3744.ps1,0,2,0.0008345475736337527,0.0033333333333333335,2.8060658415952253e-08,0.0038255758117884398,0.003579454572560887
powershell_benign_dataset,3745.ps1,0,0,0.0074069243702140335,0.47333333333333333,0.09730014537240425,0.06306400150060654,0.26819866741696996
powershell_benign_dataset,3746.ps1,0,1,0.0016637384161683987,0.1,7.577553741570222e-07,0.0014072612393647432,0.050703630619682374
powershell_benign_dataset,3747.ps1,0,0,0.004450911917629899,0.06333333333333334,2.0035125748977652e-07,0.01887962967157364,0.04110648150245349
powershell_benign_dataset,3748.ps1,0,1,1.7647115648284252e-05,0.0,7.887828916089202e-09,0.0030739433132112026,0.0015369716566056013
powershell_benign_dataset,3749.ps1,0,0,0.0009730520041622455,0.0033333333333333335,1.845097717620511e-08,0.00575614906847477,0.004544741200904052
powershell_benign_dataset,375.ps1,0,0,0.06230337836875568,0.01,3.5382372909276525e-07,0.008031842298805714,0.009015921149402858
powershell_benign_dataset,3751.ps1,0,2,0.00019397962429851772,0.006666666666666667,3.308692473733462e-08,0.0011360103962942958,0.0039013385314804814
powershell_benign_dataset,3754.ps1,0,1,0.0012628995376453168,0.0,2.291105797238939e-08,0.001173809403553605,0.0005869047017768025
powershell_benign_dataset,3755.ps1,0,1,0.004325850366690333,0.0,1.0988534057042559e-07,0.001445421134121716,0.000722710567060858
powershell_benign_dataset,3756.ps1,0,1,0.0038210189094007173,0.0,2.634783116749822e-08,0.0012388380710035563,0.0006194190355017781
powershell_benign_dataset,3757.ps1,0,2,0.0018679327946884265,0.0,2.8786453810142862e-08,0.0016185566782951355,0.0008092783391475677
powershell_benign_dataset,3758.ps1,0,4,0.004412887015805448,0.0033333333333333335,3.31367611234024e-08,0.0023042841348797083,0.002818808734106521
powershell_benign_dataset,3759.ps1,0,3,0.004314699905884845,0.11,7.208352372417904e-08,0.002602687571197748,0.056301343785598874
powershell_benign_dataset,376.ps1,0,4,0.015903070572552226,0.016666666666666666,7.19820008123582e-08,0.0010307992342859507,0.008848732950476309
powershell_benign_dataset,3760.ps1,0,1,0.023376649986926373,0.03,2.0708021273404182e-07,0.0032899242360144854,0.016644962118007242
powershell_benign_dataset,3761.ps1,0,0,0.0029703563874057116,0.013333333333333334,3.485483905621186e-08,0.0071890996769070625,0.0102612165051202
powershell_benign_dataset,3762.ps1,0,0,0.005190302366948111,0.0,9.244444906972326e-08,0.007055528927594423,0.0035277644637972116
powershell_benign_dataset,3763.ps1,0,0,0.0054977776629943865,0.02666666666666667,2.705608143206592e-07,0.011033382266759872,0.018850024466713272
powershell_benign_dataset,3764.ps1,0,3,0.002383156460407018,0.02666666666666667,8.542539731204703e-09,0.002711646258831024,0.014689156462748846
powershell_benign_dataset,3765.ps1,0,3,0.002325154381515816,0.06,7.510018659201472e-09,0.0015013752272352576,0.030750687613617628
powershell_benign_dataset,3766.ps1,0,3,0.01614461094512029,0.013333333333333334,1.3041771602041783e-08,0.003141381312161684,0.00823735732274751
powershell_benign_dataset,3767.ps1,0,2,0.004822082072004097,0.0,6.008291563921339e-08,0.003313075751066208,0.001656537875533104
powershell_benign_dataset,3768.ps1,0,4,0.00039831590050574793,0.0,5.293542340454955e-08,0.0008227096986956894,0.0004113548493478447
powershell_benign_dataset,3769.ps1,0,3,0.0023402770442926056,0.05333333333333334,4.1404332532721744e-09,0.0031314180232584476,0.028232375678295892
powershell_benign_dataset,377.ps1,0,2,0.03469838802732141,0.35333333333333333,3.966931935048409e-05,0.001441767206415534,0.17738755026987443
powershell_benign_dataset,3770.ps1,0,2,0.001069560131909307,0.04666666666666667,7.969238987695206e-08,0.001962487818673253,0.02431457724266996
powershell_benign_dataset,3772.ps1,0,3,0.004651834090621991,0.0033333333333333335,1.3623485445676106e-08,0.004250512458384037,0.0037919228958586855
powershell_benign_dataset,3773.ps1,0,4,0.0012811255673614817,0.05,6.426443787828144e-07,0.0018391921184957027,0.025919596059247853
powershell_benign_dataset,3774.ps1,0,4,0.04812508789376744,0.07333333333333333,4.8425428428988536e-06,0.033207476139068604,0.05327040473620097
powershell_benign_dataset,3775.ps1,0,2,0.0014726809564219606,0.0,3.7244764179228795e-08,0.0030340119265019894,0.0015170059632509947
powershell_benign_dataset,3776.ps1,0,4,0.016840284522288838,0.0033333333333333335,6.726923031784195e-09,0.0029929582960903645,0.0031631458147118492
powershell_benign_dataset,3777.ps1,0,0,0.004725746122685719,0.013333333333333334,5.3002505241423686e-08,0.011941931210458279,0.012637632271895807
powershell_benign_dataset,3778.ps1,0,1,0.002463247904719547,0.006666666666666667,3.6070492527699656e-08,0.04801300913095474,0.027339837898810705
powershell_benign_dataset,3779.ps1,0,1,0.0007579154332178314,0.0033333333333333335,9.129050919132075e-08,0.0014051782200112939,0.002369255776672314
powershell_benign_dataset,378.ps1,0,2,0.07519168165326368,0.36666666666666664,0.0006438448009691244,0.0016931920545175672,0.1841799293605921
powershell_benign_dataset,3780.ps1,0,0,0.0006819831884961265,0.0,1.9404924512645006e-08,0.008994302712380886,0.004497151356190443
powershell_benign_dataset,3781.ps1,0,1,0.0016958976712360143,0.0,3.167735609816756e-09,0.0051172771491110325,0.0025586385745555162
powershell_benign_dataset,3782.ps1,0,2,0.0005081039176281641,0.0,1.0959421987604672e-08,0.003662453731521964,0.001831226865760982
powershell_benign_dataset,3783.ps1,0,4,0.001008547893981897,0.0033333333333333335,1.499760061988295e-08,0.003422599984332919,0.0033779666588331266
powershell_benign_dataset,3784.ps1,0,2,0.34498561580048753,0.06666666666666667,2.697477935284135e-05,0.01348378136754036,0.04007522401710351
powershell_benign_dataset,3786.ps1,0,2,0.04298869969699658,0.0033333333333333335,3.4435800100453674e-08,0.002836191328242421,0.0030847623307878776
powershell_benign_dataset,3787.ps1,0,1,0.0007674227004496176,0.0,3.440767199599561e-09,0.0036695406306535006,0.0018347703153267503
powershell_benign_dataset,3788.ps1,0,1,0.048594736000515816,0.006666666666666667,1.3678670873668943e-07,0.013046976178884506,0.009856821422775587
powershell_benign_dataset,3789.ps1,0,2,0.003981512046305192,0.0,1.7257087821026923e-09,0.001465863548219204,0.000732931774109602
powershell_benign_dataset,379.ps1,0,1,0.010456343789747498,0.006666666666666667,3.3153618960086684e-08,0.0016166485147550702,0.004141657590710869
powershell_benign_dataset,3790.ps1,0,0,0.0002113508130619555,0.02666666666666667,6.792616782055928e-07,0.00959603302180767,0.01813134984423717
powershell_benign_dataset,3791.ps1,0,2,2.5016750628854916e-05,0.03,9.673111851129549e-07,0.002599993022158742,0.01629999651107937
powershell_benign_dataset,3792.ps1,0,3,8.222734805477e-05,0.05,9.820772463294966e-07,0.0038744043558835983,0.0269372021779418
powershell_benign_dataset,3793.ps1,0,3,6.2842982442016114e-18,0.09333333333333334,2.1251752091504567e-05,0.006519808433949947,0.04992657088364164
powershell_benign_dataset,3794.ps1,0,4,0.003035571410190308,0.0033333333333333335,9.244052430758708e-08,0.0065270401537418365,0.004930186743537585
powershell_benign_dataset,3795.ps1,0,4,0.003056453665246915,0.0033333333333333335,1.0491817497018664e-07,0.0066514634527266026,0.004992398393029968
powershell_benign_dataset,3796.ps1,0,2,0.002356116467715148,0.006666666666666667,3.3278091427247306e-07,0.0031142341904342175,0.004890450428550443
powershell_benign_dataset,3797.ps1,0,2,0.0011188391218300462,0.0,5.078239066797038e-09,0.008424325846135616,0.004212162923067808
powershell_benign_dataset,3798.ps1,0,3,0.008679087878014259,0.01,1.40544173398309e-07,0.001693582977168262,0.005846791488584131
powershell_benign_dataset,3799.ps1,0,0,7.844856878372133e-05,0.0033333333333333335,1.4165801864339647e-08,0.007929575629532337,0.005631454481432836
powershell_benign_dataset,38.ps1,0,2,0.02686814958866106,0.0,7.1651728963559514e-09,0.003264228580519557,0.0016321142902597785
powershell_benign_dataset,380.ps1,0,1,0.009002986848596793,0.0,1.7508860369923552e-07,0.000888294365722686,0.000444147182861343
powershell_benign_dataset,3800.ps1,0,4,0.027897951593365534,0.006666666666666667,2.418394733888545e-07,0.004370248876512051,0.005518457771589359
powershell_benign_dataset,3801.ps1,0,1,0.021926153986359956,0.0,2.2863946665450198e-08,0.0077295489609241486,0.0038647744804620743
powershell_benign_dataset,3802.ps1,0,4,0.004730557058930516,0.0,2.899897516334219e-07,0.0035372357815504074,0.0017686178907752037
powershell_benign_dataset,3803.ps1,0,0,0.030388784043693412,0.07,0.0005978802761540181,0.00990962702780962,0.03995481351390481
powershell_benign_dataset,3804.ps1,0,2,0.08206392578910093,0.15,4.09486724858932e-07,0.011228720657527447,0.08061436032876372
powershell_benign_dataset,3805.ps1,0,2,0.00203965245856893,0.0,2.0668207089195322e-08,0.0008119378471747041,0.00040596892358735204
powershell_benign_dataset,3806.ps1,0,0,0.002961363715478797,0.043333333333333335,9.541725665169344e-07,0.028688179329037666,0.0360107563311855
powershell_benign_dataset,3807.ps1,0,2,0.003560389306476279,0.0,1.943841949623627e-07,0.002683081431314349,0.0013415407156571746
powershell_benign_dataset,3808.ps1,0,0,0.0006760991729588455,0.013333333333333334,8.796404380441464e-07,0.011212225072085857,0.012272779202709597
powershell_benign_dataset,3809.ps1,0,1,2.533679413286209e-29,0.23333333333333334,3.1717528655273643e-06,0.0037266253493726254,0.11852997934135298
powershell_benign_dataset,381.ps1,0,4,0.013803030077480963,0.0,3.316216732833829e-07,0.0019077565521001816,0.0009538782760500908
powershell_benign_dataset,3810.ps1,0,3,0.008803615626341922,0.0,2.8766922354574663e-07,0.0032086223363876343,0.0016043111681938171
powershell_benign_dataset,3811.ps1,0,1,0.01615475812952757,0.006666666666666667,6.975702072788073e-05,0.0019894889555871487,0.004328077811126908
powershell_benign_dataset,3812.ps1,0,0,0.12241245252418291,0.056666666666666664,0.001197039054479496,0.01358739659190178,0.035127031629284225
powershell_benign_dataset,3813.ps1,0,4,3.4242896718825303e-06,0.06333333333333334,8.414619888223636e-07,0.0029419735074043274,0.03313765342036883
powershell_benign_dataset,3814.ps1,0,1,4.799793109023176e-12,0.01,1.1781626064324786e-06,0.006469402462244034,0.008234701231122018
powershell_benign_dataset,3815.ps1,0,0,0.0021128154439893567,0.006666666666666667,4.960864602212152e-07,0.012116738595068455,0.009391702630867561
powershell_benign_dataset,3816.ps1,0,0,0.016424869688193098,0.016666666666666666,1.0960631323043471e-05,0.009240919724106789,0.012953793195386728
powershell_benign_dataset,3817.ps1,0,2,0.009737629108654776,0.0,2.775489241964862e-07,0.002120865974575281,0.0010604329872876406
powershell_benign_dataset,3818.ps1,0,3,0.004747117410824925,0.006666666666666667,4.361492923504473e-06,0.004331664647907019,0.005499165657286843
powershell_benign_dataset,3819.ps1,0,2,0.008089082295823008,0.0,9.183442343416648e-08,0.0027513992972671986,0.0013756996486335993
powershell_benign_dataset,382.ps1,0,0,0.010731802298439399,0.0033333333333333335,3.503464266869805e-08,0.004143025726079941,0.0037381795297066374
powershell_benign_dataset,3820.ps1,0,3,8.746248442026189e-06,0.006666666666666667,1.0299119631421878e-06,0.003269998822361231,0.004968332744513949
powershell_benign_dataset,3821.ps1,0,3,0.003740144254570789,0.0,1.3499316850780958e-08,0.0010020440677180886,0.0005010220338590443
powershell_benign_dataset,3822.ps1,0,2,0.00012627057148349586,0.0,3.2791010224837235e-08,0.002689536428079009,0.0013447682140395045
powershell_benign_dataset,3823.ps1,0,4,1.5896582224910712e-08,0.056666666666666664,1.90494152529491e-07,0.012218274176120758,0.034442470421393714
powershell_benign_dataset,3824.ps1,0,2,5.4765100922207875e-05,0.0033333333333333335,6.586160423661729e-07,0.004851179663091898,0.004092256498212616
powershell_benign_dataset,3825.ps1,0,2,0.00017626107171632237,0.0033333333333333335,1.124119055101673e-08,0.006374482996761799,0.004853908165047566
powershell_benign_dataset,3826.ps1,0,4,0.009650235290081627,0.01,3.2511035199859792e-06,0.005413222126662731,0.007706611063331366
powershell_benign_dataset,3827.ps1,0,4,0.0034115366583354623,0.0,6.18673938026572e-09,0.0011938734678551555,0.0005969367339275777
powershell_benign_dataset,3828.ps1,0,0,0.007767172050401062,0.0033333333333333335,3.049186869234303e-08,0.005983738228678703,0.004658535781006019
powershell_benign_dataset,3829.ps1,0,4,0.0030156073823874026,0.0033333333333333335,1.1498259279414791e-07,0.0011977746617048979,0.002265553997519116
powershell_benign_dataset,383.ps1,0,2,0.013211681712223936,0.0033333333333333335,3.338658560113759e-08,0.0007072243024595082,0.002020278817896421
powershell_benign_dataset,3830.ps1,0,1,0.005460333930899457,0.0,1.1795151553594426e-08,0.0013408861123025417,0.0006704430561512709
powershell_benign_dataset,3831.ps1,0,4,0.0010307531382969355,0.0,1.1489532689948057e-08,0.0035332965198904276,0.0017666482599452138
powershell_benign_dataset,3832.ps1,0,0,0.0004751586103893711,0.0,1.3375559183122795e-09,0.033691078424453735,0.016845539212226868
powershell_benign_dataset,3834.ps1,0,1,6.351314027214473e-05,0.016666666666666666,8.27917652452274e-09,0.0010497530456632376,0.008858209856164952
powershell_benign_dataset,3835.ps1,0,1,0.001968532273440886,0.0,1.250386910826825e-09,0.0025203691329807043,0.0012601845664903522
powershell_benign_dataset,3836.ps1,0,3,0.00025867153901083757,0.006666666666666667,8.129796042202565e-09,0.0017757996683940291,0.0042212331675303486
powershell_benign_dataset,3837.ps1,0,3,0.0017035016524850476,0.0,3.6543180810571335e-09,0.0012159877223894,0.0006079938611947
powershell_benign_dataset,3838.ps1,0,0,0.0017746187702023443,0.0,9.395886447607361e-09,0.02549467794597149,0.012747338972985744
powershell_benign_dataset,384.ps1,0,4,0.26742494678337014,0.08333333333333333,1.2699988481576695e-05,0.003602389246225357,0.04346786128977934
powershell_benign_dataset,3840.ps1,0,1,0.007992657623655261,0.023333333333333334,7.149391605698543e-06,0.003799320198595524,0.013566326765964429
powershell_benign_dataset,3841.ps1,0,1,0.00039922448864232127,0.0033333333333333335,5.527103219438131e-08,0.0018206137465313077,0.002576973539932321
powershell_benign_dataset,3842.ps1,0,4,0.0014277475568474013,0.0,4.455232154023531e-09,0.0019278133986517787,0.0009639066993258893
powershell_benign_dataset,3844.ps1,0,3,0.005551692997247782,0.0,4.849321319205819e-08,0.001976603642106056,0.000988301821053028
powershell_benign_dataset,3845.ps1,0,3,0.0008119620067045856,0.0033333333333333335,3.132615569870669e-08,0.0004818595771212131,0.0019075964552272733
powershell_benign_dataset,3848.ps1,0,3,0.0037090044206468174,0.03,1.4168447029072314e-05,0.0040480755269527435,0.01702403776347637
powershell_benign_dataset,3849.ps1,0,0,0.0015782995799371818,0.006666666666666667,4.668704352406457e-07,0.007187493611127138,0.006927080138896903
powershell_benign_dataset,385.ps1,0,0,0.00026878336378665236,0.0033333333333333335,2.144638407245726e-07,0.013642383739352226,0.00848785853634278
powershell_benign_dataset,3850.ps1,0,2,0.0012702577687076653,0.04,4.493827942226907e-05,0.0017759788315743208,0.02088798941578716
powershell_benign_dataset,3851.ps1,0,3,0.014115402310865702,0.0,6.764385478274125e-08,0.0013102999655529857,0.0006551499827764928
powershell_benign_dataset,3852.ps1,0,1,0.00139059361233161,0.006666666666666667,3.351479124658136e-08,0.0010459442855790257,0.0038563054761228464
powershell_benign_dataset,3853.ps1,0,2,0.0016333046849349806,0.0,1.4136201783379152e-07,0.0017325372900813818,0.0008662686450406909
powershell_benign_dataset,3854.ps1,0,4,0.006238912056386183,0.0,6.592835216192001e-07,0.00584931718185544,0.00292465859092772
powershell_benign_dataset,3855.ps1,0,1,0.001090536791196069,0.0033333333333333335,4.319651705406473e-07,0.0019643257837742567,0.0026488295585537953
powershell_benign_dataset,3856.ps1,0,1,0.0035939657423023448,0.006666666666666667,1.07409123150119e-07,0.0021323084365576506,0.004399487551612159
powershell_benign_dataset,3857.ps1,0,1,0.009280866507632587,0.013333333333333334,4.081287574413883e-06,0.002283978508785367,0.007808655921059351
powershell_benign_dataset,3858.ps1,0,2,0.0008772478444276336,0.0,2.3422871224347765e-07,0.006828034296631813,0.0034140171483159065
powershell_benign_dataset,3859.ps1,0,3,0.006541924443561767,0.0,2.2806206558976688e-08,0.0017188754864037037,0.0008594377432018518
powershell_benign_dataset,386.ps1,0,3,0.004437209309316268,0.0033333333333333335,7.759110431702649e-09,0.0035033486783504486,0.0034183410058418913
powershell_benign_dataset,3860.ps1,0,3,0.008524627589976018,0.0033333333333333335,2.27996806146575e-08,0.0028166144620627165,0.0030749738976980252
powershell_benign_dataset,3861.ps1,0,1,0.0055886394872835836,0.0033333333333333335,7.242029696468475e-07,0.003912457264959812,0.003622895299146573
powershell_benign_dataset,3862.ps1,0,4,0.0037172657162919884,0.006666666666666667,6.870667220756635e-08,0.009669659659266472,0.00816816316296657
powershell_benign_dataset,3863.ps1,0,4,0.0035782497196490833,0.11666666666666667,8.084264333811875e-05,0.0038883513770997524,0.06027750902188321
powershell_benign_dataset,3864.ps1,0,0,0.00019998691508255084,0.0033333333333333335,9.97175282461505e-09,0.023172874003648758,0.013253103668491046
powershell_benign_dataset,3865.ps1,0,0,0.0003604717651542814,0.006666666666666667,2.0397685079681584e-08,0.01263062097132206,0.009648643818994364
powershell_benign_dataset,3868.ps1,0,4,3.469491299756944e-05,0.0033333333333333335,1.2194080616177377e-07,0.004055624362081289,0.0036944788477073116
powershell_benign_dataset,3869.ps1,0,0,0.0012847802288164726,0.0,1.4426425467315789e-08,0.0061887772753834724,0.0030943886376917362
powershell_benign_dataset,387.ps1,0,1,0.004343797418908034,0.0,2.3129655859631208e-08,0.00340915285050869,0.001704576425254345
powershell_benign_dataset,3870.ps1,0,4,0.0009304500530558142,0.0,7.275685323826263e-09,0.0015766301658004522,0.0007883150829002261
powershell_benign_dataset,3871.ps1,0,4,0.0009397073083895382,0.006666666666666667,1.663503005988311e-08,0.0017357638571411371,0.0042012152619039025
powershell_benign_dataset,3872.ps1,0,3,1.2921834411347036e-05,0.006666666666666667,3.4440777246664295e-08,0.0016241249395534396,0.004145395803110054
powershell_benign_dataset,3873.ps1,0,4,0.0016893190378210945,0.0033333333333333335,1.3799749808124407e-08,0.006020487751811743,0.004676910542572538
powershell_benign_dataset,3874.ps1,0,1,0.002427977798245021,0.0033333333333333335,1.53174439183108e-07,0.0019068823894485831,0.0026201078613909586
powershell_benign_dataset,3875.ps1,0,4,0.00015229605362231298,0.0,2.05892120876063e-08,0.0009509759838692844,0.0004754879919346422
powershell_benign_dataset,3878.ps1,0,2,0.007393924243143292,0.0,2.3396825765250593e-07,0.01089583057910204,0.00544791528955102
powershell_benign_dataset,3879.ps1,0,0,0.010528813353218106,0.0,2.5141222700889973e-08,0.007812983356416225,0.003906491678208113
powershell_benign_dataset,388.ps1,0,3,0.010764553600731088,0.0,4.973896703078757e-09,0.0019793447572737932,0.0009896723786368966
powershell_benign_dataset,3880.ps1,0,2,0.0015392210902245322,0.0,9.400292778177757e-09,0.0006196833564899862,0.0003098416782449931
powershell_benign_dataset,3881.ps1,0,0,0.007210532421696869,0.02,1.9128428565395333e-07,0.007405929733067751,0.013702964866533876
powershell_benign_dataset,3882.ps1,0,3,0.003525754033339935,0.0,5.770664088595236e-09,0.001314146793447435,0.0006570733967237175
powershell_benign_dataset,3883.ps1,0,0,0.006869255824900233,0.0033333333333333335,5.937040521526347e-07,0.0059857917949557304,0.004659562564144532
powershell_benign_dataset,3884.ps1,0,1,0.02165969730695096,0.01,5.872096825234915e-06,0.0017460727831348777,0.005873036391567439
powershell_benign_dataset,3885.ps1,0,0,0.00024030526275074424,0.0,1.1245692510045407e-08,0.007437959313392639,0.0037189796566963196
powershell_benign_dataset,3886.ps1,0,4,0.0007828271046443108,0.0033333333333333335,5.4440955867218665e-09,0.0016728441696614027,0.0025030887514973683
powershell_benign_dataset,3887.ps1,0,0,0.0035625986886837703,0.0,4.776534671641787e-08,0.00408604322001338,0.00204302161000669
powershell_benign_dataset,3888.ps1,0,0,0.00019260068825469935,0.0,2.2745745918068523e-09,0.0053661176934838295,0.0026830588467419147
powershell_benign_dataset,389.ps1,0,2,0.03662737792078536,0.0,1.2171920170285928e-07,0.0036176303401589394,0.0018088151700794697
powershell_benign_dataset,3890.ps1,0,1,0.0072257724220288625,0.006666666666666667,8.508593322951916e-08,0.0017482643015682697,0.004207465484117469
powershell_benign_dataset,3891.ps1,0,0,0.010587700527977997,0.0033333333333333335,2.0357490492752156e-07,0.011077330447733402,0.007205331890533368
powershell_benign_dataset,3892.ps1,0,2,0.00501573604265219,0.0,1.5108687188627513e-08,0.002212399849668145,0.0011061999248340726
powershell_benign_dataset,3893.ps1,0,1,0.011100030137910171,0.0,2.632325273817569e-07,0.0027247234247624874,0.0013623617123812437
powershell_benign_dataset,3894.ps1,0,1,0.0034890543243784843,0.006666666666666667,7.362625655893453e-08,0.0014063770649954677,0.004036521865831068
powershell_benign_dataset,3895.ps1,0,1,0.0018279213657294345,0.01,3.6200581835011934e-07,0.0017339999321848154,0.005866999966092408
powershell_benign_dataset,3896.ps1,0,4,0.0028803436989728996,0.023333333333333334,1.5736895225230218e-07,0.002885491121560335,0.013109412227446835
powershell_benign_dataset,3899.ps1,0,2,0.0064776527508599285,0.0,2.677732273429832e-07,0.003158244537189603,0.0015791222685948014
powershell_benign_dataset,39.ps1,0,0,0.006087520216915582,0.0033333333333333335,8.250181764420153e-08,0.009535581804811954,0.006434457569072644
powershell_benign_dataset,390.ps1,0,4,0.00783654697574528,0.01,2.4684744827864863e-08,0.001436773338355124,0.005718386669177562
powershell_benign_dataset,3900.ps1,0,3,0.0019558227417479303,0.0,3.954331499424442e-09,0.001656245207414031,0.0008281226037070155
powershell_benign_dataset,3901.ps1,0,3,0.009007663768177588,0.0033333333333333335,4.7741401659089177e-08,0.005520406644791365,0.004426869989062349
powershell_benign_dataset,3902.ps1,0,0,0.006419600457744693,0.0033333333333333335,8.635720228822561e-09,0.006429851055145264,0.004881592194239299
powershell_benign_dataset,3903.ps1,0,0,0.00128485645513809,0.0,2.727969504365765e-08,0.016025297343730927,0.008012648671865463
powershell_benign_dataset,3904.ps1,0,2,0.013098610251278245,0.01,3.1976182507118587e-07,0.005935760214924812,0.007967880107462407
powershell_benign_dataset,3905.ps1,0,4,0.017993087922760526,0.0033333333333333335,1.371449660428233e-05,0.00468281377106905,0.004008073552201192
powershell_benign_dataset,3906.ps1,0,2,0.0052272483622936815,0.0,1.7541665630296766e-08,0.0007629657629877329,0.00038148288149386644
powershell_benign_dataset,3907.ps1,0,2,0.020823132761646008,0.0,8.953481940423303e-09,0.013894595205783844,0.006947297602891922
powershell_benign_dataset,3908.ps1,0,0,0.0009179532719001752,0.0,5.09457472121889e-09,0.02304043062031269,0.011520215310156345
powershell_benign_dataset,3909.ps1,0,0,0.019944171678344117,0.0033333333333333335,4.416477622720527e-05,0.01659102365374565,0.009962178493539493
powershell_benign_dataset,391.ps1,0,4,0.018667643356717774,0.0033333333333333335,1.3035087265808614e-08,0.00189540209248662,0.002614367712909977
powershell_benign_dataset,3910.ps1,0,4,0.002403065418833913,0.006666666666666667,7.07043504869153e-07,0.0036208766978234053,0.005143771682245037
powershell_benign_dataset,3911.ps1,0,3,0.003023421958919742,0.0,2.988067497507097e-08,0.013176221400499344,0.006588110700249672
powershell_benign_dataset,3912.ps1,0,1,0.0016743593130783849,0.006666666666666667,1.03302178192873e-08,0.006583687383681536,0.006625177025174102
powershell_benign_dataset,3913.ps1,0,0,0.009489596736837401,0.006666666666666667,1.5784428600125756e-08,0.050546951591968536,0.028606809129317602
powershell_benign_dataset,3914.ps1,0,1,0.002983661848117297,0.013333333333333334,1.1860905080678979e-08,0.0035163455177098513,0.008424839425521594
powershell_benign_dataset,3915.ps1,0,0,0.0021205510835357383,0.0033333333333333335,2.326864180926868e-08,0.02122775837779045,0.012280545855561893
powershell_benign_dataset,3916.ps1,0,0,0.004032933795747151,0.0,4.7522533146221115e-08,0.008498472161591053,0.0042492360807955265
powershell_benign_dataset,3917.ps1,0,0,0.0014219869536969733,0.0,9.795499773208909e-08,0.015398525632917881,0.0076992628164589405
powershell_benign_dataset,3918.ps1,0,4,0.0012092785525318103,0.023333333333333334,5.5768080631595205e-08,0.003952875733375549,0.013643104533354442
powershell_benign_dataset,3919.ps1,0,0,0.07743229902363181,0.023333333333333334,4.0851716844404236e-08,0.022540917620062828,0.02293712547669808
powershell_benign_dataset,392.ps1,0,0,0.005901970889276327,0.023333333333333334,1.1060437022981045e-07,0.0037783628795295954,0.013555848106431465
powershell_benign_dataset,3921.ps1,0,4,0.0010325083543202289,0.0,3.554376170669447e-08,0.004000344313681126,0.002000172156840563
powershell_benign_dataset,3922.ps1,0,1,0.0013197510571277963,0.0,1.5281726593693736e-09,0.012160475365817547,0.006080237682908773
powershell_benign_dataset,3923.ps1,0,1,0.0017727110941846253,0.01,1.0961182016932019e-07,0.01462443545460701,0.012312217727303506
powershell_benign_dataset,3926.ps1,0,3,0.002104147527859088,0.0033333333333333335,3.99753920732898e-08,0.0015542093897238374,0.0024437713615285857
powershell_benign_dataset,3927.ps1,0,3,0.0036157769210185633,0.01,1.1865754650096105e-07,0.0016271849162876606,0.00581359245814383
powershell_benign_dataset,3928.ps1,0,0,0.0019404822921852548,0.0,1.2221190964391344e-07,0.009609737433493137,0.004804868716746569
powershell_benign_dataset,3929.ps1,0,4,0.0007366105389802174,0.0,3.7701207394259245e-08,0.0029773402493447065,0.0014886701246723533
powershell_benign_dataset,393.ps1,0,4,0.27189354828058704,0.043333333333333335,3.0648132677667915e-07,0.026603490114212036,0.034968411723772685
powershell_benign_dataset,3930.ps1,0,4,0.002112101094060733,0.0,1.1052889537230988e-07,0.000986246857792139,0.0004931234288960695
powershell_benign_dataset,3931.ps1,0,0,0.0072193038226768015,0.0,2.4560257643701096e-08,0.020991545170545578,0.010495772585272789
powershell_benign_dataset,3932.ps1,0,3,0.005482832754010097,0.01,1.1478916219085495e-08,0.0014056197833269835,0.005702809891663492
powershell_benign_dataset,3933.ps1,0,0,0.011605506246554143,0.0,1.7213999582986937e-07,0.004756682552397251,0.0023783412761986256
powershell_benign_dataset,3934.ps1,0,3,0.010237902082530247,0.01,9.074567542839655e-07,0.0007134950719773769,0.005356747535988689
powershell_benign_dataset,3935.ps1,0,2,0.00013919312273652355,0.0,4.007376307452515e-09,0.001246604137122631,0.0006233020685613155
powershell_benign_dataset,3936.ps1,0,2,9.758296481461321e-08,0.05,8.254452847826569e-08,0.0018956735730171204,0.02594783678650856
powershell_benign_dataset,3937.ps1,0,1,0.00038623212818945945,0.0033333333333333335,3.8507505001178655e-06,0.0012613702565431595,0.0022973517949382467
powershell_benign_dataset,3938.ps1,0,1,0.00029781858980931124,0.04,3.0036778990759716e-08,0.005890816915780306,0.022945408457890153
powershell_benign_dataset,3939.ps1,0,1,0.004408213876736131,0.0,3.07906075050572e-08,0.0020218638237565756,0.0010109319118782878
powershell_benign_dataset,394.ps1,0,3,0.024917676664489723,0.01,1.1833168986313565e-07,0.0011261007748544216,0.005563050387427211
powershell_benign_dataset,3940.ps1,0,0,0.001979374189147134,0.01,4.0776581277056446e-07,0.007844490930438042,0.008922245465219022
powershell_benign_dataset,3941.ps1,0,0,0.0002286439777349058,0.006666666666666667,6.602539243378098e-07,0.006880844011902809,0.0067737553392847386
powershell_benign_dataset,3942.ps1,0,4,0.008570008321252674,0.0,1.117879456028684e-07,0.0008199032163247466,0.0004099516081623733
powershell_benign_dataset,3943.ps1,0,4,0.00492612647121723,0.04,1.321455798342967e-06,0.004685359075665474,0.022342679537832737
powershell_benign_dataset,3944.ps1,0,1,0.004390241455901407,0.0033333333333333335,8.108378641382708e-07,0.001364473719149828,0.002348903526241581
powershell_benign_dataset,3945.ps1,0,1,0.000160815065359407,0.01,4.803578904099306e-07,0.0018427041359245777,0.005921352067962289
powershell_benign_dataset,3946.ps1,0,4,0.0033656922605364817,0.0,2.2758655877677012e-08,0.005713627673685551,0.0028568138368427753
powershell_benign_dataset,3947.ps1,0,2,0.002046357324092879,0.0,1.034338751634156e-08,0.0028572676237672567,0.0014286338118836284
powershell_benign_dataset,3948.ps1,0,2,0.0002426802844493384,0.0,2.1639030932245096e-08,0.0018515720730647445,0.0009257860365323722
powershell_benign_dataset,3949.ps1,0,3,0.002246669680224283,0.0,7.945920546887337e-09,0.0009773261845111847,0.0004886630922555923
powershell_benign_dataset,395.ps1,0,0,0.4235357866141724,0.4033333333333333,0.00038651851278638706,0.038645584136247635,0.22098945873479048
powershell_benign_dataset,3950.ps1,0,3,0.001254158317172259,0.0033333333333333335,1.5728080914820437e-08,0.002654463052749634,0.002993898193041484
powershell_benign_dataset,3951.ps1,0,0,0.0008028941092373047,0.0,1.9483548825145956e-09,0.00537824584171176,0.00268912292085588
powershell_benign_dataset,3952.ps1,0,0,0.0015178529651057825,0.0,1.0935846253970116e-09,0.03904366493225098,0.01952183246612549
powershell_benign_dataset,3953.ps1,0,4,0.00046510585614875383,0.0,3.789978522094284e-09,0.0013941440265625715,0.0006970720132812858
powershell_benign_dataset,3954.ps1,0,0,0.00334631654332129,0.0,2.2349274968535442e-09,0.042582400143146515,0.021291200071573257
powershell_benign_dataset,3955.ps1,0,2,3.630644775284867e-05,0.02,1.152115827063186e-08,0.001833430607803166,0.010916715303901583
powershell_benign_dataset,3956.ps1,0,1,0.002063901956322941,0.0033333333333333335,1.1626728930989554e-06,0.0011895853094756603,0.002261459321404497
powershell_benign_dataset,3957.ps1,0,0,0.0025142512732825454,0.0033333333333333335,3.895995156409838e-09,0.00504434434697032,0.004188838840151827
powershell_benign_dataset,3958.ps1,0,3,0.01148252312849325,0.0,8.00703277977974e-09,0.0018290552543476224,0.0009145276271738112
powershell_benign_dataset,3959.ps1,0,4,0.008070603778010674,0.0033333333333333335,7.428426401755633e-08,0.0014272585976868868,0.0023802959655101104
powershell_benign_dataset,396.ps1,0,3,0.016590266966317744,0.013333333333333334,7.148090911721958e-08,0.05348650738596916,0.03340992035965125
powershell_benign_dataset,3960.ps1,0,0,0.00015605330688957876,0.14666666666666667,6.885172657324891e-08,0.010616078041493893,0.07864137235408028
powershell_benign_dataset,3961.ps1,0,0,0.015689820040444686,0.0033333333333333335,1.1853803887086862e-05,0.007978538982570171,0.005655936157951753
powershell_benign_dataset,3962.ps1,0,4,0.0037385330414919124,0.006666666666666667,5.918653286316463e-08,0.0014561822172254324,0.00406142444194605
powershell_benign_dataset,3963.ps1,0,2,0.005049556839666956,0.0,6.490724602353631e-08,0.0004922501393593848,0.0002461250696796924
powershell_benign_dataset,3964.ps1,0,0,0.0030856690236052324,0.0033333333333333335,1.0901247768482208e-07,0.012002769857645035,0.007668051595489184
powershell_benign_dataset,3965.ps1,0,1,0.001181806495187191,0.0,2.731830418784459e-08,0.0015663041267544031,0.0007831520633772016
powershell_benign_dataset,3966.ps1,0,2,0.0008660189425601656,0.006666666666666667,3.395664928873452e-08,0.0015885389875620604,0.004127602827114364
powershell_benign_dataset,3967.ps1,0,4,0.005036771264909105,0.013333333333333334,6.446168554473118e-07,0.0025643224362283945,0.007948827884780865
powershell_benign_dataset,3968.ps1,0,1,0.0020097752337178676,0.013333333333333334,1.969703289562144e-06,0.000995734124444425,0.00716453372888888
powershell_benign_dataset,3969.ps1,0,0,0.0031652353828979405,0.0033333333333333335,9.554561943597528e-09,0.004120750352740288,0.003727041843036811
powershell_benign_dataset,397.ps1,0,3,0.07356151951124082,0.02,1.0536045834489035e-07,0.0033056570682674646,0.011652828534133733
powershell_benign_dataset,3970.ps1,0,0,0.01547802998642259,0.0,9.761388330069985e-08,0.004791411571204662,0.002395705785602331
powershell_benign_dataset,3971.ps1,0,0,0.024993070106240335,0.013333333333333334,2.673098849692119e-08,0.038384247571229935,0.025858790452281635
powershell_benign_dataset,3972.ps1,0,4,3.0435784519145077e-08,0.04666666666666667,2.8554062884846953e-06,0.002802017843350768,0.02473434225500872
powershell_benign_dataset,3973.ps1,0,4,0.0008676536904775147,0.0,2.370665011373909e-08,0.0012915479019284248,0.0006457739509642124
powershell_benign_dataset,3974.ps1,0,4,0.0008733918460705711,0.03333333333333333,3.5865786017396747e-07,0.003896730486303568,0.01861503190981845
powershell_benign_dataset,3975.ps1,0,0,0.00618851432514878,0.0,4.2545932161512266e-06,0.0056035760790109634,0.0028017880395054817
powershell_benign_dataset,3976.ps1,0,2,0.005364989960164561,0.0,7.528917209948638e-09,0.0017565764719620347,0.0008782882359810174
powershell_benign_dataset,3977.ps1,0,0,0.00905486845773889,0.0033333333333333335,2.2060380696565484e-08,0.009554393589496613,0.006443863461414973
powershell_benign_dataset,3978.ps1,0,2,1.5739647062566603e-05,0.013333333333333334,4.6394518992900436e-08,0.000951583671849221,0.007142458502591278
powershell_benign_dataset,398.ps1,0,4,0.012282954044608123,0.01,5.2433780392540374e-08,0.007153638638556004,0.008576819319278003
powershell_benign_dataset,3980.ps1,0,2,0.003964561908437236,0.0,1.6138033125446642e-07,0.0014095790684223175,0.0007047895342111588
powershell_benign_dataset,3981.ps1,0,2,0.001669995825194183,0.0033333333333333335,1.866441459543099e-08,0.004203467164188623,0.0037684002487609787
powershell_benign_dataset,3982.ps1,0,0,0.014411219694124573,0.0,1.5171199194418736e-08,0.007158059626817703,0.0035790298134088516
powershell_benign_dataset,3983.ps1,0,4,0.0018500212064985993,0.0,3.8029600330299454e-09,0.0017439505318179727,0.0008719752659089863
powershell_benign_dataset,3984.ps1,0,1,0.012521986184538939,0.0033333333333333335,9.8689391840311e-09,0.0016256456729024649,0.0024794895031178994
powershell_benign_dataset,3985.ps1,0,2,0.006534354295724269,0.0,3.365370232528525e-09,0.0007959308568388224,0.0003979654284194112
powershell_benign_dataset,3986.ps1,0,4,0.0016930255257809777,0.0,1.59895821158834e-08,0.0022059241309762,0.0011029620654881
powershell_benign_dataset,3987.ps1,0,4,0.012999253171376839,0.02666666666666667,1.2277652678399904e-05,0.0015642584767192602,0.014115462571692964
powershell_benign_dataset,3988.ps1,0,2,0.004111622068256901,0.0,2.1346283186770727e-08,0.00057503383141011,0.000287516915705055
powershell_benign_dataset,3989.ps1,0,4,0.0018330878208101939,0.0033333333333333335,2.3226991686701565e-08,0.0027684199158102274,0.0030508766245717807
powershell_benign_dataset,399.ps1,0,2,0.009773960633748422,0.0,5.410472991205197e-09,0.00940447486937046,0.00470223743468523
powershell_benign_dataset,3990.ps1,0,3,0.01986568477311029,0.0,5.519191174350175e-09,0.0020836815237998962,0.0010418407618999481
powershell_benign_dataset,3991.ps1,0,4,0.0034834532506376045,0.02,3.356634119833603e-07,0.001481895218603313,0.010740947609301657
powershell_benign_dataset,3992.ps1,0,0,0.004416387633550552,0.0,9.170725146615078e-09,0.00784860085695982,0.00392430042847991
powershell_benign_dataset,3994.ps1,0,3,0.009404119637298867,0.006666666666666667,2.6837152524002533e-08,0.0011658563744276762,0.003916261520547172
powershell_benign_dataset,3995.ps1,0,0,0.0010348601618980387,0.0,9.141909333541094e-07,0.007722705602645874,0.003861352801322937
powershell_benign_dataset,3996.ps1,0,3,0.008834391547896307,0.016666666666666666,1.449271007520644e-07,0.0019382382743060589,0.009302452470486363
powershell_benign_dataset,3997.ps1,0,2,0.003881317773030794,0.006666666666666667,6.160523226043493e-08,0.0014777586329728365,0.004072212649819752
powershell_benign_dataset,3998.ps1,0,4,0.006424803020052591,0.013333333333333334,2.7398917125046735e-06,0.0023676282726228237,0.00785048080297808
powershell_benign_dataset,3999.ps1,0,4,0.003245155163059483,0.03,4.415089243291846e-06,0.002370688132941723,0.01618534406647086
powershell_benign_dataset,4.ps1,0,2,0.0005874101754227471,0.03,9.143213540388555e-08,0.0036812431644648314,0.016840621582232415
powershell_benign_dataset,40.ps1,0,1,0.003230583596611861,0.0,2.691677620572919e-09,0.0033682864159345627,0.0016841432079672813
powershell_benign_dataset,400.ps1,0,1,0.0525223567602986,0.01,2.2387485693221018e-08,0.007005188148468733,0.008502594074234367
powershell_benign_dataset,4000.ps1,0,1,0.002018528386844317,0.0,5.619849465964723e-09,0.000989900785498321,0.0004949503927491605
powershell_benign_dataset,4001.ps1,0,0,0.0016514560155372023,0.06333333333333334,2.2328538018709563e-07,0.010141554288566113,0.036737443810949726
powershell_benign_dataset,4002.ps1,0,1,0.022862902332678157,0.013333333333333334,4.76348714909533e-06,0.0020163264125585556,0.007674829872945945
powershell_benign_dataset,4003.ps1,0,2,0.00026352938300454895,0.006666666666666667,1.478929611296089e-08,0.0009074200061149895,0.0037870433363908283
powershell_benign_dataset,4004.ps1,0,0,0.016131219882003868,0.013333333333333334,3.8223860488218965e-08,0.00756160169839859,0.010447467515865963
powershell_benign_dataset,4005.ps1,0,3,0.012811625516027506,0.016666666666666666,6.401602306122295e-07,0.004716018680483103,0.010691342673574885
powershell_benign_dataset,4006.ps1,0,4,0.00033782660507266857,0.01,4.3274239305816876e-07,0.0019643958657979965,0.005982197932898998
powershell_benign_dataset,4007.ps1,0,3,0.0008081145215059338,0.0,2.5681396443509807e-08,0.0014006103156134486,0.0007003051578067243
powershell_benign_dataset,4008.ps1,0,4,0.0016779552606311415,0.006666666666666667,1.2250511955969095e-07,0.0021844827570021152,0.004425574711834392
powershell_benign_dataset,4009.ps1,0,3,0.004812286211350959,0.05,1.3512473687426713e-07,0.020869357511401176,0.03543467875570059
powershell_benign_dataset,4011.ps1,0,4,0.004087063277151834,0.0,1.3652127542914224e-08,0.0012702624080702662,0.0006351312040351331
powershell_benign_dataset,4012.ps1,0,3,0.0011161591373105605,0.0,6.044640436470819e-09,0.0093606598675251,0.00468032993376255
powershell_benign_dataset,4013.ps1,0,2,0.8395950936977491,0.11,5.828350908978927e-05,0.030705036595463753,0.07035251829773187
powershell_benign_dataset,4015.ps1,0,4,0.011662919033137525,0.013333333333333334,3.5534648082230005e-08,0.06653942912817001,0.039936381230751675
powershell_benign_dataset,4016.ps1,0,0,0.21279773964138413,0.06333333333333334,0.0035537258361682516,0.12478877604007721,0.09406105468670528
powershell_benign_dataset,4019.ps1,0,3,0.0004949705200762498,0.08,5.673089817486095e-07,0.0011172337690368295,0.040558616884518416
powershell_benign_dataset,402.ps1,0,2,0.027933710386254335,0.18,1.1960035076884086e-07,0.0037237282376736403,0.09186186411883682
powershell_benign_dataset,4020.ps1,0,0,0.0008790621027725576,0.0033333333333333335,1.621781198222406e-08,0.01266163494437933,0.007997484138856332
powershell_benign_dataset,4021.ps1,0,1,0.0017588648849072906,0.02666666666666667,1.812642359540601e-06,0.0018335626227781177,0.014250114644722393
powershell_benign_dataset,4022.ps1,0,1,0.011787116734729637,0.0033333333333333335,2.1544748108359265e-08,0.0018884920282289386,0.0026109126807811363
powershell_benign_dataset,4023.ps1,0,0,0.0001959116589869604,0.016666666666666666,2.7173154424110766e-07,0.01921794004738331,0.017942303357024986
powershell_benign_dataset,4024.ps1,0,0,0.0005443761539127298,0.0033333333333333335,2.3034390592278558e-07,0.003183993510901928,0.003258663422117631
powershell_benign_dataset,4025.ps1,0,2,0.002866420289276942,0.006666666666666667,8.114037079774414e-09,0.00113403401337564,0.0039003503400211535
powershell_benign_dataset,4026.ps1,0,3,0.00270844634274133,0.09333333333333334,0.0010887689741949896,0.0009802748681977391,0.04715680410076554
powershell_benign_dataset,4027.ps1,0,0,0.0026685655962171645,0.013333333333333334,7.765689486064567e-06,0.016873802989721298,0.015103568161527317
powershell_benign_dataset,4028.ps1,0,1,0.0004788174046986128,0.01,3.830400166587537e-08,0.0003979702014476061,0.005198985100723803
powershell_benign_dataset,4029.ps1,0,0,4.909613924657597e-05,0.016666666666666666,7.041560448778884e-08,0.010120570659637451,0.013393618663152059
powershell_benign_dataset,403.ps1,0,1,0.03202594496789885,0.19666666666666666,1.788097264832312e-05,0.007083622273057699,0.10187514446986218
powershell_benign_dataset,4030.ps1,0,1,0.0018300085959923969,0.0,4.158743524103375e-09,0.015013880096375942,0.007506940048187971
powershell_benign_dataset,4031.ps1,0,2,0.00010517842792150178,0.0033333333333333335,1.49473038553249e-08,0.004102085251361132,0.003717709292347233
powershell_benign_dataset,4032.ps1,0,2,0.007560712808091493,0.0,1.6070297513966278e-08,0.0007960264920257032,0.0003980132460128516
powershell_benign_dataset,4033.ps1,0,1,0.0076621684235201794,0.03666666666666667,5.60676276669489e-07,0.0012752065667882562,0.01897093661672746
powershell_benign_dataset,4034.ps1,0,0,0.019143460056124044,0.01,4.653836104523908e-06,0.005311623215675354,0.007655811607837677
powershell_benign_dataset,4035.ps1,0,2,1.0167855521024994e-05,0.013333333333333334,2.3252524023801907e-08,0.0007247790927067399,0.007029056213020037
powershell_benign_dataset,4036.ps1,0,1,0.0004887452377329002,0.0,2.6364589330787487e-09,0.0007125831907615066,0.0003562915953807533
powershell_benign_dataset,4038.ps1,0,3,0.007638193749935217,0.0033333333333333335,1.5656693659652928e-08,0.0023341963533312082,0.002833764843332271
powershell_benign_dataset,4039.ps1,0,2,0.000919894837758655,0.0,6.168799822971071e-09,0.0010005172807723284,0.0005002586403861642
powershell_benign_dataset,404.ps1,0,4,0.008605014513948177,0.006666666666666667,2.2530868697742323e-09,0.0030162096954882145,0.004841438181077441
powershell_benign_dataset,4041.ps1,0,3,0.0001804593247365433,0.02,3.0910859819281815e-08,0.0023843152448534966,0.011192157622426748
powershell_benign_dataset,4042.ps1,0,4,0.0009085176362838277,0.0,2.240812115685428e-09,0.0021968965884298086,0.0010984482942149043
powershell_benign_dataset,4043.ps1,0,4,0.00011206917484362494,0.0033333333333333335,2.839653109107922e-08,0.001879521762020886,0.00260642754767711
powershell_benign_dataset,4045.ps1,0,2,0.0180233055183312,0.006666666666666667,1.4404806735816592e-07,0.004480857402086258,0.005573762034376463
powershell_benign_dataset,4046.ps1,0,4,0.011859875763399409,0.0033333333333333335,5.704357769767531e-09,0.006157481111586094,0.004745407222459714
powershell_benign_dataset,4047.ps1,0,4,0.008941934303596454,0.0033333333333333335,1.1307495772227331e-07,0.011441080830991268,0.007387207082162301
powershell_benign_dataset,4048.ps1,0,4,0.05101429971866136,0.1,1.0070708365127687e-06,0.005585449747741222,0.052792724873870614
powershell_benign_dataset,4049.ps1,0,2,0.026497401160687637,0.056666666666666664,4.522307842546345e-07,0.027757661417126656,0.04221216404189666
powershell_benign_dataset,405.ps1,0,2,0.023411724197702422,0.006666666666666667,2.530447128544856e-09,0.0025287624448537827,0.004597714555760225
powershell_benign_dataset,4050.ps1,0,3,0.003862491618420863,0.023333333333333334,2.3629637739820467e-08,0.03545839339494705,0.02939586336414019
powershell_benign_dataset,4051.ps1,0,2,0.0029102356760786776,0.0,9.491762732577868e-08,0.013286971487104893,0.006643485743552446
powershell_benign_dataset,4052.ps1,0,0,0.0011750336728934099,0.04,3.248106167701146e-07,0.07847349345684052,0.05923674672842026
powershell_benign_dataset,4053.ps1,0,3,0.20199859963325847,0.023333333333333334,2.003481538268113e-06,0.008760174736380577,0.016046754034856954
powershell_benign_dataset,4054.ps1,0,1,0.0070910558127621785,0.02,1.6094750351556777e-07,0.0029038176871836185,0.01145190884359181
powershell_benign_dataset,4055.ps1,0,4,0.34446009430924385,0.02,2.8895350453672565e-06,0.01465724129229784,0.017328620646148922
powershell_benign_dataset,4056.ps1,0,3,0.18215058598960462,0.013333333333333334,1.2779867328529152e-06,0.012429812923073769,0.012881573128203552
powershell_benign_dataset,4057.ps1,0,4,0.0038502408586783515,0.0033333333333333335,5.359676363918611e-09,0.00849185697734356,0.005912595155338447
powershell_benign_dataset,4058.ps1,0,3,0.13545055209316098,0.07666666666666666,3.7766950647824473e-07,0.017177989706397057,0.04692232818653186
powershell_benign_dataset,4059.ps1,0,0,0.014097796682909431,0.03,1.4067602136256338e-07,0.02022218517959118,0.02511109258979559
powershell_benign_dataset,406.ps1,0,4,0.0020589961215776026,0.08333333333333333,8.66216939013819e-06,0.007880053482949734,0.04560669340814153
powershell_benign_dataset,4060.ps1,0,3,0.11147879779815238,0.02,8.625273936962159e-06,0.006051553413271904,0.013025776706635952
powershell_benign_dataset,4061.ps1,0,0,0.16836285717591673,0.02,2.0853947400440585e-05,0.08412297815084457,0.05206148907542229
powershell_benign_dataset,4062.ps1,0,3,0.20820242504524164,0.03666666666666667,6.800929500711034e-06,0.035151753574609756,0.03590921012063821
powershell_benign_dataset,4063.ps1,0,2,0.00660631254554472,0.0,6.427511817873706e-09,0.031050657853484154,0.015525328926742077
powershell_benign_dataset,4064.ps1,0,3,0.03629509388626752,0.02666666666666667,3.5815460920991445e-08,0.0023248805664479733,0.01449577361655732
powershell_benign_dataset,4065.ps1,0,2,0.14475537460266716,0.02,5.205445090590938e-06,0.013693482615053654,0.01684674130752683
powershell_benign_dataset,4066.ps1,0,4,0.026845835833299227,0.0,2.1335185640502077e-08,0.005393351893872023,0.0026966759469360113
powershell_benign_dataset,4067.ps1,0,1,0.1480794178857968,0.0033333333333333335,9.917906044085373e-07,0.014641382731497288,0.00898735803241531
powershell_benign_dataset,4068.ps1,0,1,0.042238445702305796,0.006666666666666667,2.5434617548096854e-07,0.021898234263062477,0.014282450464864573
powershell_benign_dataset,4069.ps1,0,1,0.01584278954763618,0.006666666666666667,7.620387003078579e-08,0.009263872168958187,0.007965269417812428
powershell_benign_dataset,407.ps1,0,2,0.04384513987856138,0.08333333333333333,4.990001455268986e-08,0.003931937739253044,0.043632635536293186
powershell_benign_dataset,4070.ps1,0,2,0.025992572885399724,0.04666666666666667,1.2297924354131927e-06,0.006633643060922623,0.026650154863794646
powershell_benign_dataset,4071.ps1,0,0,0.048594661409504504,0.14,6.820409633120322e-06,0.043294504284858704,0.09164725214242936
powershell_benign_dataset,4072.ps1,0,4,0.06175877180576896,0.06333333333333334,1.4177059917435906e-05,0.004359915852546692,0.033846624592940015
powershell_benign_dataset,4073.ps1,0,1,0.08030777772284554,0.02,1.1021361131980346e-06,0.02316744066774845,0.021583720333874228
powershell_benign_dataset,4074.ps1,0,4,0.007227056859119337,0.016666666666666666,6.328116197681188e-08,0.013003709726035595,0.01483518819635113
powershell_benign_dataset,4075.ps1,0,2,0.005718528702282284,0.0,2.9513759885755636e-08,0.0016386510105803609,0.0008193255052901804
powershell_benign_dataset,4076.ps1,0,3,0.3964157372603164,0.12666666666666668,0.0036126541526189824,0.6405723094940186,0.38361948808034263
powershell_benign_dataset,4077.ps1,0,1,0.06451521931477669,0.01,3.2602946848421866e-07,0.007768640294671059,0.00888432014733553
powershell_benign_dataset,4078.ps1,0,3,0.0270911443514037,0.01,6.126315245077566e-07,0.007184132467955351,0.008592066233977676
powershell_benign_dataset,4079.ps1,0,3,0.24844996463330488,0.06333333333333334,9.125766682586215e-06,0.033407773822546005,0.04837055357793967
powershell_benign_dataset,408.ps1,0,3,0.01804228093649002,0.0033333333333333335,4.555582143564555e-08,0.010141161270439625,0.006737247301886479
powershell_benign_dataset,4080.ps1,0,0,0.28002920396127434,0.03,2.591456396183979e-07,0.10419981926679611,0.06709990963339806
powershell_benign_dataset,4081.ps1,0,4,0.04484174733406556,0.05,3.3620967736937636e-07,0.00179345125798136,0.02589672562899068
powershell_benign_dataset,4082.ps1,0,4,0.13685606650896626,0.006666666666666667,9.103262678385584e-08,0.010634545236825943,0.008650605951746305
powershell_benign_dataset,4083.ps1,0,2,0.11089985201804668,0.006666666666666667,1.6254204224266705e-06,0.025768866762518883,0.016217766714592775
powershell_benign_dataset,4084.ps1,0,4,0.060861099604888814,0.03,1.6844554079472414e-06,0.0040337019599974155,0.017016850979998707
powershell_benign_dataset,4085.ps1,0,0,0.02545919561991807,0.023333333333333334,3.5640341376665005e-05,0.13364237546920776,0.07848785440127055
powershell_benign_dataset,4086.ps1,0,2,0.041843563763641616,0.03666666666666667,2.556860434917127e-05,0.013506977818906307,0.025086822242786487
powershell_benign_dataset,4087.ps1,0,2,0.049130152695342946,0.04666666666666667,2.192603480406952e-07,0.03252534940838814,0.0395960080375274
powershell_benign_dataset,4088.ps1,0,4,0.021449958787497655,0.01,1.2996228471249902e-05,0.008792097680270672,0.009396048840135337
powershell_benign_dataset,4089.ps1,0,2,0.022302372989639507,0.02,3.106620719087067e-07,0.0035818610340356827,0.011790930517017842
powershell_benign_dataset,409.ps1,0,3,0.05151966403710353,0.006666666666666667,3.8710204302526425e-06,0.010664287023246288,0.008665476844956478
powershell_benign_dataset,4090.ps1,0,4,0.07030036439723678,0.07333333333333333,1.744244710871183e-05,0.02064601331949234,0.04698967332641284
powershell_benign_dataset,4091.ps1,0,0,0.006734343660479352,0.006666666666666667,2.8980678443823106e-08,0.028219129890203476,0.017442898278435072
powershell_benign_dataset,4092.ps1,0,1,0.18973129649907902,0.13333333333333333,0.00010363567941113151,0.006625885609537363,0.06997960947143535
powershell_benign_dataset,4093.ps1,0,0,0.2202528350526832,0.043333333333333335,4.151436252963128e-06,0.062438562512397766,0.05288594792286555
powershell_benign_dataset,4094.ps1,0,4,0.18018914673922456,0.17666666666666667,9.738176071288236e-06,0.01207026932388544,0.09436846799527605
powershell_benign_dataset,4095.ps1,0,0,0.030462398152234362,0.0,4.4871916222746047e-07,0.022784071043133736,0.011392035521566868
powershell_benign_dataset,4096.ps1,0,3,0.20384935566029852,0.006666666666666667,2.626882061663269e-06,0.037126325070858,0.021896495868762335
powershell_benign_dataset,4097.ps1,0,2,0.044610536252245536,0.01,1.4615535711746295e-07,0.002352160634472966,0.006176080317236483
powershell_benign_dataset,4098.ps1,0,3,0.051418138963980446,0.006666666666666667,3.375812929713042e-06,0.005651975981891155,0.006159321324278912
powershell_benign_dataset,4099.ps1,0,0,0.05649763747652226,0.03,1.51935767308595e-05,0.016809910535812378,0.02340495526790619
powershell_benign_dataset,41.ps1,0,0,0.0249527045473142,0.0,4.10811394160064e-09,0.008345832116901875,0.004172916058450937
powershell_benign_dataset,410.ps1,0,4,0.024107826769410937,0.0,1.7049533976792425e-06,0.0049493759870529175,0.0024746879935264587
powershell_benign_dataset,4100.ps1,0,3,0.4923963481279721,0.2833333333333333,1.7551891280048741e-06,0.004349083174020052,0.1438412082536767
powershell_benign_dataset,4101.ps1,0,4,0.09072164172214879,0.06666666666666667,3.256284281837853e-06,0.01250601839274168,0.03958634252970417
powershell_benign_dataset,4102.ps1,0,0,0.02150104552900754,0.006666666666666667,2.695731167398515e-07,0.01590024121105671,0.011283453938861689
powershell_benign_dataset,4103.ps1,0,1,0.21993980854501094,0.02,1.1195091761802027e-06,0.012568280100822449,0.016284140050411226
powershell_benign_dataset,4104.ps1,0,3,0.05000637660162363,0.11,4.776680055593996e-05,0.06281527876853943,0.08640763938426971
powershell_benign_dataset,4105.ps1,0,0,0.001484950363548449,0.006666666666666667,4.203763216105029e-07,0.036455389112234116,0.021561027889450392
powershell_benign_dataset,4106.ps1,0,1,0.010795822327636718,0.02666666666666667,1.270618095234674e-07,0.00854367297142744,0.017605169819047056
powershell_benign_dataset,4107.ps1,0,4,0.01202702840974758,0.016666666666666666,1.3305905645157876e-08,0.00561350304633379,0.011140084856500228
powershell_benign_dataset,4108.ps1,0,0,0.05412648156719627,0.02,1.9917744414797913e-06,0.04944846034049988,0.03472423017024994
powershell_benign_dataset,4109.ps1,0,1,0.4054759852310118,0.16,0.0011639783782950582,0.0035511725582182407,0.08177558627910912
powershell_benign_dataset,411.ps1,0,4,0.019238547984758235,0.0033333333333333335,1.646073971239774e-07,0.002794052241370082,0.003063692787351708
powershell_benign_dataset,4110.ps1,0,4,0.05096023705573256,0.21,6.277907333314821e-06,0.007206887938082218,0.1086034439690411
powershell_benign_dataset,4111.ps1,0,3,0.6506732136316558,0.16333333333333333,0.00034988126894353174,0.0022058822214603424,0.08276960777739684
powershell_benign_dataset,4112.ps1,0,4,0.04665739611927049,0.016666666666666666,1.9809002643749065e-07,0.003629028331488371,0.010147847499077519
powershell_benign_dataset,4113.ps1,0,4,0.02140356305400622,0.006666666666666667,3.096376852860662e-07,0.02080809883773327,0.013737382752199968
powershell_benign_dataset,4114.ps1,0,0,0.63688092441294,0.056666666666666664,9.748852824947658e-08,0.2153511941432953,0.13600893040498097
powershell_benign_dataset,4115.ps1,0,0,0.08968220330998745,0.14666666666666667,0.0002177087539547649,0.016647178679704666,0.08165692267318567
powershell_benign_dataset,4116.ps1,0,3,0.030363217861126366,0.0033333333333333335,3.190309802708608e-07,0.0023806001991033554,0.0028569667662183447
powershell_benign_dataset,4117.ps1,0,1,0.43839486391471527,0.09333333333333334,0.00019433414731060103,0.0032450135331600904,0.048289173433246714
powershell_benign_dataset,4118.ps1,0,2,0.02378746166089935,0.04,0.0004883361607565766,0.0038706150371581316,0.021935307518579066
powershell_benign_dataset,4119.ps1,0,2,0.5798425558597281,0.05333333333333334,2.0814522484220743e-06,0.009979150258004665,0.031656241795669005
powershell_benign_dataset,412.ps1,0,2,0.03894752936397582,0.01,1.7853302064199985e-06,0.0069889044389128685,0.008494452219456435
powershell_benign_dataset,4120.ps1,0,3,0.08687348743141919,0.03666666666666667,7.697058897306561e-06,0.002348673064261675,0.01950766986546417
powershell_benign_dataset,4121.ps1,0,4,0.0023153984237352155,0.02666666666666667,7.365475283615534e-07,0.003672346705570817,0.015169506686118743
powershell_benign_dataset,4122.ps1,0,0,0.03136999482706686,0.04,5.17017437730518e-08,0.043030887842178345,0.041515443921089176
powershell_benign_dataset,4123.ps1,0,0,0.05257946515933549,0.03333333333333333,8.879145693859139e-08,0.03397426754236221,0.03365380043784777
powershell_benign_dataset,4124.ps1,0,4,0.09170618690779316,0.08,1.2874316700023554e-05,0.015661532059311867,0.047830766029655934
powershell_benign_dataset,4125.ps1,0,2,0.16323653496433996,0.05333333333333334,5.287520054686762e-07,0.004100289195775986,0.02871681126455466
powershell_benign_dataset,4126.ps1,0,1,0.53186819384197,0.09333333333333334,9.83655182963659e-07,0.018811069428920746,0.05607220138112704
powershell_benign_dataset,4127.ps1,0,3,0.017528637015662648,0.0033333333333333335,7.377468625962213e-08,0.02419978193938732,0.013766557636360328
powershell_benign_dataset,4128.ps1,0,0,0.0838465699577823,0.04666666666666667,5.2594264537480664e-05,0.026570023968815804,0.03661834531774123
powershell_benign_dataset,4129.ps1,0,4,0.029759250939522905,0.05333333333333334,1.6034679455754913e-07,0.003372772829607129,0.028353053081470233
powershell_benign_dataset,413.ps1,0,1,0.0020330749983333315,0.006666666666666667,1.4431727355997779e-08,0.0019830612000077963,0.004324863933337232
powershell_benign_dataset,4130.ps1,0,2,0.0012166165336146351,0.03666666666666667,2.8954860790747984e-07,0.007822173647582531,0.0222444201571246
powershell_benign_dataset,4131.ps1,0,1,0.01625397301977645,0.02,2.550427211044472e-07,0.008229241706430912,0.014114620853215456
powershell_benign_dataset,4132.ps1,0,0,0.07082517683266308,0.0,4.8988310818909595e-08,0.04213878884911537,0.021069394424557686
powershell_benign_dataset,4133.ps1,0,2,0.005728245611291999,0.04,2.937860810201945e-06,0.016292616724967957,0.02814630836248398
powershell_benign_dataset,4134.ps1,0,2,0.002564575009598367,0.006666666666666667,2.166073629201212e-06,0.0020866452250629663,0.004376655945864817
powershell_benign_dataset,4135.ps1,0,4,0.14373373421981764,0.08333333333333333,9.693813317343463e-06,0.004945145919919014,0.04413923962662617
powershell_benign_dataset,4136.ps1,0,1,0.16285905139034032,0.013333333333333334,3.57939172550387e-07,0.03474636375904083,0.024039848546187084
powershell_benign_dataset,4137.ps1,0,2,0.007129188300350782,0.016666666666666666,3.3864882302815876e-07,0.0013127763522788882,0.008989721509472777
powershell_benign_dataset,4138.ps1,0,2,0.007398452727700052,0.0,1.0701172054064796e-07,0.0228941161185503,0.01144705805927515
powershell_benign_dataset,4139.ps1,0,4,0.5450024117207568,0.09333333333333334,1.3617669434305368e-05,0.022169100120663643,0.05775121672699849
powershell_benign_dataset,414.ps1,0,4,0.0034718497070352007,0.0033333333333333335,1.9173988709989465e-08,0.0017548600444570184,0.002544096688895176
powershell_benign_dataset,4140.ps1,0,3,0.03240387562184194,0.016666666666666666,8.652851225329511e-09,0.01318777073174715,0.014927218699206908
powershell_benign_dataset,4141.ps1,0,3,0.13084879510657071,0.03,1.931776868636173e-05,0.00555863231420517,0.017779316157102584
powershell_benign_dataset,4142.ps1,0,1,0.2844441431590967,0.02,1.3491522582034946e-07,0.007295242510735989,0.013647621255367995
powershell_benign_dataset,4143.ps1,0,4,0.02739664330662582,0.016666666666666666,8.43277494288848e-08,0.012035218998789787,0.014350942832728227
powershell_benign_dataset,4144.ps1,0,1,0.04083040762915006,0.02666666666666667,1.7144389650121867e-07,0.0026164851151406765,0.014641575890903672
powershell_benign_dataset,4145.ps1,0,1,0.2638190525937973,0.19666666666666666,7.4501515236982e-07,0.026784051209688187,0.11172535893817742
powershell_benign_dataset,4146.ps1,0,2,0.10458636972842979,0.016666666666666666,1.5779155193914566e-05,0.026358772069215775,0.02151271936794122
powershell_benign_dataset,4147.ps1,0,3,0.029707591721618323,0.006666666666666667,1.9804749317052747e-07,0.0018503430765122175,0.004258504871589443
powershell_benign_dataset,4148.ps1,0,4,0.25645111931771025,0.15333333333333332,1.3675506278731468e-05,0.013506482355296612,0.08341990784431497
powershell_benign_dataset,4149.ps1,0,3,0.04450307494631618,0.03666666666666667,5.21807199568401e-08,0.001806506421416998,0.019236586544041832
powershell_benign_dataset,415.ps1,0,4,0.0006118327681330853,0.013333333333333334,1.0143104020852883e-08,0.012259519658982754,0.012796426496158045
powershell_benign_dataset,4150.ps1,0,0,0.02179290453659591,0.006666666666666667,2.1082364425886167e-08,0.01790400967001915,0.012285338168342909
powershell_benign_dataset,4151.ps1,0,0,0.04940329648894965,0.21333333333333335,0.008995838239492637,0.04657049849629402,0.1299519159148137
powershell_benign_dataset,4152.ps1,0,3,0.028861009799268617,0.07666666666666666,1.1691374965590248e-05,0.004208719823509455,0.04043769324508806
powershell_benign_dataset,4153.ps1,0,2,0.30862024237222174,0.06333333333333334,8.454699615733e-07,0.008171943947672844,0.03575263864050309
powershell_benign_dataset,4154.ps1,0,0,0.009003249061067618,0.05,3.483361784211584e-07,0.023370014503598213,0.03668500725179911
powershell_benign_dataset,4155.ps1,0,3,0.012618081886641434,0.0,1.3254424490851853e-08,0.012050565332174301,0.006025282666087151
powershell_benign_dataset,4156.ps1,0,0,0.1638593635436414,0.10333333333333333,1.384159235629799e-05,0.08564673364162445,0.09449003348747889
powershell_benign_dataset,4157.ps1,0,3,0.27333199120902646,0.06666666666666667,0.0003919421941540487,0.0030069751664996147,0.03483682091658314
powershell_benign_dataset,4158.ps1,0,1,0.014752093133586486,0.0,1.7169864463418008e-09,0.016477499157190323,0.008238749578595161
powershell_benign_dataset,4159.ps1,0,4,0.1247308547894204,0.23,0.00029481500635510733,0.009697159752249718,0.11984857987612486
powershell_benign_dataset,416.ps1,0,4,0.036381586473558644,0.07666666666666666,7.801023844444503e-06,0.029559703543782234,0.05311318510522445
powershell_benign_dataset,4160.ps1,0,3,0.05146452344873867,0.19333333333333333,0.00012737844879423505,0.004360574763268232,0.09884695404830078
powershell_benign_dataset,4161.ps1,0,1,0.01862827715561048,0.06333333333333334,2.1296389801942503e-07,0.00218559498898685,0.032759464161160094
powershell_benign_dataset,4162.ps1,0,3,0.01969562090468733,0.0,8.410735484457481e-07,0.10800568759441376,0.05400284379720688
powershell_benign_dataset,4163.ps1,0,0,0.12343936948244505,0.023333333333333334,1.5184367755172318e-06,0.046959955245256424,0.03514664428929488
powershell_benign_dataset,4164.ps1,0,2,0.011710345111311584,0.006666666666666667,4.333064917925526e-08,0.14757052063941956,0.0771185936530431
powershell_benign_dataset,4165.ps1,0,2,0.04206080885608247,0.04666666666666667,1.0270881159494105e-06,0.0021112363319844007,0.024388951499325535
powershell_benign_dataset,4166.ps1,0,0,0.2257657210347064,0.17,0.0005298559642217202,0.146909698843956,0.15845484942197802
powershell_benign_dataset,4167.ps1,0,1,0.026218237265306036,0.0033333333333333335,2.875938800810187e-07,0.005885145626962185,0.0046092394801477594
powershell_benign_dataset,4168.ps1,0,4,0.08844607449608144,0.04,2.2336359469098293e-07,0.008363790810108185,0.024181895405054093
powershell_benign_dataset,4169.ps1,0,3,0.14548348360358063,0.05333333333333334,3.877297903605743e-06,0.021037032827734947,0.037185183080534145
powershell_benign_dataset,4170.ps1,0,3,0.07729581537273832,0.0,4.965860678372372e-07,0.006837917026132345,0.0034189585130661726
powershell_benign_dataset,4171.ps1,0,0,0.6323094429228382,0.3433333333333333,0.0017352611804914203,0.04017576575279236,0.19175454954306284
powershell_benign_dataset,4172.ps1,0,4,0.12573623463950825,0.013333333333333334,4.629604614925228e-08,0.017427830025553703,0.01538058167944352
powershell_benign_dataset,4173.ps1,0,1,0.21223120456176553,0.02,2.684943408017204e-07,0.016229351982474327,0.018114675991237165
powershell_benign_dataset,4174.ps1,0,3,0.6727371311795893,0.18333333333333332,2.3446935139949802e-06,0.008655880577862263,0.09599460695559779
powershell_benign_dataset,4175.ps1,0,0,0.06434822101852587,0.04666666666666667,3.0991864844421074e-07,0.02414247952401638,0.03540457309534152
powershell_benign_dataset,4176.ps1,0,1,0.06033202094579243,0.0,4.0779917422399194e-07,0.001552545465528965,0.0007762727327644825
powershell_benign_dataset,4177.ps1,0,4,0.012915225185320348,0.023333333333333334,5.8143617631392e-08,0.0035351437982171774,0.013434238565775256
powershell_benign_dataset,4178.ps1,0,2,0.018629354951888714,0.0,1.582960265209173e-06,0.0014640521258115768,0.0007320260629057884
powershell_benign_dataset,4179.ps1,0,1,0.16911550195846015,0.07,1.249145740300682e-05,0.001843810430727899,0.03592190521536395
powershell_benign_dataset,418.ps1,0,4,0.036820226568681495,0.07333333333333333,4.5076138006869015e-05,0.00881072599440813,0.04107202966387073
powershell_benign_dataset,4180.ps1,0,1,0.0062594381711181665,0.0,9.281422686510205e-08,0.002283121459186077,0.0011415607295930386
powershell_benign_dataset,4181.ps1,0,4,0.19730399027794515,0.24666666666666667,0.006722106001719686,0.011793849058449268,0.12923025786255798
powershell_benign_dataset,4182.ps1,0,4,0.10845311067407437,0.01,1.011462038164423e-06,0.005627339705824852,0.007813669852912427
powershell_benign_dataset,4183.ps1,0,0,0.03236467239363453,0.023333333333333334,1.3638323807578838e-07,0.03202860429883003,0.02768096881608168
powershell_benign_dataset,4184.ps1,0,2,0.012462936617149143,0.023333333333333334,1.568574934273577e-07,0.11207250505685806,0.0677029191950957
powershell_benign_dataset,4185.ps1,0,1,0.03369182302191754,0.013333333333333334,1.0814942081753513e-08,0.02167617715895176,0.017504755246142548
powershell_benign_dataset,4186.ps1,0,1,0.027906993406000207,0.01,1.4012425675281633e-07,0.0019168886356055737,0.005958444317802787
powershell_benign_dataset,4187.ps1,0,3,0.10088460114547146,0.03666666666666667,1.9786309657462676e-07,0.003531421534717083,0.020099044100691875
powershell_benign_dataset,4188.ps1,0,1,0.23369224127314742,0.056666666666666664,3.845507810191959e-06,0.3170628547668457,0.18686476071675617
powershell_benign_dataset,4189.ps1,0,3,0.03818958309090739,0.19333333333333333,0.0005544392702453371,0.0032775341533124447,0.09830543374332289
powershell_benign_dataset,4190.ps1,0,3,0.20255498208743436,0.06,7.522478298087389e-06,0.009126085788011551,0.034563042894005774
powershell_benign_dataset,4191.ps1,0,2,0.0038390701301816463,0.0,2.4191352681413133e-07,0.005123583134263754,0.002561791567131877
powershell_benign_dataset,4192.ps1,0,4,0.010854790402985075,0.03,2.9258441094973426e-07,0.00900941714644432,0.01950470857322216
powershell_benign_dataset,4193.ps1,0,0,0.5035943278678692,0.14,8.600599666888445e-05,0.04848654195666313,0.09424327097833157
powershell_benign_dataset,4195.ps1,0,4,0.028256137977967045,0.05,6.531583379902095e-07,0.0065762195736169815,0.028288109786808492
powershell_benign_dataset,4196.ps1,0,4,0.13203540226470015,0.013333333333333334,5.4037624002011955e-06,0.020195530727505684,0.01676443203041951
powershell_benign_dataset,4197.ps1,0,3,0.01067233477757599,0.04666666666666667,5.17984828896082e-06,0.0015202073846012354,0.024093437025633952
powershell_benign_dataset,4198.ps1,0,4,0.015673119398794264,0.01,7.989114518114289e-08,0.001339581562206149,0.005669790781103075
powershell_benign_dataset,4199.ps1,0,0,0.10609044663651925,0.006666666666666667,1.1746290145006369e-06,0.01789015345275402,0.012278410059710344
powershell_benign_dataset,42.ps1,0,0,0.016911934871051797,0.0033333333333333335,2.1524096659896915e-08,0.011188967153429985,0.0072611502433816595
powershell_benign_dataset,420.ps1,0,0,0.018982856880394118,0.023333333333333334,2.513393278817241e-07,0.10471843928098679,0.06402588630716007
powershell_benign_dataset,4200.ps1,0,1,0.018993990571254855,0.016666666666666666,1.1089314028711201e-07,0.015342431142926216,0.01600454890479644
powershell_benign_dataset,4201.ps1,0,1,0.06852731824638451,0.0,4.208487057095525e-07,0.010854574851691723,0.0054272874258458614
powershell_benign_dataset,4202.ps1,0,0,0.03971949656626337,0.043333333333333335,1.0957730737393602e-06,0.01895240694284439,0.031142870138088863
powershell_benign_dataset,4203.ps1,0,0,0.1403555047866524,0.016666666666666666,1.1470699325252244e-06,0.03442932665348053,0.025547996660073596
powershell_benign_dataset,4204.ps1,0,4,0.17161861339889498,0.04,3.4025639398844375e-06,0.01214313693344593,0.026071568466722966
powershell_benign_dataset,4205.ps1,0,3,0.008272366771353545,0.13333333333333333,5.9349592107975235e-08,0.0056848772801458836,0.06950910530673961
powershell_benign_dataset,4206.ps1,0,0,0.22373503079554116,0.02666666666666667,3.13291357129622e-07,0.026619017124176025,0.02664284189542135
powershell_benign_dataset,4207.ps1,0,4,0.10916616756874227,0.14666666666666667,2.2607773589194224e-05,0.34437063336372375,0.2455186500151952
powershell_benign_dataset,4208.ps1,0,1,0.9004570464080375,0.6333333333333333,0.9538376864377734,0.1958305835723877,0.4145819584528605
powershell_benign_dataset,4209.ps1,0,0,0.03682800127358454,0.4633333333333333,0.0019318478844873332,0.2335633486509323,0.34844834099213284
powershell_benign_dataset,4210.ps1,0,2,0.9994349714063802,0.85,0.9916066132910245,0.9375181794166565,0.8937590897083283
powershell_benign_dataset,4211.ps1,0,1,0.80170399885645,0.52,0.8462482125114624,0.5904556512832642,0.5552278256416321
powershell_benign_dataset,4212.ps1,0,3,0.997924278863309,0.7166666666666667,0.9990626762248106,0.9375029802322388,0.8270848234494528
powershell_benign_dataset,4213.ps1,0,4,0.9113276500349962,0.8166666666666667,0.999852589652976,0.7086052298545837,0.7626359482606252
powershell_benign_dataset,4214.ps1,0,1,0.3544725108431096,0.51,0.8681871736141993,0.45304223895072937,0.4815211194753647
powershell_benign_dataset,4215.ps1,0,4,0.9996064217580264,0.36,0.00012789676538124459,0.647280752658844,0.5036403763294219
powershell_benign_dataset,4216.ps1,0,1,0.33645246639393755,0.18666666666666668,0.0010821516306552053,0.4011308252811432,0.2938987459739049
powershell_benign_dataset,4217.ps1,0,4,0.6897295112626788,0.56,0.9590977022288439,0.4086032211780548,0.48430161058902743
powershell_benign_dataset,4218.ps1,0,1,0.7257957202369281,0.33,0.0014910096192807167,0.2967261075973511,0.3133630537986756
powershell_benign_dataset,4219.ps1,0,4,0.7414669214352959,0.9033333333333333,0.9999884713127434,0.885845422744751,0.8945893780390421
powershell_benign_dataset,422.ps1,0,0,0.09067183077155797,0.18,0.0017506752804300723,0.025622567161917686,0.10281128358095884
powershell_benign_dataset,4220.ps1,0,2,0.006858163368563667,0.0,1.8670715319781767e-07,0.017562858760356903,0.008781429380178452
powershell_benign_dataset,4221.ps1,0,1,0.8860636956294213,0.44,0.0013901916457333483,0.27880188822746277,0.35940094411373136
powershell_benign_dataset,4222.ps1,0,3,0.17968573995823814,0.44333333333333336,0.01238012649205309,0.06818220019340515,0.25575776676336925
powershell_benign_dataset,4223.ps1,0,4,0.008234629474386709,0.006666666666666667,2.1826456680944685e-08,0.049780890345573425,0.028223778506120047
powershell_benign_dataset,4224.ps1,0,3,0.863314268801183,0.81,0.9998237425854373,0.9028287529945374,0.8564143764972687
powershell_benign_dataset,4225.ps1,0,1,0.10226700583026042,0.16666666666666666,0.0016993338652521465,0.12596341967582703,0.14631504317124683
powershell_benign_dataset,4226.ps1,0,2,0.016748112386741506,0.16,1.9658513219746703e-05,0.052347633987665176,0.10617381699383259
powershell_benign_dataset,4227.ps1,0,3,0.10922303727645892,0.5,0.0014568656137329584,0.4577842652797699,0.47889213263988495
powershell_benign_dataset,4228.ps1,0,3,0.13591730953106249,0.006666666666666667,1.1049736553176349e-05,0.015188121236860752,0.01092739395176371
powershell_benign_dataset,4229.ps1,0,4,0.07970819147649261,0.09333333333333334,7.789213559149283e-07,0.030432235449552536,0.06188278439144294
powershell_benign_dataset,4230.ps1,0,3,0.05791580328377098,0.6,0.9996975116803223,0.9013910889625549,0.7506955444812775
powershell_benign_dataset,4231.ps1,0,3,0.046946439151080224,0.19333333333333333,2.2291993419094256e-06,0.012249603867530823,0.10279146860043208
powershell_benign_dataset,4232.ps1,0,3,0.10336907701841103,0.03333333333333333,2.854964923680196e-05,0.029022498056292534,0.031177915694812933
powershell_benign_dataset,4233.ps1,0,4,0.7462765284308005,0.35333333333333333,0.0008098513513792461,0.2369394749403,0.29513640413681663
powershell_benign_dataset,4234.ps1,0,0,0.16310969869727243,0.31666666666666665,0.0003880425654591117,0.23848308622837067,0.27757487644751866
powershell_benign_dataset,4236.ps1,0,1,0.6310891125421243,0.2966666666666667,0.02525397972845197,0.7979974150657654,0.547332040866216
powershell_benign_dataset,4237.ps1,0,4,0.06757639782983094,0.13666666666666666,9.071646995086936e-07,0.12073205411434174,0.1286993603905042
powershell_benign_dataset,4238.ps1,0,0,0.06398657397551766,0.23666666666666666,0.00010890927049509221,0.0661236122250557,0.1513951394458612
powershell_benign_dataset,4239.ps1,0,4,0.12345981268843688,0.08666666666666667,3.2770144098982613e-06,0.059290144592523575,0.07297840562959512
powershell_benign_dataset,424.ps1,0,4,0.029260853701454835,0.18666666666666668,1.4132536958383595e-06,0.0050038606859743595,0.09583526367632052
powershell_benign_dataset,4240.ps1,0,3,0.03122436692422505,0.06,0.0005935335767206505,0.5877335667610168,0.32386678338050845
powershell_benign_dataset,4241.ps1,0,0,0.0030884935997435746,0.11666666666666667,2.0219130275324e-06,0.10102782398462296,0.10884724532564481
powershell_benign_dataset,4242.ps1,0,3,0.18943721047017462,0.32666666666666666,0.0019264252839864006,0.475702166557312,0.40118441661198934
powershell_benign_dataset,4243.ps1,0,1,0.803797391042581,0.7933333333333333,0.9998364524830794,0.9149554371833801,0.8541443852583568
powershell_benign_dataset,4244.ps1,0,2,0.009175782672294398,0.006666666666666667,5.767710892341356e-08,0.048908159136772156,0.027787412901719412
powershell_benign_dataset,4245.ps1,0,1,0.32919500551782316,0.21,0.0015105892385509992,0.41751518845558167,0.3137575942277908
powershell_benign_dataset,4247.ps1,0,4,0.013717133764152373,0.07333333333333333,2.976587307787129e-06,0.028078023344278336,0.050705678338805835
powershell_benign_dataset,4248.ps1,0,0,0.1034384144333876,0.56,0.9192508419454978,0.47386980056762695,0.5169349002838135
powershell_benign_dataset,4249.ps1,0,0,0.007037080177043859,0.31,0.0005428943562190933,0.28631073236465454,0.2981553661823273
powershell_benign_dataset,4250.ps1,0,2,0.9337115119245601,0.32,0.0016043590121294304,0.9657072424888611,0.6428536212444306
powershell_benign_dataset,4251.ps1,0,3,0.05545736990938666,0.47333333333333333,0.003973128715596616,0.6375182867050171,0.5554258100191752
powershell_benign_dataset,4252.ps1,0,3,0.9791631245729848,0.64,0.8930658703808272,0.968629002571106,0.804314501285553
powershell_benign_dataset,4254.ps1,0,1,0.02711022925351324,0.10666666666666667,9.274668465183235e-07,0.004136210307478905,0.05540143848707279
powershell_benign_dataset,4255.ps1,0,1,0.13257974853196602,0.16666666666666666,9.467423075546868e-05,0.13465240597724915,0.1506595363219579
powershell_benign_dataset,4256.ps1,0,3,0.18958775403238678,0.27666666666666667,9.534447877690696e-05,0.26942178606987,0.2730442263682683
powershell_benign_dataset,4257.ps1,0,4,0.08237599123224892,0.12,0.00041793992362301556,0.05170908570289612,0.08585454285144806
powershell_benign_dataset,4258.ps1,0,2,0.03283562634985305,0.05,1.254901239401471e-05,0.02417205460369587,0.037086027301847936
powershell_benign_dataset,4259.ps1,0,2,0.17246101249120752,0.25666666666666665,0.00010957821661419263,0.00764163164421916,0.1321541491554429
powershell_benign_dataset,426.ps1,0,1,0.050871646661466895,0.24333333333333335,4.972890717678309e-05,0.003625631332397461,0.1234794823328654
powershell_benign_dataset,4260.ps1,0,2,0.13359310209011643,0.02666666666666667,3.706322697199167e-07,0.2910662591457367,0.15886646290620168
powershell_benign_dataset,4261.ps1,0,3,5.122216153968599e-07,0.03666666666666667,1.6099963421992667e-07,0.024323808029294014,0.03049523734798034
powershell_benign_dataset,4262.ps1,0,3,0.29861722675255636,0.05333333333333334,0.0005574724808327606,0.08797578513622284,0.07065455923477809
powershell_benign_dataset,4263.ps1,0,2,0.5098472755372213,0.6233333333333333,0.9887543297847055,0.7156078219413757,0.6694705776373545
powershell_benign_dataset,4264.ps1,0,0,0.9898767424219914,0.88,0.9998586445903059,0.9367841482162476,0.9083920741081237
powershell_benign_dataset,4265.ps1,0,3,0.024711657332191383,0.26666666666666666,7.94486032905067e-06,0.07304370403289795,0.1698551853497823
powershell_benign_dataset,4266.ps1,0,0,0.046846290625891955,0.5533333333333333,0.8375287900626939,0.6954918503761292,0.6244125918547312
powershell_benign_dataset,4267.ps1,0,2,0.20164251726145935,0.30333333333333334,0.00898402949660882,0.2611813247203827,0.282257329026858
powershell_benign_dataset,4268.ps1,0,2,0.01750870714777931,0.0033333333333333335,7.515345068317767e-09,0.03097580187022686,0.017154567601780097
powershell_benign_dataset,4269.ps1,0,1,0.997078724987543,0.48,0.674360421185388,0.7839514017105103,0.6319757008552551
powershell_benign_dataset,427.ps1,0,4,0.005327028427431047,0.0033333333333333335,7.327954971938093e-09,0.0029539328534156084,0.003143633093374471
powershell_benign_dataset,4270.ps1,0,2,0.006165624511822788,0.006666666666666667,1.5601859006951296e-07,0.052282195538282394,0.02947443110247453
powershell_benign_dataset,4272.ps1,0,1,0.4054672859026474,0.06333333333333334,0.00015853846400396335,0.00864630751311779,0.035989820423225564
powershell_benign_dataset,4273.ps1,0,1,0.9971192786274492,0.44666666666666666,0.02689766406716893,0.8849563002586365,0.6658114834626516
powershell_benign_dataset,4274.ps1,0,1,0.9999342887342848,0.5166666666666667,0.03429669259307665,0.892073929309845,0.7043702979882558
powershell_benign_dataset,4276.ps1,0,1,0.028300032020078886,0.0,5.077807373193517e-07,0.050048474222421646,0.025024237111210823
powershell_benign_dataset,4279.ps1,0,0,0.7112818046093343,0.48,0.01448498060642695,0.2955731749534607,0.38778658747673034
powershell_benign_dataset,428.ps1,0,4,0.013553336471289942,0.03333333333333333,5.662072608325531e-07,0.005055710207670927,0.01919452177050213
powershell_benign_dataset,4280.ps1,0,3,0.00020513124936263988,0.016666666666666666,3.6221970066718244e-06,0.007674886379390955,0.01217077652302881
powershell_benign_dataset,4281.ps1,0,0,0.9889656602453595,0.4166666666666667,7.372358028550064e-05,0.8961114883422852,0.656389077504476
powershell_benign_dataset,4282.ps1,0,2,0.02913662263017517,0.5733333333333334,0.0383342726177239,0.21558338403701782,0.3944583586851756
powershell_benign_dataset,4283.ps1,0,3,0.022301830799949098,0.25,0.9948863471672164,0.662086009979248,0.456043004989624
powershell_benign_dataset,4284.ps1,0,0,0.02849048365768071,0.07666666666666666,1.799888344213476e-07,0.04515858367085457,0.060912625168760615
powershell_benign_dataset,4285.ps1,0,1,0.32790310385685656,0.21,0.0015105892385509992,0.3941916227340698,0.3020958113670349
powershell_benign_dataset,4286.ps1,0,0,0.9363544347375626,0.38666666666666666,0.050512609476478024,0.5228090286254883,0.4547378476460775
powershell_benign_dataset,4287.ps1,0,4,0.9991723560826921,0.54,0.15311832429249633,0.8558207750320435,0.6979103875160217
powershell_benign_dataset,4288.ps1,0,2,5.771244406523255e-06,0.23,1.1813729783629194e-06,0.22606654465198517,0.22803327232599258
powershell_benign_dataset,4289.ps1,0,0,0.4153165982421758,0.37333333333333335,0.1042066224545057,0.033596210181713104,0.20346477175752323
powershell_benign_dataset,429.ps1,0,0,0.00047951516587782473,0.013333333333333334,8.041303699228746e-08,0.012005954049527645,0.01266964369143049
powershell_benign_dataset,4290.ps1,0,4,0.29836132652271774,0.37333333333333335,0.0002787817608325554,0.10442683100700378,0.23888008217016857
powershell_benign_dataset,4291.ps1,0,4,0.01112675393329863,0.03666666666666667,8.24399249329712e-08,0.005237999372184277,0.02095233301942547
powershell_benign_dataset,4292.ps1,0,1,0.008376834209361222,0.11333333333333333,8.601126703373543e-06,0.008688372559845448,0.06101085294658939
powershell_benign_dataset,4294.ps1,0,2,0.030085914527222424,0.05333333333333334,1.4457380152022646e-05,0.03945762664079666,0.046395479987065
powershell_benign_dataset,4295.ps1,0,4,0.0001423638839013998,0.03,5.884657128494077e-09,0.0019492092542350292,0.015974604627117514
powershell_benign_dataset,4296.ps1,0,0,8.838408061976711e-05,0.0033333333333333335,1.1232109514965933e-08,0.004030588082969189,0.0036819607081512613
powershell_benign_dataset,4297.ps1,0,1,3.838245530952623e-06,0.01,9.43278715847127e-09,0.0013189750025048852,0.005659487501252443
powershell_benign_dataset,4298.ps1,0,0,0.025531259597828475,0.006666666666666667,1.8611336955116943e-06,0.00975257158279419,0.008209619124730429
powershell_benign_dataset,4299.ps1,0,2,0.0004181202092801268,0.0,8.970189989358477e-09,0.000916021759621799,0.0004580108798108995
powershell_benign_dataset,43.ps1,0,0,0.09688217820883657,0.12666666666666668,9.109514524980956e-08,0.027132706716656685,0.07689968669166168
powershell_benign_dataset,4300.ps1,0,0,0.0014858087604568966,0.0033333333333333335,2.7446696379611507e-08,0.016196487471461296,0.009764910402397315
powershell_benign_dataset,4301.ps1,0,2,0.00014878906494941352,0.0033333333333333335,9.379716604541635e-10,0.0008820110815577209,0.0021076722074455274
powershell_benign_dataset,4302.ps1,0,3,0.009723271108573359,0.016666666666666666,1.3036128891783135e-08,0.002849297132343054,0.00975798189950486
powershell_benign_dataset,4303.ps1,0,4,0.002868103075155171,0.0,1.0404514595001995e-08,0.0013775135157629848,0.0006887567578814924
powershell_benign_dataset,4304.ps1,0,3,0.014427621699253617,0.02666666666666667,5.873999394289598e-08,0.0022906577214598656,0.014478662194063267
powershell_benign_dataset,4305.ps1,0,4,2.809031385125552e-08,0.02,8.14648354691695e-09,0.001538516255095601,0.0107692581275478
powershell_benign_dataset,4306.ps1,0,1,1.722435896579449e-05,0.01,5.298130306508325e-09,0.0010475877206772566,0.005523793860338628
powershell_benign_dataset,4307.ps1,0,2,0.0002554457612502432,0.0,3.472278923355601e-09,0.0013271385105326772,0.0006635692552663386
powershell_benign_dataset,4308.ps1,0,2,0.0009577373604125163,0.02666666666666667,1.0185097057914776e-06,0.003950289450585842,0.015308478058626255
powershell_benign_dataset,4309.ps1,0,2,2.824064608241139e-05,0.013333333333333334,4.657689827329793e-09,0.000802114955149591,0.007067724144241463
powershell_benign_dataset,4310.ps1,0,4,0.003060798710636204,0.0,1.6862486322919861e-07,0.0033137844875454903,0.0016568922437727451
powershell_benign_dataset,4311.ps1,0,0,0.0017207239107416322,0.0033333333333333335,7.530589708618113e-09,0.008532575331628323,0.005932954332480828
powershell_benign_dataset,4312.ps1,0,2,0.00012250623853201595,0.016666666666666666,5.193915324195374e-07,0.007662131916731596,0.012164399291699131
powershell_benign_dataset,4313.ps1,0,3,0.0023244716644522556,0.0,3.0103988887592333e-09,0.0033570730593055487,0.0016785365296527743
powershell_benign_dataset,4314.ps1,0,2,2.518768395032633e-11,0.02666666666666667,1.0388807343367307e-08,0.0011622792808339,0.013914472973750284
powershell_benign_dataset,4315.ps1,0,0,0.00032468022817818456,0.013333333333333334,3.516257872656731e-09,0.009442245587706566,0.011387789460519951
powershell_benign_dataset,4316.ps1,0,3,0.0009376099429993347,0.16333333333333333,1.2467070872202015e-05,0.010312898084521294,0.08682311570892731
powershell_benign_dataset,4317.ps1,0,4,6.735192584485716e-07,0.043333333333333335,7.371511581585963e-09,0.0009202096844092011,0.022126771508871268
powershell_benign_dataset,4318.ps1,0,1,4.155593856357311e-06,0.01,1.2752771602331819e-08,0.001680188113823533,0.005840094056911767
powershell_benign_dataset,4319.ps1,0,1,0.01476281882412376,0.0,2.0679601202110564e-08,0.001841654535382986,0.000920827267691493
powershell_benign_dataset,4320.ps1,0,3,0.08903252037352759,0.006666666666666667,3.130664717265829e-07,0.005932255648076534,0.006299461157371601
powershell_benign_dataset,4321.ps1,0,1,0.010971341404167969,0.0,1.828303561913628e-08,0.0009010761859826744,0.0004505380929913372
powershell_benign_dataset,4322.ps1,0,1,0.016889110259982687,0.0,1.861822833531949e-08,0.005051519256085157,0.0025257596280425787
powershell_benign_dataset,4323.ps1,0,3,0.05488062019064323,0.01,5.1365641679312145e-08,0.007969018071889877,0.00898450903594494
powershell_benign_dataset,4324.ps1,0,4,0.003206751916276508,0.0033333333333333335,7.773430602290607e-09,0.0023230055812746286,0.0028281694573039813
powershell_benign_dataset,4325.ps1,0,4,0.22410435257265163,0.16333333333333333,8.742581031072843e-06,0.11990292370319366,0.1416181285182635
powershell_benign_dataset,4326.ps1,0,0,0.1015297871422768,0.013333333333333334,2.122640002726028e-06,0.027422692626714706,0.02037801298002402
powershell_benign_dataset,4327.ps1,0,1,0.01500548640708954,0.016666666666666666,2.1299624415096324e-07,0.005356707144528627,0.011011686905597647
powershell_benign_dataset,4328.ps1,0,1,0.007152905495081883,0.01,2.473343047004889e-07,0.002460414543747902,0.006230207271873951
powershell_benign_dataset,4329.ps1,0,3,0.1729215697302741,0.0,1.1389612912100433e-06,0.007339424919337034,0.003669712459668517
powershell_benign_dataset,433.ps1,0,3,0.041877536743817216,0.07333333333333333,1.5850153725892017e-07,0.0031858268193900585,0.038259580076361696
powershell_benign_dataset,4330.ps1,0,1,0.013028206841130522,0.0,6.284045589835864e-08,0.01579471305012703,0.007897356525063515
powershell_benign_dataset,4331.ps1,0,3,0.029834582729403387,0.006666666666666667,6.645969025798642e-07,0.18575163185596466,0.09620914926131566
powershell_benign_dataset,4332.ps1,0,0,0.014550564738116483,0.01,1.160893445235072e-08,0.02456185407936573,0.017280927039682866
powershell_benign_dataset,4333.ps1,0,4,0.005977857505707173,0.0,1.1994986396130145e-08,0.007146076764911413,0.0035730383824557066
powershell_benign_dataset,4334.ps1,0,4,0.006194721319431439,0.0033333333333333335,8.248458225526569e-08,0.012976755388081074,0.008155044360707204
powershell_benign_dataset,4335.ps1,0,2,0.0497099616285733,0.0,3.0098397744876913e-07,0.025789249688386917,0.012894624844193459
powershell_benign_dataset,4336.ps1,0,1,0.0770969685643464,0.03666666666666667,4.7165061470561865e-09,0.005286266095936298,0.020976466381301483
powershell_benign_dataset,4337.ps1,0,2,0.01768086185335163,0.016666666666666666,1.0260273369778566e-08,0.0013464039657264948,0.00900653531619658
powershell_benign_dataset,4338.ps1,0,0,0.014928633315770235,0.03,4.794733909715364e-07,0.02516627497971058,0.02758313748985529
powershell_benign_dataset,4339.ps1,0,1,0.00456750508307262,0.02666666666666667,4.3947424805745965e-07,0.009982749819755554,0.018324708243211113
powershell_benign_dataset,434.ps1,0,1,0.8009293551144908,0.6366666666666667,0.4828082144623175,0.006560018286108971,0.32161334247638784
powershell_benign_dataset,4340.ps1,0,0,0.023076544228291983,0.0033333333333333335,9.820554225198222e-07,0.007168769370764494,0.005251051352048914
powershell_benign_dataset,4341.ps1,0,2,0.00998096402249092,0.013333333333333334,1.0781999190704584e-08,0.00362810748629272,0.008480720409813028
powershell_benign_dataset,4342.ps1,0,1,0.031990427718728474,0.0,2.213636528253783e-07,0.006022157147526741,0.0030110785737633705
powershell_benign_dataset,4343.ps1,0,1,0.012004486926080965,0.0,1.3845642233034974e-08,0.002723408630117774,0.001361704315058887
powershell_benign_dataset,4344.ps1,0,1,0.021207178165768108,0.006666666666666667,7.1103220768042e-09,0.0020564417354762554,0.004361554201071462
powershell_benign_dataset,4345.ps1,0,0,0.014415488936466225,0.02,3.3032159740660025e-07,0.036000825464725494,0.02800041273236275
powershell_benign_dataset,4346.ps1,0,3,0.012901505977892106,0.0033333333333333335,1.9826637662546445e-06,0.003987961448729038,0.003660647391031186
powershell_benign_dataset,4347.ps1,0,1,0.03496809468237476,0.03666666666666667,3.832088096591211e-07,0.006847599521279335,0.021757133093973
powershell_benign_dataset,4348.ps1,0,1,0.03613135955852543,0.03666666666666667,3.437507608871458e-07,0.007637448608875275,0.02215205763777097
powershell_benign_dataset,4349.ps1,0,4,0.09859306621168126,0.0033333333333333335,3.7604100603793544e-06,0.01651591807603836,0.009924625704685847
powershell_benign_dataset,435.ps1,0,2,0.0022632386995842056,0.12,9.540835617937078e-08,0.0026250313967466354,0.061312515698373315
powershell_benign_dataset,4350.ps1,0,1,0.05728011256907706,0.006666666666666667,1.1609694098396677e-06,0.020162932574748993,0.01341479962070783
powershell_benign_dataset,4351.ps1,0,3,0.0049479584568937795,0.0033333333333333335,8.104266575957153e-07,0.0017268435331061482,0.002530088433219741
powershell_benign_dataset,4352.ps1,0,4,0.00947724336892784,0.0033333333333333335,1.8347653899546614e-07,0.00209891889244318,0.002716126112888257
powershell_benign_dataset,4353.ps1,0,1,0.037194485130938246,0.056666666666666664,1.7217201525118578e-07,0.0030598335433751345,0.0298632501050209
powershell_benign_dataset,4354.ps1,0,0,0.020286560120555748,0.02,6.86789179300324e-08,0.02161823771893978,0.020809118859469893
powershell_benign_dataset,4355.ps1,0,4,0.00530358222658973,0.0,2.16262247097607e-08,0.007178948260843754,0.003589474130421877
powershell_benign_dataset,4356.ps1,0,3,0.004859267064091443,0.0033333333333333335,2.6911027654077807e-08,0.0046311491169035435,0.003982241225118439
powershell_benign_dataset,4357.ps1,0,1,0.018503908277664828,0.0,2.357109305383802e-08,0.01543695479631424,0.00771847739815712
powershell_benign_dataset,4358.ps1,0,0,0.02435331206456471,0.0033333333333333335,5.020379018323355e-07,0.04825717955827713,0.025795256445805232
powershell_benign_dataset,4359.ps1,0,2,0.016476267829918217,0.013333333333333334,2.472142155767578e-08,0.0038936128839850426,0.00861347310865919
powershell_benign_dataset,436.ps1,0,4,0.007275768553928778,0.03,5.556953750482619e-07,0.0026458371430635452,0.016322918571531772
powershell_benign_dataset,4360.ps1,0,4,0.016019814908434495,0.013333333333333334,3.740173740649639e-08,0.0034900414757430553,0.008411687404538196
powershell_benign_dataset,4361.ps1,0,3,0.054786938699590934,0.0033333333333333335,2.2870859891472522e-08,0.008335624821484089,0.0058344790774087114
powershell_benign_dataset,4362.ps1,0,3,0.07018033860508005,0.0033333333333333335,1.5553628526446096e-08,0.0028329298365861177,0.003083131584959726
powershell_benign_dataset,4363.ps1,0,2,0.006501104637286631,0.01,3.5506411355848535e-07,0.005163467489182949,0.007581733744591475
powershell_benign_dataset,4364.ps1,0,3,0.00817550414761057,0.0,2.687750854737833e-08,0.004901506006717682,0.002450753003358841
powershell_benign_dataset,4365.ps1,0,4,0.02133513022406957,0.0,8.197563620593476e-08,0.001811588415876031,0.0009057942079380155
powershell_benign_dataset,4366.ps1,0,4,0.0037616822891792454,0.0,6.61909892775201e-09,0.0054102446883916855,0.0027051223441958427
powershell_benign_dataset,4367.ps1,0,4,0.003919330540290451,0.0,1.2174235642791293e-08,0.0028917882591485977,0.0014458941295742989
powershell_benign_dataset,4368.ps1,0,1,0.10773546962743004,0.13333333333333333,6.336762427167947e-05,0.13315044343471527,0.1332418883840243
powershell_benign_dataset,4369.ps1,0,3,0.002266060090705012,0.013333333333333334,6.089808391184049e-08,0.004160265903919935,0.008746799618626636
powershell_benign_dataset,437.ps1,0,0,0.004153277036385036,0.013333333333333334,5.175808223975366e-08,0.010936770588159561,0.012135051960746449
powershell_benign_dataset,4370.ps1,0,1,0.01280717652186723,0.02,1.878401057109665e-06,0.003895592177286744,0.011947796088643372
powershell_benign_dataset,4371.ps1,0,3,0.003154936343128553,0.04666666666666667,1.0367000089967431e-07,0.006805480923503637,0.026736073795085153
powershell_benign_dataset,4372.ps1,0,1,0.004548274225947584,0.1,2.2686756408608156e-06,0.014333877712488174,0.05716693885624409
powershell_benign_dataset,4373.ps1,0,4,0.026545189418828486,0.0,3.3440416720648254e-08,0.002998444251716137,0.0014992221258580685
powershell_benign_dataset,4374.ps1,0,3,0.0060100808505887645,0.01,1.909090539256367e-07,0.0067861126735806465,0.008393056336790324
powershell_benign_dataset,4375.ps1,0,1,0.016792001872729993,0.0,5.685802996320883e-06,0.0038402630016207695,0.0019201315008103848
powershell_benign_dataset,4376.ps1,0,2,0.018187795167845893,0.02,2.251225411634117e-07,0.005177919287234545,0.012588959643617273
powershell_benign_dataset,4377.ps1,0,2,0.024209917528150326,0.0033333333333333335,4.7034816530177845e-08,0.003612728090956807,0.0034730307121450706
powershell_benign_dataset,4378.ps1,0,2,0.01726203427564627,0.07333333333333333,1.9160104521612795e-06,0.06389351189136505,0.06861342261234919
powershell_benign_dataset,4379.ps1,0,2,0.05622995125602675,0.0033333333333333335,2.3737951631575018e-08,0.0017224858747795224,0.002527909604056428
powershell_benign_dataset,438.ps1,0,1,0.005357570809549327,0.023333333333333334,5.600884173538243e-08,0.0022531612776219845,0.01279324730547766
powershell_benign_dataset,4380.ps1,0,4,0.008221971517179726,0.02,5.7293820935513796e-08,0.001477384357713163,0.010738692178856582
powershell_benign_dataset,4381.ps1,0,3,0.0406250483595501,0.006666666666666667,3.248804093985233e-08,0.006704783998429775,0.006685725332548222
powershell_benign_dataset,4382.ps1,0,4,0.007074808422511425,0.0,6.883992702199093e-08,0.00474986806511879,0.002374934032559395
powershell_benign_dataset,4383.ps1,0,0,0.0033310631741047415,0.013333333333333334,4.173883854323719e-08,0.03036859631538391,0.021850964824358624
powershell_benign_dataset,4384.ps1,0,0,0.020435604065961246,0.0033333333333333335,7.024374290561908e-07,0.006383546628057957,0.004858439980695645
powershell_benign_dataset,4385.ps1,0,0,0.023545493007333912,0.0033333333333333335,4.723027483057131e-07,0.03445868939161301,0.01889601136247317
powershell_benign_dataset,4386.ps1,0,3,0.0036434488289237422,0.056666666666666664,2.3047270287214774e-07,0.006057105492800474,0.03136188607973357
powershell_benign_dataset,4387.ps1,0,4,0.005358200088103707,0.0,1.9038073652368466e-08,0.0039604902267456055,0.0019802451133728027
powershell_benign_dataset,4388.ps1,0,0,0.06017456767904095,0.056666666666666664,0.0001459672311988167,0.01831889897584915,0.03749278282125791
powershell_benign_dataset,4389.ps1,0,3,0.019851207289027843,0.006666666666666667,1.994298293345412e-06,0.06999454647302628,0.03833060656984647
powershell_benign_dataset,439.ps1,0,3,0.0035089848152146607,0.0033333333333333335,3.988797045335153e-09,0.0006606319220736623,0.001996982627703498
powershell_benign_dataset,4390.ps1,0,1,0.003367576801055854,0.05,0.00029073296350105393,0.15025705099105835,0.10012852549552917
powershell_benign_dataset,4391.ps1,0,1,0.06654768815369332,0.03666666666666667,7.621071353507067e-09,0.006859401240944862,0.021763033953805765
powershell_benign_dataset,4392.ps1,0,3,0.01631723950764118,0.006666666666666667,1.0249745619162579e-07,0.005071243271231651,0.00586895496894916
powershell_benign_dataset,4393.ps1,0,0,0.013654551362330876,0.07333333333333333,0.0005051783901535651,0.020325971767306328,0.04682965255031983
powershell_benign_dataset,4394.ps1,0,4,0.005852108175717948,0.0,2.1422772327729678e-07,0.003034492488950491,0.0015172462444752455
powershell_benign_dataset,4395.ps1,0,0,0.03494337438461314,0.0,4.569596588753819e-06,0.03365045040845871,0.016825225204229355
powershell_benign_dataset,4396.ps1,0,0,0.016117519633535488,0.03333333333333333,1.644866433985174e-07,0.007122612092643976,0.020227972712988655
powershell_benign_dataset,4397.ps1,0,0,0.008824233487232044,0.02,2.4681938660067248e-08,0.011333057656884193,0.0156665288284421
powershell_benign_dataset,4398.ps1,0,0,0.009808421933278012,0.02,7.897023629679622e-08,0.011121918447315693,0.015560959223657847
powershell_benign_dataset,4399.ps1,0,4,0.003907902431634802,0.0,1.0989197536766585e-08,0.0010306588374078274,0.0005153294187039137
powershell_benign_dataset,44.ps1,0,4,1.9659296972831393e-09,0.12666666666666668,3.545835829769661e-08,0.013180630281567574,0.06992364847411713
powershell_benign_dataset,440.ps1,0,4,0.02612608672087392,0.006666666666666667,1.5010259362702918e-06,0.003255091141909361,0.004960878904288014
powershell_benign_dataset,4400.ps1,0,4,0.0012802649598171855,0.013333333333333334,4.986126087006157e-09,0.0018556542927399278,0.007594493813036631
powershell_benign_dataset,4401.ps1,0,3,0.016118925372062002,0.0,5.2023172516783454e-08,0.002821055008098483,0.0014105275040492415
powershell_benign_dataset,4402.ps1,0,3,0.00039669753483273236,0.013333333333333334,2.7963161088573546e-09,0.08426111191511154,0.04879722262422244
powershell_benign_dataset,4403.ps1,0,3,0.06570120384716416,0.016666666666666666,2.57922513560322e-06,0.005240820348262787,0.010953743507464727
powershell_benign_dataset,4404.ps1,0,3,0.022087545518048996,0.0033333333333333335,2.4168807303199734e-07,0.009655642323195934,0.006494487828264634
powershell_benign_dataset,4405.ps1,0,4,0.006946476862622644,0.0,1.669957827149206e-08,0.0013981328811496496,0.0006990664405748248
powershell_benign_dataset,4406.ps1,0,3,0.013529004274233673,0.016666666666666666,1.524800168315939e-06,0.01921597123146057,0.017941318949063617
powershell_benign_dataset,4407.ps1,0,1,0.011881461181007583,0.0,3.5915612782548527e-06,0.003723130328580737,0.0018615651642903686
powershell_benign_dataset,4408.ps1,0,4,0.03176178041964081,0.013333333333333334,1.2840295101562731e-06,0.006580214481800795,0.009956773907567065
powershell_benign_dataset,4409.ps1,0,2,0.0012078012787292217,0.08333333333333333,6.755088043954997e-08,0.01197462435811758,0.047653978845725455
powershell_benign_dataset,441.ps1,0,4,0.004104423135591819,0.0,7.366770294602434e-08,0.00603643711656332,0.00301821855828166
powershell_benign_dataset,4410.ps1,0,3,0.014098488689469753,0.016666666666666666,7.926958544852552e-08,0.006590493023395538,0.011628579845031102
powershell_benign_dataset,4411.ps1,0,2,0.0037474508640501967,0.0033333333333333335,6.534876066881556e-08,0.000976556446403265,0.0021549448898682995
powershell_benign_dataset,4412.ps1,0,4,0.0007250839592073971,0.07333333333333333,1.1859795536934863e-08,0.015682311728596687,0.04450782253096501
powershell_benign_dataset,4413.ps1,0,3,0.004520512801149493,0.01,6.203587433216404e-09,0.0012484113685786724,0.005624205684289336
powershell_benign_dataset,4414.ps1,0,3,0.002756864105660198,0.006666666666666667,2.9160883935356693e-07,0.00292794406414032,0.004797305365403494
powershell_benign_dataset,4415.ps1,0,4,0.0012973332952236905,0.05,2.273051346111024e-06,0.0018730012234300375,0.02593650061171502
powershell_benign_dataset,4416.ps1,0,3,0.005995528426927389,0.0,1.1046471699824897e-08,0.0014936263905838132,0.0007468131952919066
powershell_benign_dataset,4417.ps1,0,0,0.004923033655488986,0.016666666666666666,9.51227768964879e-08,0.006886675953865051,0.011776671310265859
powershell_benign_dataset,4418.ps1,0,3,0.0035435688550521493,0.0,2.5877601956288503e-09,0.0011863071704283357,0.0005931535852141678
powershell_benign_dataset,4419.ps1,0,2,0.00385269948376503,0.0,9.169765447807471e-09,0.0008795429021120071,0.00043977145105600357
powershell_benign_dataset,442.ps1,0,2,0.00294313126850406,0.0,9.031226080671487e-09,0.005056458991020918,0.002528229495510459
powershell_benign_dataset,4420.ps1,0,1,0.00612242259990578,0.0,1.5911948760282642e-08,0.0016445528017356992,0.0008222764008678496
powershell_benign_dataset,4421.ps1,0,0,0.02097008086594178,0.0,1.6828231095749347e-07,0.0121601028367877,0.00608005141839385
powershell_benign_dataset,4422.ps1,0,0,0.007066844701499095,0.0033333333333333335,3.5797911411478927e-07,0.008787170983850956,0.006060252158592145
powershell_benign_dataset,4423.ps1,0,4,0.0015999497638975475,0.0,2.53665764611949e-08,0.0012663817033171654,0.0006331908516585827
powershell_benign_dataset,4424.ps1,0,2,0.0010281726586599664,0.016666666666666666,2.999936115077157e-08,0.00043190951691940427,0.008549288091793035
powershell_benign_dataset,4425.ps1,0,2,0.01869810212766078,0.006666666666666667,5.0215807265605166e-08,0.0037082673516124487,0.005187467009139558
powershell_benign_dataset,4426.ps1,0,1,0.005768458867581544,0.0033333333333333335,1.5161754590357588e-07,0.0013364728074520826,0.0023349030703927083
powershell_benign_dataset,4427.ps1,0,0,0.007934555568394851,0.0033333333333333335,2.5958376969443685e-07,0.007760568521916866,0.0055469509276251
powershell_benign_dataset,4428.ps1,0,1,0.003888206673731391,0.0,9.067934657390174e-09,0.0013441343326121569,0.0006720671663060784
powershell_benign_dataset,4429.ps1,0,2,0.008646482448749227,0.0,9.317270957118372e-09,0.00050898059271276,0.00025449029635638
powershell_benign_dataset,443.ps1,0,0,0.004411067226348204,0.0,4.2538385995411574e-08,0.020385049283504486,0.010192524641752243
powershell_benign_dataset,4430.ps1,0,0,0.03476630614537577,0.016666666666666666,1.2713082491474637e-07,0.04912688955664635,0.032896778111656505
powershell_benign_dataset,4431.ps1,0,3,0.01633931214156548,0.01,1.0016574661664061e-05,0.00559235317632556,0.00779617658816278
powershell_benign_dataset,4432.ps1,0,3,0.006579256098053247,0.0033333333333333335,4.666928748019583e-08,0.001291019143536687,0.0023121762384350104
powershell_benign_dataset,4433.ps1,0,1,0.01154540518842364,0.0033333333333333335,4.815455322171038e-07,0.0008633708348497748,0.0020983520840915544
powershell_benign_dataset,4434.ps1,0,3,0.01585784561007508,0.0033333333333333335,2.585294837335227e-08,0.0026521298568695784,0.002992731595101456
powershell_benign_dataset,4435.ps1,0,1,0.017031725500752368,0.013333333333333334,8.798948664269933e-06,0.005301658529788256,0.009317495931560796
powershell_benign_dataset,4436.ps1,0,1,0.0033840822188021796,0.013333333333333334,1.2431991436147333e-06,0.0018699050415307283,0.007601619187432031
powershell_benign_dataset,4437.ps1,0,3,0.00523002609345624,0.0,8.581052174625074e-09,0.0011066804872825742,0.0005533402436412871
powershell_benign_dataset,4438.ps1,0,0,0.014055858059891955,0.013333333333333334,8.198775533290907e-08,0.007158632390201092,0.010245982861767214
powershell_benign_dataset,4439.ps1,0,3,0.08336982197165593,0.0,4.110646313292295e-08,0.0062056840397417545,0.0031028420198708773
powershell_benign_dataset,444.ps1,0,4,0.0030991342988981405,0.0,2.2003404611613733e-08,0.004947847221046686,0.002473923610523343
powershell_benign_dataset,4440.ps1,0,0,0.014642207694811987,0.0033333333333333335,6.95749604913873e-08,0.009109504520893097,0.0062214189271132155
powershell_benign_dataset,4441.ps1,0,4,0.0063419637701496185,0.03333333333333333,1.5885222411072978e-08,0.0012443246087059379,0.017288828971019635
powershell_benign_dataset,4443.ps1,0,3,0.031291941010439826,0.013333333333333334,9.71998987454571e-08,0.012148692272603512,0.012741012802968424
powershell_benign_dataset,4444.ps1,0,1,0.07195073895123227,0.03,3.1886976762551514e-07,0.008455467410385609,0.019227733705192804
powershell_benign_dataset,4446.ps1,0,0,0.002056083704638812,0.01,2.7455827239306867e-08,0.010014312341809273,0.010007156170904637
powershell_benign_dataset,4447.ps1,0,2,0.005880053943725317,0.006666666666666667,1.5366200890842973e-06,0.0037292942870408297,0.005197980476853749
powershell_benign_dataset,4448.ps1,0,0,0.06468087667257387,0.0,3.424785690759127e-08,0.020165735855698586,0.010082867927849293
powershell_benign_dataset,4449.ps1,0,3,0.009344410792342134,0.013333333333333334,4.435209606051026e-08,0.0023247546050697565,0.007829043969201546
powershell_benign_dataset,445.ps1,0,4,0.005948715635551947,0.0,2.3608976008894364e-08,0.008203203789889812,0.004101601894944906
powershell_benign_dataset,4450.ps1,0,3,0.0027826585998142884,0.013333333333333334,3.263516000690194e-08,0.004209235310554504,0.00877128432194392
powershell_benign_dataset,4451.ps1,0,3,0.006070240467398228,0.016666666666666666,2.9116515297123945e-07,0.007995699532330036,0.012331183099498351
powershell_benign_dataset,4452.ps1,0,2,0.013892782134141765,0.02666666666666667,2.3321265835725562e-06,0.0035209364723414183,0.015093801569504043
powershell_benign_dataset,4453.ps1,0,4,0.00022202828095156505,0.02,8.384653356389293e-09,0.0035011270083487034,0.011750563504174352
powershell_benign_dataset,4454.ps1,0,1,5.768374823234252e-05,0.016666666666666666,2.819756076998964e-07,0.01707407832145691,0.016870372494061786
powershell_benign_dataset,4455.ps1,0,1,0.016180019507109178,0.0033333333333333335,4.554670118120618e-07,0.002291178796440363,0.0028122560648868485
powershell_benign_dataset,4456.ps1,0,2,0.006484371563844912,0.006666666666666667,1.523607604881261e-06,0.006747002247720957,0.006706834457193812
powershell_benign_dataset,4457.ps1,0,1,0.0313265634235171,0.01,3.423945600704425e-08,0.0019381367601454258,0.005969068380072713
powershell_benign_dataset,4458.ps1,0,2,0.0015257835656938344,0.01,2.9415753692371958e-08,0.0012398059479892254,0.005619902973994613
powershell_benign_dataset,4459.ps1,0,0,0.0010679808749650022,0.023333333333333334,2.6003182152242588e-08,0.022989951074123383,0.023161642203728357
powershell_benign_dataset,446.ps1,0,3,0.003644833475195354,0.0,7.742073902210686e-09,0.011022752150893211,0.005511376075446606
powershell_benign_dataset,4460.ps1,0,3,0.014315629750264184,0.0033333333333333335,5.701504713163156e-06,0.002598551567643881,0.0029659424504886074
powershell_benign_dataset,4461.ps1,0,3,0.015858742256490282,0.02,1.1452128851720253e-06,0.009328316897153854,0.014664158448576927
powershell_benign_dataset,4462.ps1,0,3,0.015048490089805957,0.08666666666666667,0.0001373828697507804,0.010177753865718842,0.048422210266192756
powershell_benign_dataset,4463.ps1,0,0,0.015905002705759366,0.0,1.5781183275468342e-06,0.0162431001663208,0.0081215500831604
powershell_benign_dataset,4464.ps1,0,4,0.012428697923455427,0.023333333333333334,3.1054727854320166e-07,0.0011454953346401453,0.01223941433398674
powershell_benign_dataset,4465.ps1,0,3,0.013616010999192109,0.016666666666666666,8.444987572155185e-07,0.0014650109224021435,0.009065838794534405
powershell_benign_dataset,4466.ps1,0,2,0.007703994720121316,0.01,1.1282273996615372e-07,0.0042932722717523575,0.007146636135876179
powershell_benign_dataset,4467.ps1,0,3,0.00024353461161931195,0.0033333333333333335,9.231184449288625e-09,0.00149948347825557,0.002416408405794452
powershell_benign_dataset,4468.ps1,0,1,0.0006620748222915614,0.023333333333333334,9.513393059580919e-08,0.0007894442533142865,0.01206138879332381
powershell_benign_dataset,4469.ps1,0,3,0.0033782739525006125,0.01,3.5168067380170693e-09,0.0009123507188633084,0.005456175359431654
powershell_benign_dataset,447.ps1,0,1,0.00414814946236031,0.0,4.754803537521323e-09,0.008900727145373821,0.004450363572686911
powershell_benign_dataset,4470.ps1,0,1,1.0265736096112057e-05,0.03666666666666667,8.848239035512256e-09,0.0009918909054249525,0.01882927878604581
powershell_benign_dataset,4471.ps1,0,1,0.004388798507749152,0.0033333333333333335,2.1665881481326665e-09,0.0006719271186739206,0.0020026302260036273
powershell_benign_dataset,4472.ps1,0,3,7.022117716863574e-05,0.0,2.250945541341049e-09,0.003292411332949996,0.001646205666474998
powershell_benign_dataset,4473.ps1,0,2,0.0005540774046306146,0.01,4.40746364505828e-09,0.0018927069613710046,0.005946353480685502
powershell_benign_dataset,4474.ps1,0,3,0.0010120137422193736,0.0,1.1592457020546428e-08,0.0008140748832374811,0.00040703744161874056
powershell_benign_dataset,4475.ps1,0,0,0.01568772266535475,0.0033333333333333335,3.55587290435869e-08,0.019736260175704956,0.011534796754519145
powershell_benign_dataset,4476.ps1,0,3,0.005409800337013971,0.0033333333333333335,6.038771977946761e-08,0.010089353658258915,0.0067113434957961245
powershell_benign_dataset,4477.ps1,0,0,0.02950891994778025,0.0,3.6329952803846723e-09,0.02425071969628334,0.01212535984814167
powershell_benign_dataset,4478.ps1,0,3,0.0192001314409976,0.0,3.7343126522858886e-08,0.005115209147334099,0.0025576045736670494
powershell_benign_dataset,4479.ps1,0,4,0.011175828145663069,0.0,1.325775143091789e-08,0.00473866006359458,0.00236933003179729
powershell_benign_dataset,448.ps1,0,0,0.018511222293145724,0.0,7.500394163103544e-08,0.023351682350039482,0.011675841175019741
powershell_benign_dataset,4480.ps1,0,0,0.016559054267492344,0.0033333333333333335,3.7162274094856566e-08,0.024990025907754898,0.014161679620544116
powershell_benign_dataset,4481.ps1,0,4,0.008646582886469502,0.0,4.9905759205103545e-08,0.005370654631406069,0.0026853273157030344
powershell_benign_dataset,4482.ps1,0,1,0.010772091905593242,0.0,3.429968301120999e-09,0.007577061653137207,0.0037885308265686035
powershell_benign_dataset,449.ps1,0,3,0.00346847413855214,0.0,2.7941353201896886e-08,0.010560594499111176,0.005280297249555588
powershell_benign_dataset,45.ps1,0,2,0.01636079897158056,0.0,6.266755587051896e-09,0.002536928979679942,0.001268464489839971
powershell_benign_dataset,450.ps1,0,0,0.004039972824792643,0.0,1.0580656162499165e-07,0.023566465824842453,0.011783232912421227
powershell_benign_dataset,451.ps1,0,4,0.00340378252818008,0.0,1.1485670785296296e-08,0.008913485333323479,0.004456742666661739
powershell_benign_dataset,452.ps1,0,3,0.0068085014639887335,0.01,1.2966315251779193e-08,0.011450722813606262,0.010725361406803132
powershell_benign_dataset,453.ps1,0,2,0.0029801256956775773,0.0,1.3816701867700099e-08,0.0038590754847973585,0.0019295377423986793
powershell_benign_dataset,454.ps1,0,0,0.02422058955587661,0.0033333333333333335,4.611606195711055e-08,0.02170867659151554,0.012521004962424438
powershell_benign_dataset,455.ps1,0,1,0.0032560672244254397,0.0,4.814923748596532e-09,0.010218280367553234,0.005109140183776617
powershell_benign_dataset,456.ps1,0,0,0.0067589107192863205,0.0,3.348855084441747e-08,0.025522923097014427,0.012761461548507214
powershell_benign_dataset,457.ps1,0,1,0.14158540974797093,0.056666666666666664,1.5013166524386193e-06,0.004644604865461588,0.030655635766064126
powershell_benign_dataset,458.ps1,0,2,0.2407443253712092,0.19333333333333333,4.942679344063682e-05,0.006213974207639694,0.09977365377048651
powershell_benign_dataset,459.ps1,0,0,0.552658552388319,0.12,0.002590975128854238,0.041995394974946976,0.08099769748747349
powershell_benign_dataset,46.ps1,0,4,0.032767758386950445,0.0,5.886222485516055e-09,0.0026760369073599577,0.0013380184536799788
powershell_benign_dataset,460.ps1,0,3,0.4945185932768459,0.20333333333333334,1.712554411914031e-05,0.005166603717952967,0.10424996852564315
powershell_benign_dataset,461.ps1,0,2,0.17871736754744288,0.18,0.0002588474266388142,0.006353992968797684,0.09317699648439884
powershell_benign_dataset,462.ps1,0,3,0.43187105236922313,0.3233333333333333,0.0012647420893319803,0.008358422666788101,0.1658458780000607
powershell_benign_dataset,463.ps1,0,3,0.30015967892298634,0.14666666666666667,6.621000558669761e-05,0.004077586345374584,0.07537212650602063
powershell_benign_dataset,464.ps1,0,3,0.14118306966064192,0.13,1.1528282313579549e-06,0.003419738495722413,0.06670986924786121
powershell_benign_dataset,465.ps1,0,0,0.22327246117903182,0.013333333333333334,4.946294421428151e-06,0.040389955043792725,0.02686164418856303
powershell_benign_dataset,466.ps1,0,2,0.013932160444446368,0.023333333333333334,5.811310011158126e-08,0.0064012641087174416,0.014867298721025388
powershell_benign_dataset,467.ps1,0,3,0.51756029547847,0.19333333333333333,0.001003417512252712,0.0066920998506248,0.10001271659197906
powershell_benign_dataset,468.ps1,0,2,0.027013934521275446,0.10666666666666667,1.5919172057934208e-07,0.0035267651546746492,0.05509671591067066
powershell_benign_dataset,469.ps1,0,2,0.16155021467916544,0.25666666666666665,0.24779375525294686,0.008362806402146816,0.13251473653440674
powershell_benign_dataset,47.ps1,0,1,0.0027871647808731036,0.0,3.4223930043376e-09,0.002454226603731513,0.0012271133018657565
powershell_benign_dataset,470.ps1,0,0,0.05154634214516402,0.013333333333333334,7.570977175039582e-08,0.024121176451444626,0.01872725489238898
powershell_benign_dataset,471.ps1,0,0,0.003683457391097708,0.17333333333333334,4.954782506156537e-07,0.022965265437960625,0.09814929938564698
powershell_benign_dataset,472.ps1,0,2,0.0021655531615001715,0.02666666666666667,3.3361158585536914e-07,0.00245321705006063,0.014559941858363649
powershell_benign_dataset,473.ps1,0,2,0.006500550742933528,0.006666666666666667,1.0416910497463207e-07,0.008042692206799984,0.007354679436733326
powershell_benign_dataset,474.ps1,0,4,0.033099589321362956,0.02,2.3551300962367508e-07,0.007309653330594301,0.01365482666529715
powershell_benign_dataset,475.ps1,0,2,0.01701209256126892,0.0,9.471574327669498e-09,0.035037413239479065,0.017518706619739532
powershell_benign_dataset,476.ps1,0,4,0.004475957370939327,0.013333333333333334,6.28346014662756e-08,0.026697099208831787,0.02001521627108256
powershell_benign_dataset,477.ps1,0,2,0.21052381229454262,0.09666666666666666,5.250872307717421e-06,0.16619329154491425,0.13142997910579046
powershell_benign_dataset,478.ps1,0,0,0.0009900618571084512,0.03333333333333333,5.133925601323585e-06,0.11356744915246964,0.07345039124290148
powershell_benign_dataset,479.ps1,0,0,0.0017742406790730914,0.09,9.400307970145272e-06,0.14120526611804962,0.11560263305902481
powershell_benign_dataset,48.ps1,0,0,0.03192952899649349,0.0,2.664041434413721e-09,0.0107547827064991,0.00537739135324955
powershell_benign_dataset,480.ps1,0,3,0.006677046895145976,0.0,1.0008203717369603e-08,0.02802395075559616,0.01401197537779808
powershell_benign_dataset,481.ps1,0,2,0.19523060670533554,0.08666666666666667,3.2541625624255085e-05,0.05199350416660309,0.06933008541663488
powershell_benign_dataset,482.ps1,0,1,0.047038914686070576,0.0033333333333333335,2.5106451756100416e-07,0.002070954767987132,0.002702144050660233
powershell_benign_dataset,483.ps1,0,4,0.012251449822863818,0.0,2.8535950599272222e-08,0.00695196446031332,0.00347598223015666
powershell_benign_dataset,484.ps1,0,4,0.13166199453935365,0.06,5.225768048486003e-07,0.015336309559643269,0.03766815477982163
powershell_benign_dataset,485.ps1,0,1,0.1641815272738442,0.016666666666666666,3.0083085596059113e-06,0.030315950512886047,0.023491308589776355
powershell_benign_dataset,486.ps1,0,3,0.043859867020249375,0.01,2.6276772582437567e-08,0.014829244464635849,0.012414622232317925
powershell_benign_dataset,487.ps1,0,2,0.016932800174392,0.013333333333333334,6.652243596517123e-08,0.02888334169983864,0.021108337516585987
powershell_benign_dataset,488.ps1,0,4,0.18043934066029563,0.056666666666666664,0.00022456929871605285,0.037275396287441254,0.04697103147705396
powershell_benign_dataset,489.ps1,0,0,0.017577966206764724,0.013333333333333334,6.558704481557079e-08,0.03775471821427345,0.025544025773803394
powershell_benign_dataset,49.ps1,0,2,0.01556324920906203,0.0,4.44132453941899e-09,0.0027719868812710047,0.0013859934406355023
powershell_benign_dataset,490.ps1,0,1,0.009870534763140069,0.01,2.3940531342712464e-08,0.014972221106290817,0.01248611055314541
powershell_benign_dataset,491.ps1,0,0,0.019663311701161354,0.0033333333333333335,2.5562763315190266e-07,0.02258502133190632,0.012959177332619826
powershell_benign_dataset,492.ps1,0,4,0.06172155821789474,0.016666666666666666,5.232717983951026e-07,0.014325040392577648,0.015495853529622157
powershell_benign_dataset,493.ps1,0,1,0.01867259711275843,0.02,1.5227574174402696e-06,0.04569888487458229,0.03284944243729115
powershell_benign_dataset,494.ps1,0,1,0.0355637827989707,0.0,4.490459741707379e-08,0.08528436720371246,0.04264218360185623
powershell_benign_dataset,495.ps1,0,2,0.054296480366086336,0.05,2.8307162731736135e-05,0.04597513750195503,0.04798756875097752
powershell_benign_dataset,496.ps1,0,2,0.005632603513098358,0.13666666666666666,0.00037574350796934226,0.012695305980741978,0.07468098632370432
powershell_benign_dataset,497.ps1,0,3,0.0037039933254760507,0.0,1.8588133393257965e-08,0.010149369016289711,0.0050746845081448555
powershell_benign_dataset,498.ps1,0,1,0.02547247250818927,0.0,2.5646687745165927e-07,0.005553096998482943,0.0027765484992414713
powershell_benign_dataset,499.ps1,0,2,0.003270856213706873,0.023333333333333334,1.249341904380598e-07,0.001795574789866805,0.01256445406160007
powershell_benign_dataset,5.ps1,0,4,0.2998826457128706,0.44,0.003157679134027038,0.11819106340408325,0.2790955317020416
powershell_benign_dataset,50.ps1,0,3,0.005387645409597317,0.0,6.355288371911073e-09,0.0017894947668537498,0.0008947473834268749
powershell_benign_dataset,500.ps1,0,0,0.015081586360767684,0.01,5.412937862141955e-06,0.01168837584555149,0.010844187922775746
powershell_benign_dataset,501.ps1,0,0,0.06472087225043113,0.006666666666666667,2.8382330006341674e-07,0.02919902466237545,0.01793284566452106
powershell_benign_dataset,502.ps1,0,3,0.15471401253667585,0.0,4.037797598775637e-06,0.03068947046995163,0.015344735234975815
powershell_benign_dataset,503.ps1,0,3,0.045601940630893296,0.013333333333333334,2.0202593010684204e-06,0.08388875424861908,0.04861104379097621
powershell_benign_dataset,504.ps1,0,2,0.03804608524882807,0.03666666666666667,1.530176082773918e-07,0.38965877890586853,0.2131627227862676
powershell_benign_dataset,505.ps1,0,4,0.11086879838121012,0.02,1.382421069949267e-07,0.055611010640859604,0.037805505320429804
powershell_benign_dataset,506.ps1,0,0,0.02919605560774446,0.023333333333333334,9.300737870743029e-08,0.021649634465575218,0.022491483899454275
powershell_benign_dataset,507.ps1,0,2,0.005228419126375824,0.0033333333333333335,1.0032715322723093e-08,0.012442409060895443,0.007887871197114388
powershell_benign_dataset,508.ps1,0,0,0.005725073727662226,0.0033333333333333335,1.5658001801993215e-08,0.014915202744305134,0.009124268038819234
powershell_benign_dataset,509.ps1,0,0,0.08569583544918254,0.03,1.572730660144912e-07,0.03575268015265465,0.03287634007632732
powershell_benign_dataset,51.ps1,0,0,0.02948362594527913,0.0,7.926286035170854e-09,0.010533379390835762,0.005266689695417881
powershell_benign_dataset,510.ps1,0,3,0.053244549520834794,0.02,2.1603896001224865e-05,0.0019126083934679627,0.010956304196733982
powershell_benign_dataset,511.ps1,0,3,0.014183112104065006,0.0033333333333333335,1.1457809408411366e-07,0.009894129820168018,0.006613731576750676
powershell_benign_dataset,512.ps1,0,2,0.010588437122678143,0.006666666666666667,3.414972163934503e-08,0.009432590566575527,0.008049628616621098
powershell_benign_dataset,513.ps1,0,4,0.00902593759083883,0.0,4.9924645745774726e-09,0.005282180849462748,0.002641090424731374
powershell_benign_dataset,514.ps1,0,0,0.011006312778465544,0.03,9.977550580798327e-07,0.021885747089982033,0.025942873544991016
powershell_benign_dataset,515.ps1,0,3,0.03457521913615151,0.03666666666666667,4.5600738645507095e-07,0.007884584367275238,0.022275625516970952
powershell_benign_dataset,516.ps1,0,3,0.011700814387269103,0.01,1.9193488412634792e-08,0.014515586197376251,0.012257793098688127
powershell_benign_dataset,517.ps1,0,1,0.010300115938221966,0.016666666666666666,1.192780908180462e-07,0.003948512952774763,0.010307589809720715
powershell_benign_dataset,518.ps1,0,0,0.09094617202466847,0.02,3.7768601540837867e-06,0.02755497209727764,0.023777486048638823
powershell_benign_dataset,519.ps1,0,1,0.049729888020221005,0.15333333333333332,1.7140405819340177e-05,0.02605290338397026,0.08969311835865179
powershell_benign_dataset,52.ps1,0,0,0.01927948718370828,0.0,7.670525579672992e-09,0.010750177316367626,0.005375088658183813
powershell_benign_dataset,520.ps1,0,4,0.0358940259266806,0.0,1.3946014613913012e-08,0.022408148273825645,0.011204074136912823
powershell_benign_dataset,521.ps1,0,1,0.038221804494017166,0.006666666666666667,2.9321005289443324e-08,0.011469569988548756,0.009068118327607712
powershell_benign_dataset,522.ps1,0,2,0.016162126835669678,0.056666666666666664,5.45957089237937e-07,0.012455364689230919,0.034561015677948795
powershell_benign_dataset,523.ps1,0,1,0.018963549938189665,0.06,2.289529748896258e-06,0.008736898191273212,0.034368449095636605
powershell_benign_dataset,524.ps1,0,0,0.006351356268151623,0.10666666666666667,0.00018035081549316656,0.019469697028398514,0.0630681818475326
powershell_benign_dataset,525.ps1,0,0,0.049233531829508036,0.0033333333333333335,1.2124000222052333e-07,0.03322772681713104,0.018280530075232188
powershell_benign_dataset,526.ps1,0,4,0.036999045286746336,0.0,4.0800751988082765e-08,0.008043434470891953,0.004021717235445976
powershell_benign_dataset,527.ps1,0,2,0.022686592308870258,0.0,1.1259387370081886e-07,0.010516892187297344,0.005258446093648672
powershell_benign_dataset,528.ps1,0,4,0.04054515628031054,0.0,1.0478773024632389e-07,0.00480894697830081,0.002404473489150405
powershell_benign_dataset,529.ps1,0,3,0.0401901411715207,0.01,4.691504132396425e-06,0.005808190442621708,0.007904095221310855
powershell_benign_dataset,53.ps1,0,4,0.01456327756268412,0.0,1.8034795258191544e-08,0.0037397986743599176,0.0018698993371799588
powershell_benign_dataset,530.ps1,0,4,0.07079245368189928,0.0,3.970590588408513e-07,0.0058863344602286816,0.0029431672301143408
powershell_benign_dataset,531.ps1,0,1,0.15145919273357278,0.10333333333333333,0.00013054612889646657,0.06513328105211258,0.08423330719272296
powershell_benign_dataset,532.ps1,0,2,0.009920621659234744,0.0033333333333333335,5.041431224010664e-08,0.008824758231639862,0.006079045782486598
powershell_benign_dataset,533.ps1,0,2,0.021323127585081952,0.0,2.0996712174883224e-09,0.0035286403726786375,0.0017643201863393188
powershell_benign_dataset,534.ps1,0,4,0.017130303109129014,0.0,1.8398472748405306e-08,0.008970686234533787,0.004485343117266893
powershell_benign_dataset,535.ps1,0,2,0.10864216468134187,0.0,6.478384024871748e-08,0.004900990054011345,0.0024504950270056725
powershell_benign_dataset,536.ps1,0,4,0.010367923916910677,0.0,3.95479695756839e-09,0.0077490294352173805,0.0038745147176086903
powershell_benign_dataset,537.ps1,0,0,0.12288006205177819,0.0,2.0203055927062904e-07,0.02480306103825569,0.012401530519127846
powershell_benign_dataset,538.ps1,0,1,0.13838172238283317,0.0033333333333333335,1.8277789015767706e-07,0.005179334431886673,0.0042563338826100035
powershell_benign_dataset,539.ps1,0,0,0.09425039277058958,0.05333333333333334,2.2163208850720322e-05,0.028544554486870766,0.040938943910102055
powershell_benign_dataset,54.ps1,0,2,0.015102270652481434,0.0,3.941259799686063e-09,0.002998167648911476,0.001499083824455738
powershell_benign_dataset,540.ps1,0,1,0.09728138797397123,0.0,5.335630118265462e-08,0.004213372711092234,0.002106686355546117
powershell_benign_dataset,541.ps1,0,1,0.008064398444215054,0.013333333333333334,1.2318481478033195e-06,0.003362907562404871,0.008348120447869103
powershell_benign_dataset,542.ps1,0,2,0.0002524884399951955,0.10666666666666667,2.473340548295461e-06,0.016368379816412926,0.0615175232415398
powershell_benign_dataset,543.ps1,0,0,0.02405879351450587,0.01,5.993384831196437e-08,0.020520798861980438,0.01526039943099022
powershell_benign_dataset,544.ps1,0,3,0.04797296507848873,0.0,2.8327241620675588e-08,0.006538319867104292,0.003269159933552146
powershell_benign_dataset,545.ps1,0,1,0.025875590692578526,0.0033333333333333335,9.192805003018128e-09,0.0035137296654284,0.003423531499380867
powershell_benign_dataset,546.ps1,0,4,0.026834291259376655,0.0033333333333333335,8.362865806905463e-09,0.012145418673753738,0.007739376003543536
powershell_benign_dataset,547.ps1,0,3,0.11352686489849784,0.0033333333333333335,4.878225320649791e-08,0.004161151126027107,0.0037472422296802206
powershell_benign_dataset,548.ps1,0,1,0.01241598528565839,0.0033333333333333335,1.3051140611205831e-08,0.0031529210973531008,0.0032431272153432174
powershell_benign_dataset,549.ps1,0,4,0.020453366065174894,0.09333333333333334,1.2827813031125692e-07,0.3482165038585663,0.2207749185959498
powershell_benign_dataset,55.ps1,0,4,0.018218106135745656,0.0,1.493070544155723e-09,0.0031101745553314686,0.0015550872776657343
powershell_benign_dataset,550.ps1,0,3,0.06349937904419002,0.013333333333333334,3.2892275539721435e-07,0.007038415875285864,0.0101858746043096
powershell_benign_dataset,551.ps1,0,1,0.033739935103515056,0.0,7.345017894211486e-09,0.00637458823621273,0.003187294118106365
powershell_benign_dataset,552.ps1,0,0,0.06724951403921814,0.0,1.3657327606891975e-07,0.03383027762174606,0.01691513881087303
powershell_benign_dataset,553.ps1,0,0,0.12577917883668596,0.006666666666666667,2.102759621609531e-06,0.04885844513773918,0.027762555902202925
powershell_benign_dataset,554.ps1,0,0,0.03469539458124404,0.0,3.063130254972272e-08,0.044942405074834824,0.022471202537417412
powershell_benign_dataset,555.ps1,0,0,0.028086837185677425,0.0,2.4897466892308124e-07,0.032044295221567154,0.016022147610783577
powershell_benign_dataset,556.ps1,0,1,0.00975750164614185,0.006666666666666667,1.3603690629377506e-08,0.010875077918171883,0.008770872292419275
powershell_benign_dataset,557.ps1,0,0,0.03408675907089257,0.03333333333333333,1.4292610168294173e-06,0.08576662093400955,0.05954997713367144
powershell_benign_dataset,558.ps1,0,2,0.017427046363299854,0.006666666666666667,3.7453439657715387e-07,0.006239620968699455,0.006453143817683062
powershell_benign_dataset,559.ps1,0,0,0.010890808017758099,0.0,1.9620361048613566e-09,0.031110191717743874,0.015555095858871937
powershell_benign_dataset,56.ps1,0,3,0.0016627726540672987,0.0,1.074011155689533e-08,0.0024623393546789885,0.0012311696773394942
powershell_benign_dataset,560.ps1,0,4,0.008046035197688138,0.0,2.1275939099000778e-09,0.0023377190809696913,0.0011688595404848456
powershell_benign_dataset,561.ps1,0,3,0.08565714283004666,0.043333333333333335,0.00010511046306179511,0.010980473831295967,0.02715690358231465
powershell_benign_dataset,562.ps1,0,1,0.17230827842569557,0.006666666666666667,7.152390549988431e-07,0.00682520866394043,0.006745937665303549
powershell_benign_dataset,563.ps1,0,2,0.07039737216123285,0.0,3.29993681920093e-07,0.003213444957509637,0.0016067224787548184
powershell_benign_dataset,564.ps1,0,0,0.21055831802693545,0.01,0.00013496623753700616,0.0286378376185894,0.0193189188092947
powershell_benign_dataset,565.ps1,0,4,0.02054141431042005,0.0,4.293697091710373e-09,0.008748803287744522,0.004374401643872261
powershell_benign_dataset,566.ps1,0,2,0.028014648940467915,0.0033333333333333335,1.9827766503304616e-05,0.00588865065947175,0.004610991996402542
powershell_benign_dataset,567.ps1,0,0,0.022516405012410933,0.0,2.0880182331341294e-08,0.01894795522093773,0.009473977610468864
powershell_benign_dataset,568.ps1,0,0,0.08960162665105867,0.0033333333333333335,2.566499192415641e-07,0.0432518795132637,0.023292606423298518
powershell_benign_dataset,569.ps1,0,2,0.026065989907112386,0.0,2.59905296575921e-08,0.006031477823853493,0.0030157389119267464
powershell_benign_dataset,57.ps1,0,3,0.013341881253659937,0.0033333333333333335,7.555714246724731e-09,0.0032674104440957308,0.0033003718887145324
powershell_benign_dataset,570.ps1,0,2,0.013054697567260277,0.006666666666666667,2.0227724059013873e-08,0.005353834014385939,0.006010250340526303
powershell_benign_dataset,571.ps1,0,0,0.16600907072997415,0.0033333333333333335,4.6160684132549914e-07,0.024870460852980614,0.014101897093156974
powershell_benign_dataset,572.ps1,0,2,0.040346175290577546,0.0,3.0097741060754082e-06,0.011859097518026829,0.005929548759013414
powershell_benign_dataset,573.ps1,0,0,0.004174878273421779,0.02,7.487558802701105e-07,0.026055818423628807,0.023027909211814405
powershell_benign_dataset,574.ps1,0,4,0.010761166376431782,0.0,1.9445814293934287e-08,0.026467561721801758,0.013233780860900879
powershell_benign_dataset,575.ps1,0,3,0.06954697294425223,0.0,1.8852723421780322e-08,0.012520596385002136,0.006260298192501068
powershell_benign_dataset,576.ps1,0,2,0.050878140396019865,0.0033333333333333335,4.1073881067518257e-07,0.008334076032042503,0.005833704682687919
powershell_benign_dataset,577.ps1,0,3,0.031500537831999756,0.0,3.356665891166251e-09,0.003060043090954423,0.0015300215454772115
powershell_benign_dataset,578.ps1,0,4,0.029737399448633878,0.0033333333333333335,1.390624844461122e-08,0.02068958804011345,0.012011460686723392
powershell_benign_dataset,579.ps1,0,3,0.039369180979876774,0.0,3.773764533411332e-08,0.012467876076698303,0.006233938038349152
powershell_benign_dataset,58.ps1,0,3,0.0038255633756373985,0.0033333333333333335,2.848745051447518e-08,0.0036735772155225277,0.003503455274427931
powershell_benign_dataset,580.ps1,0,0,0.05012347099508483,0.0,1.7828179764827827e-07,0.03793448209762573,0.018967241048812866
powershell_benign_dataset,581.ps1,0,2,0.05495647060547558,0.01,3.9263033504696844e-07,0.008604452013969421,0.009302226006984712
powershell_benign_dataset,582.ps1,0,3,0.0029486169146620725,0.02,1.1007440449330578e-06,0.006597730331122875,0.013298865165561438
powershell_benign_dataset,583.ps1,0,3,0.17899784833205445,0.04,5.936067326967953e-06,0.008102781139314175,0.024051390569657088
powershell_benign_dataset,584.ps1,0,1,0.02204182106505427,0.023333333333333334,1.5097706374399097e-07,0.019250992685556412,0.02129216300944487
powershell_benign_dataset,585.ps1,0,1,0.00943233759003268,0.0,4.9222624375449216e-08,0.0032663734164088964,0.0016331867082044482
powershell_benign_dataset,586.ps1,0,2,0.10951958555767213,0.03333333333333333,1.1925090700357381e-06,0.009577429853379726,0.02145538159335653
powershell_benign_dataset,587.ps1,0,3,0.044260128427468515,0.03333333333333333,1.1702131854290507e-07,0.009290115907788277,0.021311724620560805
powershell_benign_dataset,588.ps1,0,1,0.0080935568953501,0.0,3.6467166439928364e-08,0.0025066612288355827,0.0012533306144177914
powershell_benign_dataset,589.ps1,0,4,0.017208863071950204,0.006666666666666667,8.658929571082697e-08,0.002726441016420722,0.004696553841543695
powershell_benign_dataset,59.ps1,0,2,0.03657768145225844,0.006666666666666667,1.942231259502301e-07,0.0027425310108810663,0.004704598838773867
powershell_benign_dataset,590.ps1,0,3,0.0010173323432665416,0.03333333333333333,7.724121824845048e-08,0.003781124483793974,0.018557228908563653
powershell_benign_dataset,591.ps1,0,2,0.009189682355387445,0.0,4.288699654824891e-06,0.006297578103840351,0.0031487890519201756
powershell_benign_dataset,592.ps1,0,0,0.03936776098859487,0.006666666666666667,1.9982910811250307e-06,0.015698889270424843,0.011182777968545755
powershell_benign_dataset,593.ps1,0,1,0.004823975055532157,0.0,2.107033699765429e-08,0.010905417613685131,0.0054527088068425655
powershell_benign_dataset,594.ps1,0,1,0.006190081117213492,0.03666666666666667,3.4174047085705597e-08,0.01121100876480341,0.023938837715735038
powershell_benign_dataset,595.ps1,0,4,0.013442728433116604,0.016666666666666666,7.495234557444963e-08,0.010455796495079994,0.01356123158087333
powershell_benign_dataset,596.ps1,0,1,0.07115561193799783,0.023333333333333334,4.495012917044132e-07,0.005543641280382872,0.014438487306858103
powershell_benign_dataset,597.ps1,0,1,0.09900982250428703,0.02666666666666667,1.4019099305807678e-07,0.008282004855573177,0.017474335761119925
powershell_benign_dataset,598.ps1,0,3,0.02325168232766912,0.016666666666666666,1.881450677194202e-07,0.01456465758383274,0.015615662125249704
powershell_benign_dataset,599.ps1,0,0,0.005571757836224146,0.02666666666666667,3.7974481043192096e-07,0.036473434418439865,0.03157005054255327
powershell_benign_dataset,6.ps1,0,3,0.003932047805310209,0.01,2.682866276010285e-07,0.011066412553191185,0.010533206276595593
powershell_benign_dataset,60.ps1,0,3,0.003507314100930961,0.013333333333333334,2.4077234276640767e-07,0.004061626270413399,0.008697479801873367
powershell_benign_dataset,600.ps1,0,4,0.09354968570252618,0.013333333333333334,8.095614946786324e-06,0.011133482679724693,0.012233408006529015
powershell_benign_dataset,601.ps1,0,0,0.0520758533112977,0.0033333333333333335,7.648794722996398e-08,0.08755370229482651,0.04544351781407992
powershell_benign_dataset,602.ps1,0,2,0.0018851042001754574,0.01,1.1480374916020077e-07,0.007591939065605402,0.008795969532802702
powershell_benign_dataset,603.ps1,0,4,0.005160111526438054,0.0,4.683182842078553e-08,0.008209211751818657,0.0041046058759093285
powershell_benign_dataset,604.ps1,0,2,0.02435573864016463,0.04,1.3647813442893213e-07,0.007282904349267483,0.023641452174633742
powershell_benign_dataset,605.ps1,0,2,0.023470608513603067,0.0,3.304006367929882e-07,0.009329048916697502,0.004664524458348751
powershell_benign_dataset,606.ps1,0,0,0.02223730246222004,0.0,4.860506181301292e-08,0.051411792635917664,0.025705896317958832
powershell_benign_dataset,607.ps1,0,2,0.020689953394377306,0.0033333333333333335,7.191475053151657e-08,0.011768865399062634,0.007551099366197984
powershell_benign_dataset,608.ps1,0,1,0.0005907665399417909,0.013333333333333334,4.3227564084912445e-07,0.01667635887861252,0.015004846105972927
powershell_benign_dataset,609.ps1,0,4,0.02901719928230307,0.013333333333333334,3.973921522743434e-06,0.004249745514243841,0.008791539423788589
powershell_benign_dataset,61.ps1,0,4,0.1747399606383212,0.12,3.0189280882854087e-05,0.004142248537391424,0.06207112426869571
powershell_benign_dataset,610.ps1,0,4,0.010932905405433867,0.0,6.19792245185402e-08,0.009735465981066227,0.0048677329905331135
powershell_benign_dataset,611.ps1,0,4,0.10409168843349474,0.08333333333333333,3.657573222415831e-06,0.009359377436339855,0.04634635538483659
powershell_benign_dataset,612.ps1,0,2,0.024364370135296673,0.0,2.6908342061691698e-08,0.00969915185123682,0.00484957592561841
powershell_benign_dataset,613.ps1,0,3,0.02864773427414114,0.0033333333333333335,1.2045449526077317e-07,0.013265022076666355,0.008299177704999845
powershell_benign_dataset,614.ps1,0,4,0.05570969655436601,0.02,6.680998465849801e-08,0.021737247705459595,0.0208686238527298
powershell_benign_dataset,615.ps1,0,4,0.008218675625710166,0.0033333333333333335,4.126110358023063e-07,0.0096359858289361,0.006484659581134717
powershell_benign_dataset,616.ps1,0,1,0.030057795637182385,0.0033333333333333335,9.246144918713833e-08,0.010450144298374653,0.006891738815853993
powershell_benign_dataset,617.ps1,0,4,0.014491056917627637,0.0033333333333333335,1.2403980016023564e-07,0.00634215772151947,0.004837745527426402
powershell_benign_dataset,618.ps1,0,3,0.02535812090877656,0.0,6.335488486541719e-08,0.010129795409739017,0.005064897704869509
powershell_benign_dataset,619.ps1,0,4,0.014003457549171544,0.0033333333333333335,6.802854863045333e-08,0.005163060501217842,0.004248196917275588
powershell_benign_dataset,62.ps1,0,2,0.01253791509158052,0.0,4.370511207922336e-09,0.002148734638467431,0.0010743673192337155
powershell_benign_dataset,620.ps1,0,0,0.025085832223498573,0.0033333333333333335,1.813792734949362e-07,0.028495188802480698,0.015914261067907016
powershell_benign_dataset,621.ps1,0,2,0.02087592849615939,0.006666666666666667,2.768854997194239e-06,0.0048317802138626575,0.005749223440264663
powershell_benign_dataset,622.ps1,0,2,0.010011241928149154,0.0033333333333333335,1.7933329828734243e-07,0.005085421726107597,0.004209377529720466
powershell_benign_dataset,623.ps1,0,3,0.020053241085517048,0.0033333333333333335,1.5075569866877978e-07,0.011369820684194565,0.007351577008763949
powershell_benign_dataset,624.ps1,0,0,0.04313951662016352,0.006666666666666667,2.319538408488755e-07,0.05122582986950874,0.028946248268087706
powershell_benign_dataset,625.ps1,0,0,0.029068931745638453,0.0,3.158999301140317e-06,0.0433863140642643,0.02169315703213215
powershell_benign_dataset,626.ps1,0,2,0.05531328571592722,0.043333333333333335,6.192270202793806e-06,0.009951055981218815,0.026642194657276075
powershell_benign_dataset,627.ps1,0,4,0.015195417569706987,0.0,2.6535057638050615e-07,0.007152548059821129,0.0035762740299105644
powershell_benign_dataset,628.ps1,0,2,0.007537409019419423,0.02,9.063320204624791e-09,0.008568398654460907,0.014284199327230454
powershell_benign_dataset,629.ps1,0,4,0.011326430673770831,0.0033333333333333335,4.0135902509122095e-08,0.009560948237776756,0.006447140785555045
powershell_benign_dataset,63.ps1,0,0,0.03746631977788304,0.0,2.9602195280264415e-09,0.01236124150454998,0.00618062075227499
powershell_benign_dataset,630.ps1,0,3,0.05344435590769774,0.006666666666666667,4.3662364748161266e-07,0.021836325526237488,0.014251496096452078
powershell_benign_dataset,631.ps1,0,3,0.013459471753501887,0.01,1.1605426679496154e-05,0.004972544498741627,0.0074862722493708135
powershell_benign_dataset,632.ps1,0,3,0.01878261273373851,0.0,1.3602567601967956e-07,0.00836191326379776,0.00418095663189888
powershell_benign_dataset,633.ps1,0,4,0.02412861877178048,0.0,4.1657102272123255e-07,0.004837288521230221,0.0024186442606151104
powershell_benign_dataset,634.ps1,0,0,0.022579441520213378,0.0033333333333333335,1.9806907552765717e-07,0.026493456214666367,0.01491339477399985
powershell_benign_dataset,635.ps1,0,1,0.02711890195883038,0.0,4.627706705407113e-07,0.019959643483161926,0.009979821741580963
powershell_benign_dataset,636.ps1,0,0,0.028671709830753022,0.01,7.413879998426758e-08,0.033037908375263214,0.021518954187631608
powershell_benign_dataset,637.ps1,0,2,0.02268436728983269,0.0033333333333333335,5.044262812330873e-08,0.010571157559752464,0.006952245446542899
powershell_benign_dataset,638.ps1,0,1,0.022054654936839328,0.006666666666666667,7.995809794620033e-07,0.0055486224591732025,0.006107644562919935
powershell_benign_dataset,639.ps1,0,2,0.07936472353340719,0.01,2.217823889095399e-07,0.013019509613513947,0.011509754806756974
powershell_benign_dataset,64.ps1,0,2,0.017553842677064804,0.02666666666666667,6.374414987240339e-08,0.0049346876330673695,0.01580067714986702
powershell_benign_dataset,640.ps1,0,3,0.13000915349421086,0.06,0.0007685042318639559,0.005191783886402845,0.03259589194320142
powershell_benign_dataset,641.ps1,0,3,0.002540866685309858,0.05,1.380544235510595e-05,0.00257258047349751,0.026286290236748756
powershell_benign_dataset,642.ps1,0,0,0.014399136532075878,0.07666666666666666,6.46630231363572e-06,0.03871573135256767,0.05769119900961717
powershell_benign_dataset,643.ps1,0,0,0.005474839939733969,0.0033333333333333335,4.188078107820608e-09,0.012597659602761269,0.007965496468047301
powershell_benign_dataset,644.ps1,0,0,0.013304103110458472,0.0,4.9569885594631396e-09,0.02319948561489582,0.01159974280744791
powershell_benign_dataset,645.ps1,0,4,0.0021969422406739533,0.0,7.502261903172468e-09,0.004159408621490002,0.002079704310745001
powershell_benign_dataset,646.ps1,0,1,0.0064469259364156924,0.0033333333333333335,3.0702937530863934e-08,0.005678336601704359,0.0045058349675188465
powershell_benign_dataset,647.ps1,0,0,0.005770918560007543,0.0033333333333333335,1.334455123577932e-07,0.017483564093708992,0.010408448713521163
powershell_benign_dataset,648.ps1,0,2,0.001486539919757477,0.0,1.468231737679091e-08,0.003256920026615262,0.001628460013307631
powershell_benign_dataset,649.ps1,0,4,0.001588406308961034,0.01,9.959082336857456e-09,0.006189120002090931,0.008094560001045466
powershell_benign_dataset,65.ps1,0,0,0.007477252744729616,0.0,7.933132272190773e-08,0.011564410291612148,0.005782205145806074
powershell_benign_dataset,650.ps1,0,0,0.013722048708947955,0.006666666666666667,5.254827458711707e-08,0.016406549140810966,0.011536607903738817
powershell_benign_dataset,651.ps1,0,2,0.0013373131554344842,0.0,1.5395398291461385e-08,0.0043820166029036045,0.0021910083014518023
powershell_benign_dataset,652.ps1,0,0,0.00319960156900728,0.006666666666666667,1.7907344199151128e-09,0.016513215377926826,0.011589941022296747
powershell_benign_dataset,653.ps1,0,2,0.0005177795645065676,0.0,4.3103217191860905e-09,0.005545439664274454,0.002772719832137227
powershell_benign_dataset,654.ps1,0,4,0.0026232252327824225,0.0,2.3511115669757205e-07,0.0025964812375605106,0.0012982406187802553
powershell_benign_dataset,655.ps1,0,3,0.0017457519452212728,0.006666666666666667,2.5371295469978375e-09,0.003133996855467558,0.004900331761067113
powershell_benign_dataset,656.ps1,0,2,0.002403922322315657,0.0,1.4409326919734816e-08,0.005597133655101061,0.0027985668275505304
powershell_benign_dataset,657.ps1,0,2,0.0013055445643352674,0.006666666666666667,5.6637679448600675e-09,0.0032445844262838364,0.004955625546475252
powershell_benign_dataset,658.ps1,0,0,0.0036721702897810067,0.013333333333333334,1.2265370298657238e-06,0.0111714918166399,0.012252412574986618
powershell_benign_dataset,659.ps1,0,1,0.004213765807342024,0.01,2.103984343678865e-06,0.0038484728429466486,0.006924236421473324
powershell_benign_dataset,66.ps1,0,3,0.16592029824746607,0.16666666666666666,4.699270515716575e-05,0.00267354235984385,0.08467010451325525
powershell_benign_dataset,660.ps1,0,4,6.911271731491836e-05,0.023333333333333334,0.0002531652499065007,0.01328924112021923,0.01831128722677628
powershell_benign_dataset,661.ps1,0,1,0.006531570876458881,0.0033333333333333335,6.325511661807859e-09,0.00447110878303647,0.003902221058184902
powershell_benign_dataset,662.ps1,0,0,0.004257901645524051,0.0033333333333333335,1.1317416112322615e-07,0.030272308737039566,0.01680282103518645
powershell_benign_dataset,663.ps1,0,2,0.008085461865012423,0.006666666666666667,2.8709096310743553e-08,0.003314809873700142,0.004990738270183405
powershell_benign_dataset,664.ps1,0,1,0.008631849311651434,0.013333333333333334,5.887918150171068e-08,0.002681915182620287,0.008007624257976811
powershell_benign_dataset,665.ps1,0,1,0.0007263416081904062,0.013333333333333334,2.3063951919142002e-08,0.006292969919741154,0.009813151626537245
powershell_benign_dataset,666.ps1,0,4,0.005876906399223136,0.0,4.018548938599391e-08,0.0018567602382972836,0.0009283801191486418
powershell_benign_dataset,667.ps1,0,0,0.013638206297682424,0.02,4.350233225962674e-07,0.01402337197214365,0.017011685986071827
powershell_benign_dataset,668.ps1,0,3,0.006425353119877149,0.0,6.30330221899791e-08,0.0037129090633243322,0.0018564545316621661
powershell_benign_dataset,669.ps1,0,3,0.021745567234254214,0.06333333333333334,5.960144305653834e-07,0.004989882465451956,0.03416160789939265
powershell_benign_dataset,67.ps1,0,2,0.016019036563839486,0.0,6.3076440758474776e-09,0.003098958870396018,0.001549479435198009
powershell_benign_dataset,670.ps1,0,2,0.003976876717905061,0.006666666666666667,1.7417394112084866e-07,0.0033713020384311676,0.005018984352548918
powershell_benign_dataset,671.ps1,0,4,0.005683375954240091,0.013333333333333334,2.5625727690482303e-08,0.004823116585612297,0.009078224959472816
powershell_benign_dataset,672.ps1,0,0,0.005250399093454095,0.056666666666666664,7.524685764572213e-07,0.0369366779923439,0.04680167232950529
powershell_benign_dataset,673.ps1,0,4,0.007417386035706594,0.0,1.2006915442030269e-08,0.0021303531248122454,0.0010651765624061227
powershell_benign_dataset,674.ps1,0,2,0.0014296422028496584,0.006666666666666667,2.2741908599871506e-08,0.0030669765546917915,0.00486682161067923
powershell_benign_dataset,675.ps1,0,2,0.01226279516085112,0.01,4.010324428098756e-08,0.0030530309304594994,0.00652651546522975
powershell_benign_dataset,676.ps1,0,1,0.009019794373584814,0.006666666666666667,1.0093824716563786e-07,0.011787130497395992,0.00922689858203133
powershell_benign_dataset,677.ps1,0,1,5.106108656429641e-05,0.01,1.4956246378906471e-06,0.0018408719915896654,0.005920435995794833
powershell_benign_dataset,678.ps1,0,0,0.006143166314180776,0.01,2.958760715655665e-08,0.019596992060542107,0.014798496030271054
powershell_benign_dataset,679.ps1,0,3,0.013046019954099907,0.0,1.4036210774594423e-08,0.0018203018698841333,0.0009101509349420667
powershell_benign_dataset,68.ps1,0,1,0.027491155115658656,0.05,1.5981068649457437e-06,0.0034157591871917248,0.026707879593595864
powershell_benign_dataset,680.ps1,0,3,0.00011537443161267142,0.0033333333333333335,4.998050682505406e-08,0.006985086016356945,0.0051592096748451395
powershell_benign_dataset,681.ps1,0,0,0.02884401031936461,0.13,5.695783364611865e-05,0.06541386991739273,0.09770693495869637
powershell_benign_dataset,682.ps1,0,0,0.031070056133629183,0.0,2.549490208931401e-09,0.02316763997077942,0.01158381998538971
powershell_benign_dataset,683.ps1,0,4,0.010347175203078946,0.0033333333333333335,1.0562696972087907e-07,0.007159581407904625,0.0052464573706189795
powershell_benign_dataset,684.ps1,0,2,0.007396083338683051,0.0,1.1486604213607986e-07,0.009651265107095242,0.004825632553547621
powershell_benign_dataset,685.ps1,0,2,0.00900046208080595,0.0,1.4719178153317217e-08,0.005295179784297943,0.0026475898921489716
powershell_benign_dataset,686.ps1,0,3,0.013473649770740628,0.0033333333333333335,3.090342514037833e-08,0.014708491042256355,0.009020912187794845
powershell_benign_dataset,687.ps1,0,0,0.009942426896975918,0.0,1.149827200995466e-07,0.019300196319818497,0.009650098159909248
powershell_benign_dataset,688.ps1,0,4,0.004087261614988247,0.01,5.780392351910156e-07,0.008706271648406982,0.009353135824203492
powershell_benign_dataset,689.ps1,0,0,0.01329034214395706,0.0,7.299807557408799e-08,0.032913025468587875,0.016456512734293938
powershell_benign_dataset,69.ps1,0,3,0.012472717706621358,0.02666666666666667,1.0181390260557173e-07,0.0026578432880342007,0.014662254977350435
powershell_benign_dataset,690.ps1,0,0,0.028638272394016215,0.0,2.1898107630331393e-08,0.0375678576529026,0.0187839288264513
powershell_benign_dataset,691.ps1,0,0,0.0028131022857843563,0.0,4.170438019918176e-08,0.018852736800909042,0.009426368400454521
powershell_benign_dataset,692.ps1,0,0,7.353796813077811e-05,0.013333333333333334,5.084002518288893e-07,0.03307622671127319,0.023204780022303265
powershell_benign_dataset,693.ps1,0,4,0.003423670673829238,0.0,1.731774525075238e-07,0.0031972741708159447,0.0015986370854079723
powershell_benign_dataset,694.ps1,0,4,0.0005213479181907825,0.01,3.3328677695036355e-07,0.0033207826782017946,0.006660391339100897
powershell_benign_dataset,695.ps1,0,3,0.056536261357005936,0.013333333333333334,2.3467938935106168e-06,0.01892872154712677,0.016131027440230053
powershell_benign_dataset,696.ps1,0,4,0.008532167055309953,0.0033333333333333335,2.2360894436806732e-08,0.01609901338815689,0.009716173360745112
powershell_benign_dataset,697.ps1,0,3,0.023028904938213704,0.0033333333333333335,1.413704717348852e-07,0.017804346978664398,0.010568840155998866
powershell_benign_dataset,698.ps1,0,4,0.011632089090990819,0.0,3.6867528558124274e-08,0.028543127700686455,0.014271563850343227
powershell_benign_dataset,699.ps1,0,4,0.013062258878385845,0.0,8.442487187816733e-09,0.0273293349891901,0.01366466749459505
powershell_benign_dataset,7.ps1,0,3,0.03175873903475934,0.07666666666666666,1.2257084770652771e-06,0.015651389956474304,0.04615902831157048
powershell_benign_dataset,70.ps1,0,0,0.0037320192627139466,0.01,2.88719883049876e-08,0.01736193522810936,0.01368096761405468
powershell_benign_dataset,700.ps1,0,4,0.0030282657600476867,0.006666666666666667,1.524236540810722e-08,0.010023095645010471,0.00834488115583857
powershell_benign_dataset,701.ps1,0,4,0.26218064108388633,0.02666666666666667,2.167214532392444e-05,0.021184341982007027,0.02392550432433685
powershell_benign_dataset,702.ps1,0,3,0.048486046846997574,0.0,2.1903049236432428e-07,0.008082356303930283,0.004041178151965141
powershell_benign_dataset,703.ps1,0,4,0.008594026346035531,0.0,6.219870362390866e-08,0.018573381006717682,0.009286690503358841
powershell_benign_dataset,704.ps1,0,2,0.01296353458498443,0.0,1.9481220983962835e-07,0.006413704715669155,0.0032068523578345776
powershell_benign_dataset,705.ps1,0,0,0.024723349168663877,0.0,3.824172847360029e-08,0.017078129574656487,0.008539064787328243
powershell_benign_dataset,706.ps1,0,4,0.156110417962034,0.0,3.9411743747990584e-07,0.006570122670382261,0.0032850613351911306
powershell_benign_dataset,707.ps1,0,3,0.10616253566355609,0.0,2.546384115691766e-07,0.01805003546178341,0.009025017730891705
powershell_benign_dataset,708.ps1,0,1,0.14277778267002642,0.0,6.273530958891125e-08,0.012202142737805843,0.006101071368902922
powershell_benign_dataset,709.ps1,0,0,0.1105166271663189,0.0,1.9131407828116738e-07,0.023296568542718887,0.011648284271359444
powershell_benign_dataset,71.ps1,0,3,0.0007398677857927026,0.0,1.2711403078397399e-08,0.002612838987261057,0.0013064194936305285
powershell_benign_dataset,710.ps1,0,4,0.01285835845811828,0.0,5.66384360799642e-09,0.051467105746269226,0.025733552873134613
powershell_benign_dataset,711.ps1,0,1,0.10688346471119602,0.016666666666666666,3.2131559810139475e-07,0.00571403419598937,0.011190350431328018
powershell_benign_dataset,712.ps1,0,2,0.2336773201268777,0.0033333333333333335,2.0620662445615662e-07,0.006852822843939066,0.0050930780886362
powershell_benign_dataset,713.ps1,0,2,0.25614994211618036,0.0,5.359053947469392e-08,0.0074255927465856075,0.0037127963732928038
powershell_benign_dataset,714.ps1,0,3,0.08170531382026325,0.01,2.3526497487932846e-07,0.015186182223260403,0.012593091111630202
powershell_benign_dataset,715.ps1,0,4,0.4510125467657305,0.03333333333333333,1.042769891808523e-06,0.025179490447044373,0.029256411890188853
powershell_benign_dataset,716.ps1,0,3,0.15087228275467518,0.0,4.0047083599026555e-08,0.04333136975765228,0.02166568487882614
powershell_benign_dataset,717.ps1,0,2,0.022417946715010614,0.0,6.2516727665984546e-09,0.05190834775567055,0.025954173877835274
powershell_benign_dataset,718.ps1,0,3,0.013083478009449152,0.0,7.557181821979304e-08,0.0024248359259217978,0.0012124179629608989
powershell_benign_dataset,719.ps1,0,1,0.012942810777181166,0.016666666666666666,1.5655998984654354e-06,0.006926046218723059,0.011796356442694863
powershell_benign_dataset,72.ps1,0,0,0.0528088059379381,0.10666666666666667,1.6348008741489686e-05,0.01313302107155323,0.05989984386910995
powershell_benign_dataset,720.ps1,0,1,0.016425568402503848,0.0,2.902567059275633e-08,0.012292180210351944,0.006146090105175972
powershell_benign_dataset,721.ps1,0,3,0.01870947242857955,0.006666666666666667,4.349029391162951e-06,0.009229536168277264,0.007948101417471966
powershell_benign_dataset,722.ps1,0,3,0.00928371315348381,0.006666666666666667,2.9428395400917365e-06,0.00968551728874445,0.008176091977705559
powershell_benign_dataset,723.ps1,0,0,0.018129249810715616,0.01,2.5360028000900435e-08,0.020931245759129524,0.015465622879564763
powershell_benign_dataset,724.ps1,0,3,0.02061853989931104,0.006666666666666667,8.31100820046973e-07,0.005365173798054457,0.006015920232360562
powershell_benign_dataset,725.ps1,0,2,0.01633783103773349,0.04,8.498726781676648e-07,0.010934866964817047,0.025467433482408524
powershell_benign_dataset,726.ps1,0,2,0.006248156672782919,0.01,1.2422630173689627e-08,0.005698418244719505,0.007849209122359754
powershell_benign_dataset,727.ps1,0,0,0.021714474566770777,0.0033333333333333335,2.575083743211136e-07,0.014574680477380753,0.008954006905357043
powershell_benign_dataset,728.ps1,0,4,0.01091320866835304,0.0,4.980170376488379e-08,0.025528060272336006,0.012764030136168003
powershell_benign_dataset,729.ps1,0,2,0.008939850369766869,0.013333333333333334,1.459151092866828e-07,0.011081666685640812,0.012207500009487074
powershell_benign_dataset,73.ps1,0,1,0.015796926364178343,0.0,2.645071205235404e-09,0.0021232925355434418,0.0010616462677717209
powershell_benign_dataset,730.ps1,0,4,0.012801512212037914,0.0,5.11422514756291e-08,0.009908274747431278,0.004954137373715639
powershell_benign_dataset,731.ps1,0,0,0.01005236716319325,0.01,1.6047177741845788e-07,0.02443704567849636,0.01721852283924818
powershell_benign_dataset,732.ps1,0,2,0.01014871941523935,0.0,2.354011847291137e-07,0.011214065365493298,0.005607032682746649
powershell_benign_dataset,733.ps1,0,2,0.015506268535007443,0.016666666666666666,2.528854571655288e-07,0.009050298482179642,0.012858482574423154
powershell_benign_dataset,734.ps1,0,3,0.013425443769600708,0.0,8.160637189018672e-09,0.007547544315457344,0.003773772157728672
powershell_benign_dataset,735.ps1,0,1,0.008678639237777815,0.013333333333333334,3.640016028117727e-07,0.006805197801440954,0.010069265567387145
powershell_benign_dataset,736.ps1,0,2,0.01448552702436199,0.023333333333333334,4.0975099923126515e-05,0.02192332223057747,0.0226283277819554
powershell_benign_dataset,737.ps1,0,4,0.01211832369978286,0.01,3.61095292479215e-07,0.0021957845892757177,0.006097892294637859
powershell_benign_dataset,738.ps1,0,2,0.007243377800704619,0.0033333333333333335,7.518894972786839e-07,0.01575753092765808,0.009545432130495708
powershell_benign_dataset,739.ps1,0,3,0.015950111056561512,0.0033333333333333335,1.9457295709284197e-07,0.006891308352351189,0.005112320842842261
powershell_benign_dataset,74.ps1,0,4,0.01863740166153944,0.0,4.611227521420349e-09,0.002471372252330184,0.001235686126165092
powershell_benign_dataset,740.ps1,0,1,0.013028480371324865,0.016666666666666666,8.293342083427032e-05,0.008555317297577858,0.012610991982122262
powershell_benign_dataset,741.ps1,0,1,0.02094930539881329,0.03666666666666667,2.641424699195071e-07,0.010311072692275047,0.023488869679470857
powershell_benign_dataset,743.ps1,0,1,0.060301260874169295,0.0033333333333333335,1.759077625734941e-07,0.08454466611146927,0.0439389997224013
powershell_benign_dataset,744.ps1,0,3,0.003632186151615843,0.0033333333333333335,1.893911362645949e-08,0.008548855781555176,0.005941094557444255
powershell_benign_dataset,746.ps1,0,4,0.01371436056363361,0.0,2.7389584686994243e-08,0.005661006085574627,0.0028305030427873135
powershell_benign_dataset,747.ps1,0,4,0.0051574141910527335,0.016666666666666666,1.0340495660502701e-08,0.005815017502754927,0.011240842084710797
powershell_benign_dataset,748.ps1,0,4,0.0031367257787983105,0.02,1.070978643737159e-08,0.003623948898166418,0.01181197444908321
powershell_benign_dataset,749.ps1,0,0,0.007178478448367371,0.0033333333333333335,9.716341539882175e-08,0.03531597927212715,0.019324656302730243
powershell_benign_dataset,75.ps1,0,1,0.018524430501137504,0.0,1.2658517667902557e-09,0.0027264978270977736,0.0013632489135488868
powershell_benign_dataset,750.ps1,0,1,0.5841803145383743,0.07333333333333333,9.104145868967722e-05,0.02170676365494728,0.04752004849414031
powershell_benign_dataset,751.ps1,0,3,0.04079379909827453,0.006666666666666667,1.8895579241491717e-06,0.005146679002791643,0.0059066728347291556
powershell_benign_dataset,752.ps1,0,4,2.201256867829921e-05,0.0,4.711140546281991e-09,0.004074307158589363,0.0020371535792946815
powershell_benign_dataset,753.ps1,0,2,0.0019202590465219576,0.0,9.192782083114339e-09,0.004801458679139614,0.002400729339569807
powershell_benign_dataset,754.ps1,0,1,0.0014124428849289696,0.0,4.5279482852605385e-08,0.004448105115443468,0.002224052557721734
powershell_benign_dataset,755.ps1,0,0,0.000759575386888437,0.0,2.1291794950105724e-09,0.018971726298332214,0.009485863149166107
powershell_benign_dataset,756.ps1,0,4,0.00973698292581305,0.0,2.031187873420888e-08,0.003013990819454193,0.0015069954097270966
powershell_benign_dataset,757.ps1,0,1,0.016162292060778634,0.0033333333333333335,1.0253403807255359e-07,0.00681522861123085,0.005074280972282092
powershell_benign_dataset,758.ps1,0,1,0.08761965858817397,0.0033333333333333335,2.4284109279630606e-06,0.018756072968244553,0.011044703150788943
powershell_benign_dataset,759.ps1,0,2,0.024602710107721013,0.056666666666666664,1.6637326806126083e-05,0.04873938485980034,0.052703025763233505
powershell_benign_dataset,76.ps1,0,1,0.022773587911870615,0.0,2.9505539516273128e-09,0.0030050885397940874,0.0015025442698970437
powershell_benign_dataset,760.ps1,0,3,0.0015095167280108,0.0,1.452227025034026e-08,0.002959391102194786,0.001479695551097393
powershell_benign_dataset,762.ps1,0,3,0.015954069581174724,0.013333333333333334,6.04438527192392e-05,0.004826211836189032,0.009079772584761184
powershell_benign_dataset,763.ps1,0,4,0.01071678616632394,0.0033333333333333335,2.5637999666638326e-08,0.0017854184843599796,0.002559375908846657
powershell_benign_dataset,764.ps1,0,4,0.013981256396547171,0.0,1.3888913623480081e-08,0.003162943758070469,0.0015814718790352345
powershell_benign_dataset,765.ps1,0,1,0.016910366953546897,0.01,7.80771310134505e-07,0.005615915637463331,0.007807957818731666
powershell_benign_dataset,766.ps1,0,4,0.07665009004155345,0.03,8.923881541823039e-08,0.022234059870243073,0.026117029935121536
powershell_benign_dataset,767.ps1,0,1,0.0045930043920809635,0.006666666666666667,3.124419167927192e-08,0.024268891662359238,0.015467779164512953
powershell_benign_dataset,768.ps1,0,4,0.06334692253237312,0.006666666666666667,1.3145657952189707e-07,0.013284633867442608,0.009975650267054638
powershell_benign_dataset,769.ps1,0,2,0.007590276027135656,0.0,1.2440417170259042e-08,0.02580537274479866,0.01290268637239933
powershell_benign_dataset,77.ps1,0,3,0.006495116668940875,0.006666666666666667,3.1814909474575213e-07,0.0027514740359038115,0.00470907035128524
powershell_benign_dataset,770.ps1,0,1,0.0006523240332771918,0.016666666666666666,2.1088677693361044e-07,0.008548508398234844,0.012607587532450755
powershell_benign_dataset,771.ps1,0,1,0.0031295926605120435,0.006666666666666667,7.593537805072569e-08,0.003901984542608261,0.0052843256046374645
powershell_benign_dataset,772.ps1,0,0,0.07538651452887743,0.16333333333333333,0.00020557040494930523,0.05159109830856323,0.10746221582094828
powershell_benign_dataset,773.ps1,0,1,0.061834515154144884,0.03666666666666667,3.615063805951007e-07,0.008586370386183262,0.022626518526424964
powershell_benign_dataset,774.ps1,0,2,0.014471735403759114,0.0033333333333333335,3.5188368493285693e-09,0.001849098247475922,0.002591215790404628
powershell_benign_dataset,775.ps1,0,4,0.04600370405761914,0.006666666666666667,6.914020422320633e-06,0.009672258049249649,0.008169462357958159
powershell_benign_dataset,776.ps1,0,3,0.11769011922500948,0.02,7.153499288265178e-07,0.029736021533608437,0.02486801076680422
powershell_benign_dataset,777.ps1,0,4,0.01527097836180466,0.0033333333333333335,1.741555057035007e-07,0.002987357322126627,0.0031603453277299805
powershell_benign_dataset,778.ps1,0,1,0.009188165855904868,0.01,3.8345216034448736e-07,0.010341544635593891,0.010170772317796947
powershell_benign_dataset,779.ps1,0,2,0.012285401669162057,0.17,0.011032886833173956,0.022087370976805687,0.09604368548840285
powershell_benign_dataset,78.ps1,0,3,0.010559102292268106,0.0,1.5822452662706874e-08,0.0022557470947504044,0.0011278735473752022
powershell_benign_dataset,780.ps1,0,3,0.002922600874543661,0.0033333333333333335,2.239609392336476e-07,0.005907800048589706,0.00462056669096152
powershell_benign_dataset,781.ps1,0,4,0.0475982604942019,0.01,1.4349474856256963e-07,0.007337913848459721,0.008668956924229861
powershell_benign_dataset,782.ps1,0,4,0.0016278322406827847,0.006666666666666667,3.394303194108386e-08,0.012396411038935184,0.009531538852800926
powershell_benign_dataset,783.ps1,0,1,0.024860215617954526,0.01,6.448577232840002e-06,0.0034042897168546915,0.006702144858427346
powershell_benign_dataset,784.ps1,0,1,0.03427453254746243,0.006666666666666667,2.1398420076514224e-06,0.0056152259930968285,0.006140946329881748
powershell_benign_dataset,785.ps1,0,3,0.0031945713716896554,0.0033333333333333335,7.828035831438313e-07,0.0025679096579551697,0.002950621495644252
powershell_benign_dataset,786.ps1,0,2,0.01748451421162338,0.0,1.4066045298938026e-07,0.006051556207239628,0.003025778103619814
powershell_benign_dataset,787.ps1,0,4,0.021257488754059962,0.0,1.175507932726183e-06,0.006072325631976128,0.003036162815988064
powershell_benign_dataset,788.ps1,0,3,0.002950226697850001,0.023333333333333334,1.748776377578665e-05,0.0032143157441169024,0.013273824538725118
powershell_benign_dataset,789.ps1,0,3,0.011775703303367776,0.02,0.0006376713326362241,0.012120324186980724,0.016060162093490364
powershell_benign_dataset,79.ps1,0,4,0.01782964540535384,0.0,1.3029284919650735e-09,0.006056778598576784,0.003028389299288392
powershell_benign_dataset,790.ps1,0,0,0.024855193347096224,0.0,1.2216061196885907e-07,0.030449021607637405,0.015224510803818703
powershell_benign_dataset,791.ps1,0,4,0.016966559856247277,0.0,8.237104870109254e-09,0.008453117683529854,0.004226558841764927
powershell_benign_dataset,792.ps1,0,0,0.0022718953688878303,0.02,2.2593657842027504e-07,0.009686359204351902,0.014843179602175951
powershell_benign_dataset,796.ps1,0,1,0.0022555702613191475,0.0,1.1316415236914015e-08,0.01076684333384037,0.005383421666920185
powershell_benign_dataset,8.ps1,0,2,0.04587457465233326,0.006666666666666667,8.886685434166127e-08,0.005450983066111803,0.0060588248663892355
powershell_benign_dataset,80.ps1,0,0,0.030804636422187292,0.0,9.522298145393998e-09,0.010814366862177849,0.005407183431088924
powershell_benign_dataset,801.ps1,0,0,0.0014689706727423876,0.006666666666666667,9.675883683639781e-08,0.013572686351835728,0.010119676509251198
powershell_benign_dataset,803.ps1,0,0,5.954565439188412e-05,0.01,6.681511561293786e-08,0.02198600582778454,0.01599300291389227
powershell_benign_dataset,804.ps1,0,0,4.3309442921230605e-05,0.0033333333333333335,2.5869271387241016e-08,0.02955944463610649,0.016446388984719913
powershell_benign_dataset,81.ps1,0,0,0.03949214807636154,0.0,3.3238054206403244e-09,0.014487359672784805,0.007243679836392403
powershell_benign_dataset,811.ps1,0,4,0.024873468459685903,0.03,1.657245855134162e-07,0.01721256785094738,0.02360628392547369
powershell_benign_dataset,815.ps1,0,1,0.1000448801444292,0.22666666666666666,7.77944238437428e-06,0.019142024219036102,0.12290434544285138
powershell_benign_dataset,816.ps1,0,1,0.013551649294727202,0.013333333333333334,2.62803978736474e-07,0.009184238500893116,0.011258785917113226
powershell_benign_dataset,817.ps1,0,3,0.005811594814882245,0.01,6.344102377653545e-09,0.02607598900794983,0.018037994503974916
powershell_benign_dataset,82.ps1,0,0,0.0130517789314373,0.0,8.760906051861395e-09,0.011367028579115868,0.005683514289557934
powershell_benign_dataset,822.ps1,0,0,0.0006046143475264622,0.016666666666666666,3.4772793678369715e-07,0.029380280524492264,0.023023473595579463
powershell_benign_dataset,823.ps1,0,1,0.03282833087159643,0.03333333333333333,3.342197220698912e-07,0.0022460543550550938,0.017789693844194213
powershell_benign_dataset,824.ps1,0,0,0.004336758162058518,0.013333333333333334,4.463042849042941e-06,0.04999001324176788,0.03166167328755061
powershell_benign_dataset,825.ps1,0,2,0.0010976483910465232,0.016666666666666666,1.876723539147595e-07,0.002810123609378934,0.0097383951380228
powershell_benign_dataset,826.ps1,0,0,0.0017773453056122584,0.02,4.9425916429951014e-08,0.02396264858543873,0.021981324292719366
powershell_benign_dataset,827.ps1,0,3,0.0018640500133864414,0.03333333333333333,8.770000619278636e-06,0.011608259752392769,0.02247079654286305
powershell_benign_dataset,828.ps1,0,0,0.006154032271101157,0.016666666666666666,2.3064217711698826e-06,0.019014131277799606,0.017840398972233135
powershell_benign_dataset,829.ps1,0,2,0.0004630979419271952,0.0,1.9840001116544614e-08,0.0068219127133488655,0.0034109563566744328
powershell_benign_dataset,83.ps1,0,1,0.0010311326150858628,0.02666666666666667,2.493739949512571e-06,0.0042501771822571754,0.015458421924461922
powershell_benign_dataset,830.ps1,0,2,0.0013104858951288529,0.016666666666666666,1.3234063886849278e-07,0.0028200680390000343,0.00974336735283335
powershell_benign_dataset,831.ps1,0,3,0.0047405748360791885,0.016666666666666666,6.977948626587429e-07,0.005321036092936993,0.01099385137980183
powershell_benign_dataset,833.ps1,0,0,0.01241641378020281,0.0033333333333333335,5.965718756302365e-08,0.012116235680878162,0.007724784507105748
powershell_benign_dataset,834.ps1,0,2,0.004737838706178166,0.0,2.4966337286666887e-08,0.002284581772983074,0.001142290886491537
powershell_benign_dataset,836.ps1,0,0,0.01274372590563188,0.0033333333333333335,5.911421010143658e-08,0.013719363138079643,0.008526348235706489
powershell_benign_dataset,837.ps1,0,2,0.007004034325627222,0.0,9.496526875560193e-08,0.003672746242955327,0.0018363731214776635
powershell_benign_dataset,838.ps1,0,1,0.0073424398060219845,0.0,9.235458741287738e-08,0.002234936458989978,0.001117468229494989
powershell_benign_dataset,839.ps1,0,3,0.010307537135205701,0.02,2.5065603143572587e-07,0.0022328789345920086,0.011116439467296005
powershell_benign_dataset,84.ps1,0,3,0.00012360771335755851,0.0033333333333333335,8.672291783000855e-09,0.0024293730966746807,0.0028813532150040073
powershell_benign_dataset,840.ps1,0,3,0.00877252101182263,0.0,2.2772165018651933e-09,0.0020578503608703613,0.0010289251804351807
powershell_benign_dataset,841.ps1,0,2,0.011910160405143545,0.0,9.023345429937748e-07,0.0035906091798096895,0.0017953045899048448
powershell_benign_dataset,842.ps1,0,4,0.0053727863578266555,0.0,4.149957167290515e-09,0.0011639766162261367,0.0005819883081130683
powershell_benign_dataset,843.ps1,0,3,0.009508761875664044,0.0,2.8238934517699683e-08,0.0023697365541011095,0.0011848682770505548
powershell_benign_dataset,844.ps1,0,1,0.004864745490518415,0.0,8.718619578975714e-09,0.0020612040534615517,0.0010306020267307758
powershell_benign_dataset,845.ps1,0,0,0.0040891217635248955,0.01,1.150608942636387e-08,0.01111433282494545,0.010557166412472726
powershell_benign_dataset,846.ps1,0,3,0.0031139911098867538,0.006666666666666667,1.7486507628645792e-08,0.002352346433326602,0.004509506549996635
powershell_benign_dataset,847.ps1,0,3,0.007953806974314867,0.02,2.646884253067539e-08,0.0019331033108755946,0.010966551655437798
powershell_benign_dataset,848.ps1,0,0,0.026620214213484778,0.013333333333333334,1.772311402416911e-08,0.014351977035403252,0.013842655184368294
powershell_benign_dataset,849.ps1,0,0,0.003880866152242299,0.013333333333333334,9.63867169432686e-09,0.009497624821960926,0.011415479077647131
powershell_benign_dataset,85.ps1,0,4,0.0003737707857520341,0.0,9.588106928451096e-08,0.003375040367245674,0.001687520183622837
powershell_benign_dataset,850.ps1,0,0,0.0392461431368723,0.18,0.0046024305552311495,0.06248391047120094,0.12124195523560047
powershell_benign_dataset,851.ps1,0,2,0.001356965088983419,0.0033333333333333335,3.217053946704305e-07,0.003526418237015605,0.0034298757851744695
powershell_benign_dataset,852.ps1,0,3,0.010560076720821624,0.0033333333333333335,6.401013279547005e-09,0.0020860356744378805,0.0027096845038856072
powershell_benign_dataset,853.ps1,0,1,0.01825591827997963,0.0,2.9472499891806097e-09,0.0017387872794643044,0.0008693936397321522
powershell_benign_dataset,854.ps1,0,3,0.01931703662996071,0.01,1.6346430310634372e-08,0.003884908277541399,0.0069424541387707
powershell_benign_dataset,855.ps1,0,4,0.00362897764169006,0.02,9.89691009776382e-07,0.004191267769783735,0.012095633884891868
powershell_benign_dataset,856.ps1,0,0,0.01227947382467402,0.006666666666666667,2.5143611485804724e-09,0.01682763732969761,0.011747151998182138
powershell_benign_dataset,857.ps1,0,2,0.0007947729269010864,0.0,4.50826215498571e-09,0.0028412218671292067,0.0014206109335646033
powershell_benign_dataset,858.ps1,0,4,0.04282075406408786,0.023333333333333334,6.404730201222061e-08,0.004776371642947197,0.014054852488140266
powershell_benign_dataset,859.ps1,0,2,0.02078053965571074,0.0033333333333333335,1.0176101717946728e-08,0.00427616760134697,0.003804750467340152
powershell_benign_dataset,86.ps1,0,1,0.018696234515781427,0.0,7.512196382960039e-09,0.0025597577914595604,0.0012798788957297802
powershell_benign_dataset,860.ps1,0,4,0.007738567203004505,0.0,1.99854310001311e-07,0.004253629595041275,0.0021268147975206375
powershell_benign_dataset,861.ps1,0,1,0.014882845645830195,0.0,5.78071417513705e-09,0.006417473778128624,0.003208736889064312
powershell_benign_dataset,862.ps1,0,0,0.007208665948752644,0.0,4.88586761909716e-08,0.00873645581305027,0.004368227906525135
powershell_benign_dataset,863.ps1,0,2,0.007906216154387847,0.006666666666666667,6.015652075891507e-08,0.0009767211740836501,0.0038216939203751586
powershell_benign_dataset,864.ps1,0,1,0.009415641213552258,0.0,1.5105655120486485e-08,0.001536835334263742,0.000768417667131871
powershell_benign_dataset,865.ps1,0,3,0.0035802303744256205,0.0,1.866208723085863e-08,0.0016701307613402605,0.0008350653806701303
powershell_benign_dataset,866.ps1,0,0,0.00831787292429007,0.0,2.8697718975870665e-08,0.009609179571270943,0.004804589785635471
powershell_benign_dataset,867.ps1,0,2,0.007215838992057182,0.023333333333333334,1.987309740515108e-07,0.000879357336089015,0.012106345334711175
powershell_benign_dataset,868.ps1,0,2,0.006168566805279484,0.0,6.349212371159252e-09,0.003968511708080769,0.0019842558540403843
powershell_benign_dataset,869.ps1,0,0,0.010804969235342177,0.02666666666666667,1.839517534025679e-06,0.013455521315336227,0.02006109399100145
powershell_benign_dataset,87.ps1,0,4,0.002282220524910367,0.0,1.0516634998231667e-08,0.0028616769704967737,0.0014308384852483869
powershell_benign_dataset,870.ps1,0,0,0.044710527182066806,0.0033333333333333335,2.2523456697467435e-08,0.02961287833750248,0.016473105835417907
powershell_benign_dataset,871.ps1,0,4,0.07150253989442497,0.02666666666666667,3.407368600778682e-07,0.0042236181907355785,0.015445142428701123
powershell_benign_dataset,872.ps1,0,3,0.003900486860877365,0.0033333333333333335,2.873847496653174e-09,0.003652696730569005,0.0034930150319511695
powershell_benign_dataset,873.ps1,0,1,0.014592503460080177,0.006666666666666667,8.005898320682193e-09,0.0064547196961939335,0.006560693181430301
powershell_benign_dataset,874.ps1,0,2,0.003969582837471841,0.0033333333333333335,1.4977792606216928e-08,0.004040590487420559,0.0036869619103769465
powershell_benign_dataset,875.ps1,0,1,0.019554789782936385,0.01,1.031773707592486e-05,0.012554227374494076,0.011277113687247039
powershell_benign_dataset,876.ps1,0,4,0.010229646898877806,0.0,4.577825860720161e-09,0.006225197110325098,0.003112598555162549
powershell_benign_dataset,877.ps1,0,4,0.007470332003555886,0.0033333333333333335,9.901383761621965e-08,0.003564066719263792,0.003448700026298563
powershell_benign_dataset,878.ps1,0,3,0.0016977894709860326,0.0,7.039606145929833e-09,0.0017354994779452682,0.0008677497389726341
powershell_benign_dataset,879.ps1,0,2,0.0028044270292608914,0.006666666666666667,5.977575899793928e-08,0.0008440787787549198,0.0037553727227107934
powershell_benign_dataset,88.ps1,0,1,0.008774459096874842,0.0,1.0212513402230165e-09,0.003126491792500019,0.0015632458962500095
powershell_benign_dataset,880.ps1,0,4,0.01101075943927274,0.0,1.2383756150526543e-08,0.0018823847640305758,0.0009411923820152879
powershell_benign_dataset,881.ps1,0,3,0.0009161979790036577,0.02666666666666667,8.882932444048482e-08,0.003250270616263151,0.01495846864146491
powershell_benign_dataset,882.ps1,0,4,0.0017826602967538558,0.04666666666666667,5.761879019214761e-08,0.003986889496445656,0.025326778081556162
powershell_benign_dataset,883.ps1,0,2,0.4399325264652383,0.16,0.00286281767716767,0.01397147960960865,0.08698573980480433
powershell_benign_dataset,884.ps1,0,2,0.02022557132044833,0.08,6.111062085956738e-07,0.004070095252245665,0.04203504762612283
powershell_benign_dataset,885.ps1,0,3,0.02743682102519799,0.0,2.0437276553865916e-08,0.0034953588619828224,0.0017476794309914112
powershell_benign_dataset,886.ps1,0,0,0.06317758308649642,0.12333333333333334,8.224022697003579e-07,0.03533095121383667,0.07933214227358501
powershell_benign_dataset,887.ps1,0,3,0.0069234352343410235,0.006666666666666667,6.770411085442174e-07,0.0035921481903642416,0.005129407428515455
powershell_benign_dataset,888.ps1,0,1,0.04594100756677831,0.06,6.249942977749532e-07,0.0028872147668153048,0.03144360738340765
powershell_benign_dataset,889.ps1,0,1,0.005203448354945359,0.03,4.725216139511549e-06,0.003287398489192128,0.016643699244596064
powershell_benign_dataset,89.ps1,0,1,0.02485066334309788,0.0,1.2766632756971691e-09,0.0027644087094813585,0.0013822043547406793
powershell_benign_dataset,890.ps1,0,1,0.009598757204728815,0.0,2.4507436950678426e-08,0.004208523780107498,0.002104261890053749
powershell_benign_dataset,891.ps1,0,3,0.020754137057501957,0.0,2.418889306896371e-08,0.004257082473486662,0.002128541236743331
powershell_benign_dataset,892.ps1,0,2,0.032938705473784614,0.043333333333333335,3.986092746420742e-06,0.0065500629134476185,0.024941698123390477
powershell_benign_dataset,893.ps1,0,0,0.03351951469951783,0.006666666666666667,6.560259269356828e-07,0.016732869669795036,0.011699768168230852
powershell_benign_dataset,894.ps1,0,1,0.02836653316784132,0.0033333333333333335,2.5101819598843758e-08,0.006003470625728369,0.004668401979530851
powershell_benign_dataset,895.ps1,0,4,0.015579029926169982,0.0033333333333333335,1.2714884728137206e-07,0.004443909041583538,0.003888621187458436
powershell_benign_dataset,896.ps1,0,0,0.07316314533627345,0.06666666666666667,5.92776440259273e-07,0.027307957410812378,0.04698731203873952
powershell_benign_dataset,897.ps1,0,3,0.01964988365169845,0.006666666666666667,1.008571655423085e-08,0.0032996609807014465,0.004983163823684057
powershell_benign_dataset,898.ps1,0,3,0.0711748985849488,0.06333333333333334,5.217498993408055e-07,0.00568969314917922,0.03451151324125628
powershell_benign_dataset,899.ps1,0,0,0.15434847446146915,0.043333333333333335,4.029462344835232e-06,0.10950782895088196,0.07642058114210765
powershell_benign_dataset,9.ps1,0,0,0.0032703838264221768,0.04,5.561517388336375e-06,0.035218339413404465,0.037609169706702236
powershell_benign_dataset,90.ps1,0,3,0.016505751663593533,0.0,8.82170486929267e-09,0.00203022756613791,0.001015113783068955
powershell_benign_dataset,900.ps1,0,1,0.02787893992770157,0.006666666666666667,5.695703717728937e-08,0.002891496755182743,0.0047790817109247055
powershell_benign_dataset,901.ps1,0,0,0.0688602899093944,0.043333333333333335,8.415567552074009e-06,0.076808862388134,0.06007109786073367
powershell_benign_dataset,902.ps1,0,1,0.03987230691860808,0.05,1.2294463518255803e-06,0.004711958114057779,0.02735597905702889
powershell_benign_dataset,903.ps1,0,1,0.024235054075744878,0.0033333333333333335,4.047106951259766e-08,0.004672517068684101,0.0040029252010087175
powershell_benign_dataset,904.ps1,0,3,0.025345670199908778,0.0,1.8602568263876844e-07,0.004435550421476364,0.002217775210738182
powershell_benign_dataset,905.ps1,0,4,0.01694308673461724,0.006666666666666667,3.5054898371341917e-08,0.004387211985886097,0.0055269393262763825
powershell_benign_dataset,906.ps1,0,1,0.03634412302021816,0.0,5.487938549501704e-08,0.0040548695251345634,0.0020274347625672817
powershell_benign_dataset,907.ps1,0,0,0.035805712552915904,0.0033333333333333335,4.023291045181926e-08,0.030620384961366653,0.016976859147349994
powershell_benign_dataset,908.ps1,0,3,0.05015785122857264,0.0,6.955310937727273e-07,0.010186875239014626,0.005093437619507313
powershell_benign_dataset,909.ps1,0,1,0.009940995548896736,0.013333333333333334,5.0301929491075644e-09,0.003966502845287323,0.00864991808931033
powershell_benign_dataset,91.ps1,0,2,0.00829304678327405,0.0,4.10354076014321e-09,0.00356989330612123,0.001784946653060615
powershell_benign_dataset,910.ps1,0,2,0.01904667314122712,0.01,1.2744849986441806e-07,0.0033450459595769644,0.006672522979788482
powershell_benign_dataset,911.ps1,0,3,0.29402673613576574,0.17666666666666667,1.9283242561011917e-05,0.027504317462444305,0.10208549206455549
powershell_benign_dataset,912.ps1,0,3,0.018939482622145478,0.006666666666666667,2.4718475781615293e-09,0.0029307601507753134,0.004798713408720991
powershell_benign_dataset,913.ps1,0,0,0.012185638482064349,0.0,4.059187037724211e-08,0.013623116537928581,0.006811558268964291
powershell_benign_dataset,914.ps1,0,4,0.010512121577684334,0.0,9.671885021109163e-08,0.0058106305077672005,0.0029053152538836002
powershell_benign_dataset,915.ps1,0,2,0.006484570491922182,0.0033333333333333335,6.34719421520669e-07,0.003320536809042096,0.003326935071187715
powershell_benign_dataset,916.ps1,0,0,0.0027914229685863886,0.01,9.081188353309282e-09,0.028163252398371696,0.01908162619918585
powershell_benign_dataset,917.ps1,0,1,0.023773416786483714,0.14333333333333334,2.55787174617814e-06,0.011144014075398445,0.07723867370436589
powershell_benign_dataset,918.ps1,0,1,0.009341871359678027,0.0033333333333333335,1.217320416932361e-08,0.004451615735888481,0.0038924745346109076
powershell_benign_dataset,919.ps1,0,4,0.024413805644573707,0.0,2.046660873673787e-07,0.0031082991044968367,0.0015541495522484183
powershell_benign_dataset,92.ps1,0,3,0.011418562512993766,0.0033333333333333335,9.111404799717243e-09,0.0019073851872235537,0.002620359260278444
powershell_benign_dataset,920.ps1,0,0,0.025775904828557468,0.006666666666666667,4.4749771091025645e-08,0.01142400223761797,0.009045334452142319
powershell_benign_dataset,921.ps1,0,2,0.002437015694207506,0.0,2.078382199005376e-08,0.002321783686056733,0.0011608918430283666
powershell_benign_dataset,922.ps1,0,3,0.00930463809662592,0.0033333333333333335,4.201911702538148e-08,0.00264441198669374,0.002988872660013537
powershell_benign_dataset,923.ps1,0,0,0.03400682189047694,0.0033333333333333335,6.733191667589473e-08,0.02272593043744564,0.013029631885389487
powershell_benign_dataset,924.ps1,0,3,0.04984595879636656,0.0,2.5491878174047714e-07,0.003709361655637622,0.001854680827818811
powershell_benign_dataset,925.ps1,0,2,0.0020764940545083717,0.0033333333333333335,4.7056580585917585e-08,0.003389061661437154,0.003361197497385244
powershell_benign_dataset,927.ps1,0,4,0.012300598747913722,0.01,5.897869724875099e-08,0.005513664800673723,0.007756832400336862
powershell_benign_dataset,928.ps1,0,2,0.006801106969835048,0.0,3.891708653528905e-08,0.003488807938992977,0.0017444039694964886
powershell_benign_dataset,929.ps1,0,0,0.03598666051456154,0.01,2.6495704477633944e-08,0.017330674454569817,0.01366533722728491
powershell_benign_dataset,93.ps1,0,0,0.010150702761155999,0.0033333333333333335,6.080915783325926e-08,0.012417983263731003,0.007875658298532168
powershell_benign_dataset,930.ps1,0,2,0.005469271683825695,0.0033333333333333335,8.772542230946904e-09,0.00448564114049077,0.003909487236912052
powershell_benign_dataset,931.ps1,0,2,0.007594537912025331,0.0,5.145830284697811e-09,0.003619222203269601,0.0018096111016348004
powershell_benign_dataset,932.ps1,0,2,0.02888614726547491,0.023333333333333334,7.575520434378768e-08,0.0014624058967456222,0.012397869615039478
powershell_benign_dataset,933.ps1,0,0,0.12170757280505047,0.03333333333333333,4.205032340969321e-06,0.010249748826026917,0.021791541079680125
powershell_benign_dataset,934.ps1,0,4,0.015192554352651964,0.016666666666666666,8.537572418165972e-08,0.0014240640448406339,0.00904536535575365
powershell_benign_dataset,935.ps1,0,1,0.01570080904799908,0.02666666666666667,4.166647125301962e-07,0.003319182898849249,0.014992924782757959
powershell_benign_dataset,936.ps1,0,2,0.006892058223475056,0.006666666666666667,2.0102006339821682e-07,0.002363210543990135,0.004514938605328402
powershell_benign_dataset,937.ps1,0,0,0.11719943185776711,0.023333333333333334,3.275013957877035e-06,0.011558961123228073,0.017446147228280702
powershell_benign_dataset,938.ps1,0,1,0.022041264663293546,0.013333333333333334,3.889728188072578e-08,0.0023425305262207985,0.007837931929777067
powershell_benign_dataset,939.ps1,0,1,0.045186316883815615,0.016666666666666666,5.913485800325036e-07,0.001399025903083384,0.009032846284875025
powershell_benign_dataset,94.ps1,0,1,0.018311166893170548,0.0,3.316295815103734e-09,0.0019683262798935175,0.0009841631399467587
powershell_benign_dataset,940.ps1,0,2,0.014315044129819465,0.006666666666666667,1.1335659030527893e-07,0.0016075493767857552,0.0041371080217262116
powershell_benign_dataset,941.ps1,0,4,0.019368299573296003,0.0,7.235616560594827e-08,0.001334379892796278,0.000667189946398139
powershell_benign_dataset,942.ps1,0,0,0.023825214127600854,0.023333333333333334,1.8124209779080741e-06,0.009798179380595684,0.016565756356964507
powershell_benign_dataset,943.ps1,0,3,0.00836899795530898,0.013333333333333334,4.485072985644496e-07,0.0030896509997546673,0.008211492166544002
powershell_benign_dataset,944.ps1,0,0,0.107818053033852,0.023333333333333334,7.270150958217774e-07,0.008705822750926018,0.016019578042129674
powershell_benign_dataset,946.ps1,0,4,0.007317408526892767,0.0,1.4754985119803571e-08,0.0017452742904424667,0.0008726371452212334
powershell_benign_dataset,947.ps1,0,0,0.03202827862315011,0.02666666666666667,2.5055038746815437e-06,0.01560532208532095,0.02113599437599381
powershell_benign_dataset,948.ps1,0,1,0.013043194567217035,0.02666666666666667,3.2197790158231883e-07,0.0027192183770239353,0.014692942521845302
powershell_benign_dataset,949.ps1,0,0,0.1166075113662865,0.023333333333333334,3.2034031120572183e-06,0.013222896493971348,0.01827811491365234
powershell_benign_dataset,95.ps1,0,4,0.011682548186611113,0.0,7.2321494320410994e-09,0.003640678245574236,0.001820339122787118
powershell_benign_dataset,950.ps1,0,1,0.023009880218540297,0.013333333333333334,4.874681998137731e-08,0.0038371924310922623,0.008585262882212799
powershell_benign_dataset,951.ps1,0,3,0.005346510146773534,0.01,2.946891880157632e-07,0.004988388624042273,0.007494194312021136
powershell_benign_dataset,952.ps1,0,1,0.04290915677197423,0.01,5.825777846010943e-08,0.002260163426399231,0.006130081713199616
powershell_benign_dataset,953.ps1,0,2,0.006315563911450462,0.006666666666666667,2.472654208216282e-07,0.003385137300938368,0.005025901983802518
powershell_benign_dataset,954.ps1,0,3,0.0135736049161133,0.0,1.661166910162407e-08,0.0025968255940824747,0.0012984127970412374
powershell_benign_dataset,955.ps1,0,2,0.005560152092742327,0.0,1.8834690341217815e-06,0.002694425405934453,0.0013472127029672265
powershell_benign_dataset,956.ps1,0,0,0.032539887458278925,0.03333333333333333,1.8746772454608968e-05,0.015510381199419498,0.024421857266376416
powershell_benign_dataset,957.ps1,0,4,0.020320620356422438,0.0033333333333333335,6.906956028393069e-08,0.0013699111295863986,0.0023516222314598663
powershell_benign_dataset,958.ps1,0,0,0.009172073319660197,0.016666666666666666,1.1311130952482869e-07,0.01204997580498457,0.014358321235825618
powershell_benign_dataset,959.ps1,0,3,0.023246514344872342,0.0,1.407426226061091e-07,0.0022192513570189476,0.0011096256785094738
powershell_benign_dataset,96.ps1,0,2,0.01564242749791342,0.0,7.311502295210332e-09,0.0031052480917423964,0.0015526240458711982
powershell_benign_dataset,960.ps1,0,4,0.04562042470066733,0.01,1.0842721576046532e-06,0.0014337587635964155,0.005716879381798208
powershell_benign_dataset,961.ps1,0,0,0.021909177181753267,0.0,1.8999439064378112e-08,0.01970302127301693,0.009851510636508465
powershell_benign_dataset,962.ps1,0,2,0.03804069067719912,0.11,4.164131556053062e-06,0.003084058640524745,0.05654202932026237
powershell_benign_dataset,963.ps1,0,1,0.03340307685192684,0.0,2.0591228718829313e-07,0.006339414045214653,0.0031697070226073265
powershell_benign_dataset,964.ps1,0,2,0.07941637313087205,0.04666666666666667,2.825594240215062e-06,0.0047986796125769615,0.025732673139621815
powershell_benign_dataset,965.ps1,0,4,0.017982482715747143,0.006666666666666667,4.4041497100337875e-08,0.004520847927778959,0.005593757297222814
powershell_benign_dataset,966.ps1,0,2,0.0017007226299921518,0.01,2.1618239500737496e-07,0.003550402820110321,0.006775201410055161
powershell_benign_dataset,967.ps1,0,1,0.040568126089327375,0.006666666666666667,3.428275986794639e-08,0.00406484492123127,0.005365755793948969
powershell_benign_dataset,968.ps1,0,4,0.02503599840612446,0.08333333333333333,7.133749169508553e-08,0.0055556227453053,0.044444478039319314
powershell_benign_dataset,969.ps1,0,2,0.0018753610085906797,0.0,1.4615706530114504e-08,0.002125703264027834,0.001062851632013917
powershell_benign_dataset,97.ps1,0,0,0.0013951924833709721,0.0033333333333333335,3.6811017413434446e-08,0.008065160363912582,0.005699246848622958
powershell_benign_dataset,970.ps1,0,0,0.02094019268612,0.0,5.595693501493071e-08,0.011154653504490852,0.005577326752245426
powershell_benign_dataset,971.ps1,0,0,0.006010216443425423,0.0,1.9994612116960606e-07,0.012966419570147991,0.006483209785073996
powershell_benign_dataset,972.ps1,0,4,0.009993774886808757,0.0,4.273873640471203e-09,0.002120793564245105,0.0010603967821225524
powershell_benign_dataset,973.ps1,0,2,0.0010002274142795048,0.02666666666666667,6.864774114108248e-09,0.00403300067409873,0.0153498336703827
powershell_benign_dataset,974.ps1,0,1,0.015564600179289357,0.013333333333333334,4.721278511497267e-07,0.004097498022019863,0.0087154156776766
powershell_benign_dataset,975.ps1,0,3,0.014151971887911577,0.0,8.703188603260443e-08,0.002649592002853751,0.0013247960014268756
powershell_benign_dataset,976.ps1,0,4,0.008150839663530057,0.01,6.023587202701437e-09,0.00517868809401989,0.007589344047009945
powershell_benign_dataset,977.ps1,0,1,0.008726511221171506,0.0,5.255568019359675e-09,0.002448904560878873,0.0012244522804394364
powershell_benign_dataset,978.ps1,0,3,0.003271732728505922,0.0,9.267630215643982e-09,0.0017023602267727256,0.0008511801133863628
powershell_benign_dataset,979.ps1,0,0,0.0007240210150886504,0.03666666666666667,8.709571745207663e-09,0.016614286229014397,0.026640476447840532
powershell_benign_dataset,98.ps1,0,3,0.007640673876063682,0.0,6.062658105214925e-09,0.0028610876761376858,0.0014305438380688429
powershell_benign_dataset,980.ps1,0,3,0.009759207617908565,0.0,5.4729878767763576e-08,0.0017546946182847023,0.0008773473091423512
powershell_benign_dataset,981.ps1,0,4,0.002892685673859824,0.006666666666666667,9.963104240828365e-08,0.0037267066072672606,0.005196686636966964
powershell_benign_dataset,982.ps1,0,2,0.0027012319734161707,0.006666666666666667,1.14920590785098e-08,0.0022075630258768797,0.004437114846271774
powershell_benign_dataset,984.ps1,0,4,0.04534136452308012,0.03333333333333333,7.29810263870445e-06,0.003180271480232477,0.018256802406782905
powershell_benign_dataset,985.ps1,0,1,0.011526034288948387,0.0,2.0289284257898247e-08,0.005453325808048248,0.002726662904024124
powershell_benign_dataset,986.ps1,0,4,0.006735177416832565,0.0,8.036835008021346e-09,0.001696827937848866,0.000848413968924433
powershell_benign_dataset,987.ps1,0,3,0.0068158415906398465,0.0033333333333333335,1.122663703986572e-08,0.002097116783261299,0.0027152250582973166
powershell_benign_dataset,988.ps1,0,0,0.009735750117858485,0.0033333333333333335,3.9677487648482824e-08,0.00850827805697918,0.005920805695156257
powershell_benign_dataset,989.ps1,0,4,0.009886307028214964,0.0033333333333333335,1.2718219979371608e-05,0.007457684725522995,0.0053955090294281645
powershell_benign_dataset,99.ps1,0,3,0.004847251323558145,0.006666666666666667,2.300920227044044e-08,0.00225105881690979,0.004458862741788229
powershell_benign_dataset,990.ps1,0,2,0.00402887246478152,0.0,2.1321520426920136e-08,0.0024456786923110485,0.0012228393461555243
powershell_benign_dataset,991.ps1,0,0,0.017638821785902332,0.006666666666666667,7.171748890216945e-08,0.014884659089148045,0.010775662877907356
powershell_benign_dataset,993.ps1,0,1,0.009058051632872875,0.0,3.553469278576797e-08,0.002873743884265423,0.0014368719421327114
powershell_benign_dataset,994.ps1,0,1,0.022005207289290826,0.013333333333333334,6.107068580902406e-07,0.00499275978654623,0.009163046559939783
powershell_benign_dataset,995.ps1,0,1,0.011083656321161886,0.0,1.370869221017211e-07,0.003744399407878518,0.001872199703939259
powershell_benign_dataset,996.ps1,0,1,0.019577788734691164,0.0,4.871625359946329e-07,0.005339309107512236,0.002669654553756118
powershell_benign_dataset,997.ps1,0,4,0.007749427537087754,0.0,6.064981869142154e-08,0.0012826725142076612,0.0006413362571038306
powershell_benign_dataset,998.ps1,0,0,0.012587087351218294,0.0033333333333333335,4.0463080481824404e-08,0.013976138085126877,0.008654735709230105
powershell_benign_dataset,999.ps1,0,2,0.011427281418629111,0.0,2.308190987636917e-08,0.005098025780171156,0.002549012890085578
